2026-06-18 12:16:32,847 - INFO - [PracticeEngine] Returning cached topics hierarchy for student 3
2026-06-18 12:16:32,861 - INFO - [PracticeEngine] Returning cached topics hierarchy for student 3
2026-06-18 12:16:32,903 - INFO - [PracticeEngine] Returning cached topics hierarchy for student 3
2026-06-18 12:16:32,908 - INFO - [PracticeEngine] Returning cached topics hierarchy for student 3
2026-06-18 12:16:32,913 - INFO - [PracticeEngine] Returning cached topics hierarchy for student 3
2026-06-18 12:16:32,916 - INFO - [PracticeEngine] Returning cached topics hierarchy for student 3
2026-06-18 12:16:32,945 - INFO - [PracticeEngine] Returning cached topics hierarchy for student 3
2026-06-18 12:16:32,950 - INFO - [PracticeEngine] Returning cached topics hierarchy for student 3
2026-06-18 17:58:58,865 - WARNING - Failed to extract topics from documents: Error executing plan: Error sending backfill request to compactor: Error reading from metadata segment reader: error occurred while decoding column 0: mismatched types; Rust type `u64` (as SQL type `INTEGER`) is not compatible with SQL type `BLOB` 
2026-06-18 17:58:58,932 - WARNING - Failed to extract topics from documents: Error executing plan: Error sending backfill request to compactor: Error reading from metadata segment reader: error occurred while decoding column 0: mismatched types; Rust type `u64` (as SQL type `INTEGER`) is not compatible with SQL type `BLOB` 
2026-06-18 17:58:58,979 - WARNING - Failed to extract topics from documents: Error executing plan: Error sending backfill request to compactor: Error reading from metadata segment reader: error occurred while decoding column 0: mismatched types; Rust type `u64` (as SQL type `INTEGER`) is not compatible with SQL type `BLOB` 
2026-06-18 17:58:59,037 - WARNING - Failed to extract topics from documents: Error executing plan: Error sending backfill request to compactor: Error reading from metadata segment reader: error occurred while decoding column 0: mismatched types; Rust type `u64` (as SQL type `INTEGER`) is not compatible with SQL type `BLOB` 
2026-06-18 18:12:37,186 - ERROR - [PracticeEngine] Failed to save topics cache to disk: [Errno 13] Permission denied: '/home/galaxy/Desktop/Student_System/Backend/services/topics_cache.json'
2026-06-18 18:12:37,239 - INFO - [PracticeEngine] Returning cached topics hierarchy for student 3
2026-06-18 18:12:37,439 - INFO - [PracticeEngine] Returning cached topics hierarchy for student 3
2026-06-18 18:12:37,490 - INFO - [PracticeEngine] Returning cached topics hierarchy for student 3
2026-06-18 18:13:29,163 - ERROR - [PracticeEngine] Failed to save topics cache to disk: [Errno 13] Permission denied: '/home/galaxy/Desktop/Student_System/Backend/services/topics_cache.json'
2026-06-18 18:13:29,169 - INFO - [PracticeEngine] Returning cached topics hierarchy for student 3
2026-06-18 18:13:29,232 - INFO - [PracticeEngine] Returning cached topics hierarchy for student 3
2026-06-18 18:13:29,361 - INFO - [PracticeEngine] Returning cached topics hierarchy for student 3
2026-06-18 18:13:29,479 - INFO - [PracticeEngine] Returning cached topics hierarchy for student 3
2026-06-18 18:13:29,629 - INFO - [PracticeEngine] Returning cached topics hierarchy for student 3
2026-06-18 18:13:29,643 - INFO - [PracticeEngine] Returning cached topics hierarchy for student 3
2026-06-18 18:13:29,694 - INFO - [PracticeEngine] Returning cached topics hierarchy for student 3
2026-06-18 18:13:45,292 - INFO - [PracticeEngine] Returning cached topics hierarchy for student 3
2026-06-18 18:13:45,343 - INFO - [PracticeEngine] Returning cached topics hierarchy for student 3
2026-06-18 18:13:45,389 - INFO - [PracticeEngine] Returning cached topics hierarchy for student 3
2026-06-18 18:13:45,434 - INFO - [PracticeEngine] Returning cached topics hierarchy for student 3
2026-06-18 18:42:33,308 - INFO - [PracticeEngine] Returning cached topics hierarchy for student 3
2026-06-18 18:42:33,358 - INFO - [PracticeEngine] Returning cached topics hierarchy for student 3
2026-06-18 18:42:33,399 - INFO - [PracticeEngine] Returning cached topics hierarchy for student 3
2026-06-18 18:42:33,449 - INFO - [PracticeEngine] Returning cached topics hierarchy for student 3
2026-06-18 18:42:37,047 - INFO - [PracticeEngine] Returning cached topics hierarchy for student 3
2026-06-18 18:42:37,159 - INFO - [PracticeEngine] Returning cached topics hierarchy for student 3
2026-06-18 18:48:33,119 - ERROR - [PracticeEngine] Failed to save topics cache to disk: [Errno 13] Permission denied: '/home/galaxy/Desktop/Student_System/Backend/services/topics_cache.json'
2026-06-18 18:48:33,199 - INFO - [PracticeEngine] Returning cached topics hierarchy for student 3
2026-06-18 18:48:43,102 - INFO - [PracticeEngine] Returning cached topics hierarchy for student 3
2026-06-18 18:48:43,268 - INFO - [PracticeEngine] Returning cached topics hierarchy for student 3
2026-06-18 18:48:43,381 - INFO - [PracticeEngine] Returning cached topics hierarchy for student 3
2026-06-18 18:48:43,453 - INFO - [PracticeEngine] Returning cached topics hierarchy for student 3
2026-06-18 18:59:52,050 - INFO - [PracticeEngine] Returning cached topics hierarchy for student 3
2026-06-18 18:59:52,201 - INFO - [PracticeEngine] Returning cached topics hierarchy for student 3
2026-06-18 18:59:58,051 - INFO - [Practice] Starting session: mode=topic, topic=Operating Systems, difficulty=easy
2026-06-18 19:00:34,874 - INFO - [PracticeEngine] Returning cached topics hierarchy for student 3
2026-06-18 19:00:34,976 - INFO - [PracticeEngine] Returning cached topics hierarchy for student 3
2026-06-18 19:02:00,290 - INFO - [PracticeEngine] Returning cached topics hierarchy for student 3
2026-06-18 19:02:00,357 - INFO - [PracticeEngine] Returning cached topics hierarchy for student 3
2026-06-18 19:02:00,431 - INFO - [PracticeEngine] Returning cached topics hierarchy for student 3
2026-06-18 19:02:00,509 - INFO - [PracticeEngine] Returning cached topics hierarchy for student 3
2026-06-18 19:14:18,728 - INFO - [PracticeEngine] Returning cached topics hierarchy for student 3
2026-06-18 19:14:18,938 - INFO - [PracticeEngine] Returning cached topics hierarchy for student 3
2026-06-18 19:14:19,036 - INFO - [PracticeEngine] Returning cached topics hierarchy for student 3
2026-06-18 19:14:19,208 - INFO - [PracticeEngine] Returning cached topics hierarchy for student 3
2026-06-18 19:15:05,791 - INFO - [PracticeEngine] Returning cached topics hierarchy for student 3
2026-06-18 19:15:05,853 - INFO - [PracticeEngine] Returning cached topics hierarchy for student 3
2026-06-18 19:15:06,131 - INFO - [PracticeEngine] Returning cached topics hierarchy for student 3
2026-06-18 19:15:06,244 - INFO - [PracticeEngine] Returning cached topics hierarchy for student 3
2026-06-18 19:15:35,070 - INFO - [PracticeEngine] Returning cached topics hierarchy for student 3
2026-06-18 19:15:35,293 - INFO - [PracticeEngine] Returning cached topics hierarchy for student 3
2026-06-18 19:15:35,513 - INFO - [PracticeEngine] Returning cached topics hierarchy for student 3
2026-06-18 19:15:35,665 - INFO - [PracticeEngine] Returning cached topics hierarchy for student 3
2026-06-18 19:15:54,072 - INFO - [PracticeEngine] Returning cached topics hierarchy for student 3
2026-06-18 19:15:54,249 - INFO - [PracticeEngine] Returning cached topics hierarchy for student 3
2026-06-18 19:22:01,724 - INFO - [PracticeEngine] Returning cached topics hierarchy for student 3
2026-06-18 19:22:01,819 - INFO - [PracticeEngine] Returning cached topics hierarchy for student 3
2026-06-18 19:22:01,902 - INFO - [PracticeEngine] Returning cached topics hierarchy for student 3
2026-06-18 19:22:01,976 - INFO - [PracticeEngine] Returning cached topics hierarchy for student 3
2026-06-18 19:22:02,805 - INFO - [PracticeEngine] Returning cached topics hierarchy for student 3
2026-06-18 19:22:02,969 - INFO - [PracticeEngine] Returning cached topics hierarchy for student 3
2026-06-18 19:22:37,874 - INFO - [Practice] Starting session: mode=topic, topic=Digital Strategies, difficulty=easy
2026-06-18 21:25:45,788 - INFO - [PracticeEngine] Returning cached topics hierarchy for student 3
2026-06-18 21:25:45,892 - INFO - [PracticeEngine] Returning cached topics hierarchy for student 3
2026-06-18 21:25:58,310 - INFO - [PracticeEngine] Returning cached topics hierarchy for student 3
2026-06-18 21:25:58,360 - INFO - [PracticeEngine] Returning cached topics hierarchy for student 3
2026-06-18 21:25:58,401 - INFO - [PracticeEngine] Returning cached topics hierarchy for student 3
2026-06-18 21:25:58,453 - INFO - [PracticeEngine] Returning cached topics hierarchy for student 3
2026-06-18 21:35:46,019 - INFO - [PracticeEngine] Returning cached topics hierarchy for student 3
2026-06-18 21:35:46,071 - INFO - [PracticeEngine] Returning cached topics hierarchy for student 3
2026-06-18 21:35:46,140 - INFO - [PracticeEngine] Returning cached topics hierarchy for student 3
2026-06-18 21:35:46,194 - INFO - [PracticeEngine] Returning cached topics hierarchy for student 3
2026-06-18 21:36:45,335 - ERROR - [PracticeEngine] Failed to save topics cache to disk: [Errno 13] Permission denied: '/home/galaxy/Desktop/Student_System/Backend/services/topics_cache.json'
2026-06-18 21:36:45,390 - INFO - [PracticeEngine] Returning cached topics hierarchy for student 3
2026-06-18 21:36:45,438 - INFO - [PracticeEngine] Returning cached topics hierarchy for student 3
2026-06-18 21:36:45,489 - INFO - [PracticeEngine] Returning cached topics hierarchy for student 3
2026-06-18 21:36:45,542 - INFO - [PracticeEngine] Returning cached topics hierarchy for student 3
2026-06-18 21:36:45,621 - INFO - [PracticeEngine] Returning cached topics hierarchy for student 3
2026-06-18 21:37:10,646 - INFO - [PracticeEngine] Returning cached topics hierarchy for student 3
2026-06-18 21:37:10,738 - INFO - [PracticeEngine] Returning cached topics hierarchy for student 3
2026-06-18 21:37:10,844 - INFO - [PracticeEngine] Returning cached topics hierarchy for student 3
2026-06-18 21:37:10,899 - INFO - [PracticeEngine] Returning cached topics hierarchy for student 3
2026-06-18 21:39:53,772 - INFO - [PracticeEngine] Returning cached topics hierarchy for student 3
2026-06-18 21:39:53,855 - INFO - [PracticeEngine] Returning cached topics hierarchy for student 3
2026-06-18 21:39:53,901 - INFO - [PracticeEngine] Returning cached topics hierarchy for student 3
2026-06-18 21:39:53,947 - INFO - [PracticeEngine] Returning cached topics hierarchy for student 3
2026-06-18 21:40:00,548 - INFO - [PracticeEngine] Returning cached topics hierarchy for student 3
2026-06-18 21:40:00,603 - INFO - [PracticeEngine] Returning cached topics hierarchy for student 3
2026-06-18 21:40:00,856 - INFO - [PracticeEngine] Returning cached topics hierarchy for student 3
2026-06-18 21:40:00,917 - INFO - [PracticeEngine] Returning cached topics hierarchy for student 3
2026-06-18 21:40:27,185 - INFO - [PracticeEngine] Returning cached topics hierarchy for student 3
2026-06-18 21:40:27,233 - INFO - [PracticeEngine] Returning cached topics hierarchy for student 3
2026-06-18 21:40:27,443 - INFO - [PracticeEngine] Returning cached topics hierarchy for student 3
2026-06-18 21:40:27,508 - INFO - [PracticeEngine] Returning cached topics hierarchy for student 3
2026-06-18 21:44:37,545 - ERROR - [PracticeEngine] Failed to save topics cache to disk: [Errno 13] Permission denied: '/home/galaxy/Desktop/Student_System/Backend/services/topics_cache.json'
2026-06-18 21:44:37,603 - INFO - [PracticeEngine] Returning cached topics hierarchy for student 3
2026-06-18 21:44:37,654 - INFO - [PracticeEngine] Returning cached topics hierarchy for student 3
2026-06-18 21:44:37,697 - INFO - [PracticeEngine] Returning cached topics hierarchy for student 3
2026-06-18 21:44:45,364 - INFO - [PracticeEngine] Returning cached topics hierarchy for student 3
2026-06-18 21:44:45,427 - INFO - [PracticeEngine] Returning cached topics hierarchy for student 3
2026-06-18 21:44:45,694 - INFO - [PracticeEngine] Returning cached topics hierarchy for student 3
2026-06-18 21:44:45,754 - INFO - [PracticeEngine] Returning cached topics hierarchy for student 3
2026-06-18 21:45:04,976 - INFO - [PracticeEngine] Returning cached topics hierarchy for student 3
2026-06-18 21:45:05,055 - INFO - [PracticeEngine] Returning cached topics hierarchy for student 3
2026-06-18 21:45:05,130 - INFO - [PracticeEngine] Returning cached topics hierarchy for student 3
2026-06-18 21:45:05,197 - INFO - [PracticeEngine] Returning cached topics hierarchy for student 3
2026-06-18 21:45:18,686 - INFO - [PracticeEngine] Returning cached topics hierarchy for student 3
2026-06-18 21:45:18,732 - INFO - [PracticeEngine] Returning cached topics hierarchy for student 3
2026-06-18 21:45:18,779 - INFO - [PracticeEngine] Returning cached topics hierarchy for student 3
2026-06-18 21:45:18,825 - INFO - [PracticeEngine] Returning cached topics hierarchy for student 3
2026-06-18 21:45:23,934 - INFO - [PracticeEngine] Returning cached topics hierarchy for student 3
2026-06-18 21:45:24,062 - INFO - [PracticeEngine] Returning cached topics hierarchy for student 3
2026-06-18 21:46:49,908 - INFO - [PracticeEngine] Returning cached topics hierarchy for student 3
2026-06-18 21:46:50,113 - INFO - [PracticeEngine] Returning cached topics hierarchy for student 3
2026-06-18 21:47:07,761 - INFO - [PracticeEngine] Returning cached topics hierarchy for student 3
2026-06-18 21:47:07,841 - INFO - [PracticeEngine] Returning cached topics hierarchy for student 3
2026-06-18 21:47:07,890 - INFO - [PracticeEngine] Returning cached topics hierarchy for student 3
2026-06-18 21:47:07,944 - INFO - [PracticeEngine] Returning cached topics hierarchy for student 3
2026-06-18 21:48:24,163 - INFO - [PracticeEngine] Returning cached topics hierarchy for student 3
2026-06-18 21:48:24,224 - INFO - [PracticeEngine] Returning cached topics hierarchy for student 3
2026-06-18 21:48:24,435 - INFO - [PracticeEngine] Returning cached topics hierarchy for student 3
2026-06-18 21:48:24,494 - INFO - [PracticeEngine] Returning cached topics hierarchy for student 3
2026-06-18 21:49:08,379 - INFO - [PracticeEngine] Returning cached topics hierarchy for student 3
2026-06-18 21:49:08,441 - INFO - [PracticeEngine] Returning cached topics hierarchy for student 3
2026-06-18 21:49:08,591 - INFO - [PracticeEngine] Returning cached topics hierarchy for student 3
2026-06-18 21:49:08,641 - INFO - [PracticeEngine] Returning cached topics hierarchy for student 3
2026-06-18 21:49:16,151 - INFO - [PracticeEngine] Returning cached topics hierarchy for student 3
2026-06-18 21:49:16,202 - INFO - [PracticeEngine] Returning cached topics hierarchy for student 3
2026-06-18 21:49:16,344 - INFO - [PracticeEngine] Returning cached topics hierarchy for student 3
2026-06-18 21:49:16,400 - INFO - [PracticeEngine] Returning cached topics hierarchy for student 3
2026-06-18 21:49:24,628 - INFO - [PracticeEngine] Returning cached topics hierarchy for student 3
2026-06-18 21:49:24,726 - INFO - [PracticeEngine] Returning cached topics hierarchy for student 3
2026-06-18 21:49:25,260 - INFO - [PracticeEngine] Returning cached topics hierarchy for student 3
2026-06-18 21:49:25,318 - INFO - [PracticeEngine] Returning cached topics hierarchy for student 3
2026-06-18 21:53:02,749 - INFO - [PracticeEngine] Returning cached topics hierarchy for student 3
2026-06-18 21:53:02,844 - INFO - [PracticeEngine] Returning cached topics hierarchy for student 3
2026-06-18 21:53:02,967 - INFO - [PracticeEngine] Returning cached topics hierarchy for student 3
2026-06-18 21:53:03,066 - INFO - [PracticeEngine] Returning cached topics hierarchy for student 3
2026-06-18 21:55:24,105 - INFO - [PracticeEngine] Returning cached topics hierarchy for student 3
2026-06-18 21:55:24,155 - INFO - [PracticeEngine] Returning cached topics hierarchy for student 3
2026-06-18 21:55:24,229 - INFO - [PracticeEngine] Returning cached topics hierarchy for student 3
2026-06-18 21:55:24,271 - INFO - [PracticeEngine] Returning cached topics hierarchy for student 3
2026-06-18 21:55:53,237 - INFO - [PracticeEngine] Returning cached topics hierarchy for student 3
2026-06-18 21:55:53,367 - INFO - [PracticeEngine] Returning cached topics hierarchy for student 3
2026-06-18 21:56:17,587 - INFO - [Practice] Starting session: mode=topic, topic=Web Development Basics, difficulty=easy
2026-06-18 21:56:54,525 - INFO - [PracticeEngine] Returning cached topics hierarchy for student 3
2026-06-18 21:56:54,569 - INFO - [PracticeEngine] Returning cached topics hierarchy for student 3
2026-06-18 21:56:54,614 - INFO - [PracticeEngine] Returning cached topics hierarchy for student 3
2026-06-18 21:56:54,668 - INFO - [PracticeEngine] Returning cached topics hierarchy for student 3
2026-06-18 21:57:23,260 - INFO - [PracticeEngine] Returning cached topics hierarchy for student 3
2026-06-18 21:57:23,315 - INFO - [PracticeEngine] Returning cached topics hierarchy for student 3
2026-06-18 21:57:23,437 - INFO - [PracticeEngine] Returning cached topics hierarchy for student 3
2026-06-18 21:57:23,487 - INFO - [PracticeEngine] Returning cached topics hierarchy for student 3
2026-06-18 21:57:47,177 - INFO - [PracticeEngine] Returning cached topics hierarchy for student 3
2026-06-18 21:57:47,258 - INFO - [PracticeEngine] Returning cached topics hierarchy for student 3
2026-06-18 21:57:47,531 - INFO - [PracticeEngine] Returning cached topics hierarchy for student 3
2026-06-18 21:57:47,665 - INFO - [PracticeEngine] Returning cached topics hierarchy for student 3
2026-06-18 22:10:34,037 - ERROR - [PracticeEngine] Failed to save topics cache to disk: [Errno 13] Permission denied: '/home/galaxy/Desktop/Student_System/Backend/services/topics_cache.json'
2026-06-18 22:10:34,183 - INFO - [PracticeEngine] Returning cached topics hierarchy for student 3
2026-06-18 22:10:34,230 - INFO - [PracticeEngine] Returning cached topics hierarchy for student 3
2026-06-18 22:10:34,284 - INFO - [PracticeEngine] Returning cached topics hierarchy for student 3
2026-06-18 22:10:44,416 - INFO - [PracticeEngine] Returning cached topics hierarchy for student 3
2026-06-18 22:10:44,776 - INFO - [PracticeEngine] Returning cached topics hierarchy for student 3
2026-06-18 22:10:44,895 - INFO - [PracticeEngine] Returning cached topics hierarchy for student 3
2026-06-18 22:10:44,948 - INFO - [PracticeEngine] Returning cached topics hierarchy for student 3
2026-06-18 22:11:07,432 - INFO - [PracticeEngine] Returning cached topics hierarchy for student 3
2026-06-18 22:11:07,496 - INFO - [PracticeEngine] Returning cached topics hierarchy for student 3
2026-06-18 22:11:07,547 - INFO - [PracticeEngine] Returning cached topics hierarchy for student 3
2026-06-18 22:11:07,616 - INFO - [PracticeEngine] Returning cached topics hierarchy for student 3
2026-06-18 22:11:09,226 - INFO - [PracticeEngine] Returning cached topics hierarchy for student 3
2026-06-18 22:11:09,382 - INFO - [PracticeEngine] Returning cached topics hierarchy for student 3
2026-06-18 22:11:10,641 - INFO - [PracticeEngine] Returning cached topics hierarchy for student 3
2026-06-18 22:11:10,702 - INFO - [PracticeEngine] Returning cached topics hierarchy for student 3
2026-06-18 22:11:10,756 - INFO - [PracticeEngine] Returning cached topics hierarchy for student 3
2026-06-18 22:11:10,831 - INFO - [PracticeEngine] Returning cached topics hierarchy for student 3
2026-06-18 22:20:18,865 - ERROR - [PracticeEngine] Failed to save topics cache to disk: [Errno 13] Permission denied: '/home/galaxy/Desktop/Student_System/Backend/services/topics_cache.json'
2026-06-18 22:20:18,919 - INFO - [PracticeEngine] Returning cached topics hierarchy for student 3
2026-06-18 22:20:19,129 - INFO - [PracticeEngine] Returning cached topics hierarchy for student 3
2026-06-18 22:20:19,179 - INFO - [PracticeEngine] Returning cached topics hierarchy for student 3
2026-06-18 22:20:19,316 - INFO - [PracticeEngine] Returning cached topics hierarchy for student 3
2026-06-18 22:20:19,361 - INFO - [PracticeEngine] Returning cached topics hierarchy for student 3
2026-06-18 22:20:26,496 - INFO - [PracticeEngine] Returning cached topics hierarchy for student 3
2026-06-18 22:20:26,552 - INFO - [PracticeEngine] Returning cached topics hierarchy for student 3
2026-06-18 22:20:26,667 - INFO - [PracticeEngine] Returning cached topics hierarchy for student 3
2026-06-18 22:20:26,711 - INFO - [PracticeEngine] Returning cached topics hierarchy for student 3
2026-06-18 22:33:22,006 - INFO - [PracticeEngine] Returning cached topics hierarchy for student 3
2026-06-18 22:33:22,057 - INFO - [PracticeEngine] Returning cached topics hierarchy for student 3
2026-06-18 22:33:22,149 - INFO - [PracticeEngine] Returning cached topics hierarchy for student 3
2026-06-18 22:33:22,199 - INFO - [PracticeEngine] Returning cached topics hierarchy for student 3
2026-06-18 22:33:26,930 - INFO - [PracticeEngine] Returning cached topics hierarchy for student 3
2026-06-18 22:33:26,979 - INFO - [PracticeEngine] Returning cached topics hierarchy for student 3
2026-06-18 22:33:27,213 - INFO - [PracticeEngine] Returning cached topics hierarchy for student 3
2026-06-18 22:33:27,277 - INFO - [PracticeEngine] Returning cached topics hierarchy for student 3
2026-06-18 22:33:34,340 - INFO - [PracticeEngine] Returning cached topics hierarchy for student 3
2026-06-18 22:33:34,391 - INFO - [PracticeEngine] Returning cached topics hierarchy for student 3
2026-06-18 22:33:34,847 - INFO - [PracticeEngine] Returning cached topics hierarchy for student 3
2026-06-18 22:33:34,908 - INFO - [PracticeEngine] Returning cached topics hierarchy for student 3
2026-06-18 22:33:42,293 - INFO - [PracticeEngine] Returning cached topics hierarchy for student 3
2026-06-18 22:33:42,389 - INFO - [PracticeEngine] Returning cached topics hierarchy for student 3
2026-06-18 22:33:42,455 - INFO - [PracticeEngine] Returning cached topics hierarchy for student 3
2026-06-18 22:33:42,506 - INFO - [PracticeEngine] Returning cached topics hierarchy for student 3
2026-06-18 22:34:00,444 - INFO - [PracticeEngine] Returning cached topics hierarchy for student 3
2026-06-18 22:34:00,495 - INFO - [PracticeEngine] Returning cached topics hierarchy for student 3
2026-06-18 22:34:00,551 - INFO - [PracticeEngine] Returning cached topics hierarchy for student 3
2026-06-18 22:34:00,611 - INFO - [PracticeEngine] Returning cached topics hierarchy for student 3
2026-06-18 22:40:36,027 - INFO - [PracticeEngine] Returning cached topics hierarchy for student 3
2026-06-18 22:40:49,336 - INFO - [PracticeEngine] Returning cached topics hierarchy for student 3
2026-06-18 22:41:51,121 - ERROR - [PracticeEngine] Failed to save topics cache to disk: [Errno 13] Permission denied: '/home/galaxy/Desktop/Student_System/Backend/services/topics_cache.json'
2026-06-18 22:43:19,465 - ERROR - [PracticeEngine] Failed to save topics cache to disk: [Errno 13] Permission denied: '/home/galaxy/Desktop/Student_System/Backend/services/topics_cache.json'
2026-06-18 22:43:19,517 - INFO - [PracticeEngine] Returning cached topics hierarchy for student 3
2026-06-18 22:43:25,775 - INFO - [PracticeEngine] Returning cached topics hierarchy for student 3
2026-06-18 22:43:25,826 - INFO - [PracticeEngine] Returning cached topics hierarchy for student 3
2026-06-18 22:43:25,873 - INFO - [PracticeEngine] Returning cached topics hierarchy for student 3
2026-06-18 22:43:25,920 - INFO - [PracticeEngine] Returning cached topics hierarchy for student 3
2026-06-18 22:43:28,075 - INFO - [PracticeEngine] Returning cached topics hierarchy for student 3
2026-06-18 22:43:28,125 - INFO - [PracticeEngine] Returning cached topics hierarchy for student 3
2026-06-18 22:43:28,193 - INFO - [PracticeEngine] Returning cached topics hierarchy for student 3
2026-06-18 22:43:28,240 - INFO - [PracticeEngine] Returning cached topics hierarchy for student 3
2026-06-18 22:43:32,040 - INFO - [PracticeEngine] Returning cached topics hierarchy for student 3
2026-06-18 22:43:32,084 - INFO - [PracticeEngine] Returning cached topics hierarchy for student 3
2026-06-18 22:43:32,334 - INFO - [PracticeEngine] Returning cached topics hierarchy for student 3
2026-06-18 22:43:32,383 - INFO - [PracticeEngine] Returning cached topics hierarchy for student 3
2026-06-18 22:43:36,831 - INFO - [PracticeEngine] Returning cached topics hierarchy for student 3
2026-06-18 22:43:36,875 - INFO - [PracticeEngine] Returning cached topics hierarchy for student 3
2026-06-18 22:43:36,941 - INFO - [PracticeEngine] Returning cached topics hierarchy for student 3
2026-06-18 22:43:36,988 - INFO - [PracticeEngine] Returning cached topics hierarchy for student 3
2026-06-18 22:43:45,506 - INFO - [PracticeEngine] Returning cached topics hierarchy for student 3
2026-06-18 22:43:45,591 - INFO - [PracticeEngine] Returning cached topics hierarchy for student 3
2026-06-18 22:43:45,793 - INFO - [PracticeEngine] Returning cached topics hierarchy for student 3
2026-06-18 22:43:45,846 - INFO - [PracticeEngine] Returning cached topics hierarchy for student 3
2026-06-18 22:44:01,430 - INFO - [PracticeEngine] Returning cached topics hierarchy for student 3
2026-06-18 22:44:01,505 - INFO - [PracticeEngine] Returning cached topics hierarchy for student 3
2026-06-18 22:44:01,588 - INFO - [PracticeEngine] Returning cached topics hierarchy for student 3
2026-06-18 22:44:01,649 - INFO - [PracticeEngine] Returning cached topics hierarchy for student 3
2026-06-18 22:44:08,353 - INFO - [PracticeEngine] Returning cached topics hierarchy for student 3
2026-06-18 22:44:08,406 - INFO - [PracticeEngine] Returning cached topics hierarchy for student 3
2026-06-18 22:44:08,474 - INFO - [PracticeEngine] Returning cached topics hierarchy for student 3
2026-06-18 22:44:08,525 - INFO - [PracticeEngine] Returning cached topics hierarchy for student 3
2026-06-18 22:46:05,120 - INFO - [PracticeEngine] Returning cached topics hierarchy for student 3
2026-06-18 22:46:06,392 - INFO - [PracticeEngine] Returning cached topics hierarchy for student 3
2026-06-18 22:46:06,445 - INFO - [PracticeEngine] Returning cached topics hierarchy for student 3
2026-06-18 22:46:06,537 - INFO - [PracticeEngine] Returning cached topics hierarchy for student 3
2026-06-18 22:46:06,586 - INFO - [PracticeEngine] Returning cached topics hierarchy for student 3
2026-06-18 22:47:47,616 - INFO - [PracticeEngine] Returning cached topics hierarchy for student 3
2026-06-18 22:47:47,665 - INFO - [PracticeEngine] Returning cached topics hierarchy for student 3
2026-06-18 22:47:47,713 - INFO - [PracticeEngine] Returning cached topics hierarchy for student 3
2026-06-18 22:47:47,764 - INFO - [PracticeEngine] Returning cached topics hierarchy for student 3
2026-06-18 22:48:01,689 - INFO - [PracticeEngine] Returning cached topics hierarchy for student 3
2026-06-18 22:48:01,740 - INFO - [PracticeEngine] Returning cached topics hierarchy for student 3
2026-06-18 22:48:01,801 - INFO - [PracticeEngine] Returning cached topics hierarchy for student 3
2026-06-18 22:48:01,848 - INFO - [PracticeEngine] Returning cached topics hierarchy for student 3
2026-06-18 22:48:28,037 - INFO - [PracticeEngine] Returning cached topics hierarchy for student 3
2026-06-18 22:48:28,090 - INFO - [PracticeEngine] Returning cached topics hierarchy for student 3
2026-06-18 22:48:28,173 - INFO - [PracticeEngine] Returning cached topics hierarchy for student 3
2026-06-18 22:48:28,251 - INFO - [PracticeEngine] Returning cached topics hierarchy for student 3
2026-06-18 22:49:55,779 - INFO - [PracticeEngine] Returning cached topics hierarchy for student 3
2026-06-18 22:49:55,893 - INFO - [PracticeEngine] Returning cached topics hierarchy for student 3
2026-06-18 22:49:55,938 - INFO - [PracticeEngine] Returning cached topics hierarchy for student 3
2026-06-18 22:51:51,768 - INFO - [PracticeEngine] Returning cached topics hierarchy for student 3
2026-06-18 22:51:51,812 - INFO - [PracticeEngine] Returning cached topics hierarchy for student 3
2026-06-18 22:51:51,875 - INFO - [PracticeEngine] Returning cached topics hierarchy for student 3
2026-06-18 22:51:51,919 - INFO - [PracticeEngine] Returning cached topics hierarchy for student 3
2026-06-18 22:52:14,461 - INFO - [PracticeEngine] Returning cached topics hierarchy for student 3
2026-06-18 22:52:14,607 - INFO - [PracticeEngine] Returning cached topics hierarchy for student 3
2026-06-18 22:52:17,698 - INFO - [PracticeEngine] Returning cached topics hierarchy for student 3
2026-06-18 22:52:17,754 - INFO - [PracticeEngine] Returning cached topics hierarchy for student 3
2026-06-18 22:52:17,803 - INFO - [PracticeEngine] Returning cached topics hierarchy for student 3
2026-06-18 22:52:17,848 - INFO - [PracticeEngine] Returning cached topics hierarchy for student 3
2026-06-18 22:52:21,102 - INFO - [PracticeEngine] Returning cached topics hierarchy for student 3
2026-06-18 22:52:21,144 - INFO - [PracticeEngine] Returning cached topics hierarchy for student 3
2026-06-18 22:52:26,533 - INFO - [PracticeEngine] Returning cached topics hierarchy for student 3
2026-06-18 22:52:26,576 - INFO - [PracticeEngine] Returning cached topics hierarchy for student 3
2026-06-18 22:52:31,638 - INFO - [PracticeEngine] Returning cached topics hierarchy for student 3
2026-06-18 22:52:31,684 - INFO - [PracticeEngine] Returning cached topics hierarchy for student 3
2026-06-18 22:53:28,324 - INFO - [PracticeEngine] Returning cached topics hierarchy for student 3
2026-06-18 22:53:28,451 - INFO - [PracticeEngine] Returning cached topics hierarchy for student 3
2026-06-18 22:56:34,572 - INFO - [Practice] Starting session: mode=topic, topic=Decorators and Context Managers, difficulty=easy
2026-06-18 22:57:12,208 - INFO - [PracticeEngine] Returning cached topics hierarchy for student 3
2026-06-18 22:57:12,256 - INFO - [PracticeEngine] Returning cached topics hierarchy for student 3
2026-06-18 22:57:12,298 - INFO - [PracticeEngine] Returning cached topics hierarchy for student 3
2026-06-18 22:57:12,340 - INFO - [PracticeEngine] Returning cached topics hierarchy for student 3
2026-06-18 22:57:40,671 - INFO - [PracticeEngine] Returning cached topics hierarchy for student 3
2026-06-18 22:57:40,796 - INFO - [PracticeEngine] Returning cached topics hierarchy for student 3
2026-06-18 23:01:42,329 - ERROR - [PracticeEngine] Failed to save topics cache to disk: [Errno 13] Permission denied: '/home/galaxy/Desktop/Student_System/Backend/services/topics_cache.json'
2026-06-18 23:01:42,350 - INFO - [PracticeEngine] Returning cached topics hierarchy for student 3
2026-06-18 23:01:42,387 - INFO - [PracticeEngine] Returning cached topics hierarchy for student 3
2026-06-18 23:01:42,483 - INFO - [PracticeEngine] Returning cached topics hierarchy for student 3
2026-06-18 23:01:42,534 - INFO - [PracticeEngine] Returning cached topics hierarchy for student 3
2026-06-18 23:01:42,581 - INFO - [PracticeEngine] Returning cached topics hierarchy for student 3
2026-06-18 23:01:49,635 - INFO - [PracticeEngine] Returning cached topics hierarchy for student 3
2026-06-18 23:01:49,681 - INFO - [PracticeEngine] Returning cached topics hierarchy for student 3
2026-06-18 23:01:51,330 - INFO - [PracticeEngine] Returning cached topics hierarchy for student 3
2026-06-18 23:01:51,375 - INFO - [PracticeEngine] Returning cached topics hierarchy for student 3
2026-06-18 23:01:54,614 - INFO - [PracticeEngine] Returning cached topics hierarchy for student 3
2026-06-18 23:01:54,662 - INFO - [PracticeEngine] Returning cached topics hierarchy for student 3
2026-06-18 23:01:58,742 - INFO - [PracticeEngine] Returning cached topics hierarchy for student 3
2026-06-18 23:01:58,784 - INFO - [PracticeEngine] Returning cached topics hierarchy for student 3
2026-06-18 23:02:19,144 - INFO - [PracticeEngine] Returning cached topics hierarchy for student 3
2026-06-18 23:02:19,226 - INFO - [PracticeEngine] Returning cached topics hierarchy for student 3
2026-06-18 23:02:24,140 - INFO - [PracticeEngine] Returning cached topics hierarchy for student 3
2026-06-18 23:02:24,182 - INFO - [PracticeEngine] Returning cached topics hierarchy for student 3
2026-06-18 23:02:30,496 - INFO - [PracticeEngine] Returning cached topics hierarchy for student 3
2026-06-18 23:02:30,542 - INFO - [PracticeEngine] Returning cached topics hierarchy for student 3
2026-06-18 23:03:29,489 - INFO - [PracticeEngine] Returning cached topics hierarchy for student 3
2026-06-18 23:03:29,607 - INFO - [PracticeEngine] Returning cached topics hierarchy for student 3
2026-06-18 23:03:34,948 - INFO - [PracticeEngine] Returning cached topics hierarchy for student 3
2026-06-18 23:03:34,992 - INFO - [PracticeEngine] Returning cached topics hierarchy for student 3
2026-06-18 23:03:35,036 - INFO - [PracticeEngine] Returning cached topics hierarchy for student 3
2026-06-18 23:03:35,100 - INFO - [PracticeEngine] Returning cached topics hierarchy for student 3
2026-06-18 23:03:43,539 - INFO - [PracticeEngine] Returning cached topics hierarchy for student 3
2026-06-18 23:03:43,632 - INFO - [PracticeEngine] Returning cached topics hierarchy for student 3
2026-06-18 23:11:00,862 - ERROR - [PracticeEngine] Failed to save topics cache to disk: [Errno 13] Permission denied: '/home/galaxy/Desktop/Student_System/Backend/services/topics_cache.json'
2026-06-18 23:11:00,913 - INFO - [PracticeEngine] Returning cached topics hierarchy for student 3
2026-06-18 23:11:00,972 - INFO - [PracticeEngine] Returning cached topics hierarchy for student 3
2026-06-18 23:11:01,026 - INFO - [PracticeEngine] Returning cached topics hierarchy for student 3
2026-06-18 23:12:25,319 - INFO - [PracticeEngine] Returning cached topics hierarchy for student 3
2026-06-18 23:12:25,366 - INFO - [PracticeEngine] Returning cached topics hierarchy for student 3
2026-06-18 23:12:25,417 - INFO - [PracticeEngine] Returning cached topics hierarchy for student 3
2026-06-18 23:12:25,461 - INFO - [PracticeEngine] Returning cached topics hierarchy for student 3
2026-06-18 23:12:32,753 - INFO - [PracticeEngine] Returning cached topics hierarchy for student 3
2026-06-18 23:12:32,879 - INFO - [PracticeEngine] Returning cached topics hierarchy for student 3
2026-06-18 23:14:53,982 - INFO - [PracticeEngine] Returning cached topics hierarchy for student 3
2026-06-18 23:14:54,025 - INFO - [PracticeEngine] Returning cached topics hierarchy for student 3
2026-06-18 23:14:54,069 - INFO - [PracticeEngine] Returning cached topics hierarchy for student 3
2026-06-18 23:14:54,110 - INFO - [PracticeEngine] Returning cached topics hierarchy for student 3
2026-06-18 23:16:36,602 - ERROR - [PracticeEngine] Failed to save topics cache to disk: [Errno 13] Permission denied: '/home/galaxy/Desktop/Student_System/Backend/services/topics_cache.json'
2026-06-18 23:16:36,656 - INFO - [PracticeEngine] Returning cached topics hierarchy for student 3
2026-06-18 23:18:03,935 - INFO - [PracticeEngine] Returning cached topics hierarchy for student 3
2026-06-18 23:18:04,080 - INFO - [PracticeEngine] Returning cached topics hierarchy for student 3
2026-06-18 23:18:35,256 - INFO - [Practice] Starting session: mode=topic, topic=Decorators and Context Managers, difficulty=easy
2026-06-18 23:19:09,265 - INFO - [PracticeEngine] Returning cached topics hierarchy for student 3
2026-06-18 23:19:09,310 - INFO - [PracticeEngine] Returning cached topics hierarchy for student 3
2026-06-18 23:19:09,359 - INFO - [PracticeEngine] Returning cached topics hierarchy for student 3
2026-06-18 23:19:09,406 - INFO - [PracticeEngine] Returning cached topics hierarchy for student 3
2026-06-18 23:31:17,536 - INFO - [PracticeEngine] Returning cached topics hierarchy for student 3
2026-06-18 23:31:17,623 - INFO - [PracticeEngine] Returning cached topics hierarchy for student 3
2026-06-18 23:31:17,664 - INFO - [PracticeEngine] Returning cached topics hierarchy for student 3
2026-06-18 23:33:39,403 - ERROR - [PracticeEngine] Failed to save topics cache to disk: [Errno 13] Permission denied: '/home/galaxy/Desktop/Student_System/Backend/services/topics_cache.json'
2026-06-18 23:33:39,457 - INFO - [PracticeEngine] Returning cached topics hierarchy for student 3
2026-06-18 23:33:41,191 - INFO - [PracticeEngine] Returning cached topics hierarchy for student 3
2026-06-18 23:33:41,235 - INFO - [PracticeEngine] Returning cached topics hierarchy for student 3
2026-06-18 23:33:41,284 - INFO - [PracticeEngine] Returning cached topics hierarchy for student 3
2026-06-18 23:33:41,326 - INFO - [PracticeEngine] Returning cached topics hierarchy for student 3
2026-06-18 23:34:15,980 - INFO - [PracticeEngine] Returning cached topics hierarchy for student 3
2026-06-18 23:34:16,040 - INFO - [PracticeEngine] Returning cached topics hierarchy for student 3
2026-06-18 23:34:27,223 - INFO - [PracticeEngine] Returning cached topics hierarchy for student 3
2026-06-18 23:34:27,267 - INFO - [PracticeEngine] Returning cached topics hierarchy for student 3
2026-06-18 23:34:32,091 - INFO - [PracticeEngine] Returning cached topics hierarchy for student 3
2026-06-18 23:34:32,133 - INFO - [PracticeEngine] Returning cached topics hierarchy for student 3
2026-06-18 23:34:33,965 - INFO - [PracticeEngine] Returning cached topics hierarchy for student 3
2026-06-18 23:34:34,013 - INFO - [PracticeEngine] Returning cached topics hierarchy for student 3
2026-06-18 23:34:38,523 - INFO - [PracticeEngine] Returning cached topics hierarchy for student 3
2026-06-18 23:34:38,566 - INFO - [PracticeEngine] Returning cached topics hierarchy for student 3
2026-06-18 23:34:50,251 - INFO - [PracticeEngine] Returning cached topics hierarchy for student 3
2026-06-18 23:34:50,298 - INFO - [PracticeEngine] Returning cached topics hierarchy for student 3
2026-06-18 23:34:55,123 - INFO - [PracticeEngine] Returning cached topics hierarchy for student 3
2026-06-18 23:34:55,170 - INFO - [PracticeEngine] Returning cached topics hierarchy for student 3
2026-06-18 23:34:58,606 - INFO - [PracticeEngine] Returning cached topics hierarchy for student 3
2026-06-18 23:34:58,756 - INFO - [PracticeEngine] Returning cached topics hierarchy for student 3
2026-06-18 23:35:07,122 - INFO - [Practice] Starting session: mode=topic, topic=Decorators and Context Managers, difficulty=easy
2026-06-18 23:35:45,974 - INFO - [PracticeEngine] Returning cached topics hierarchy for student 3
2026-06-18 23:35:46,018 - INFO - [PracticeEngine] Returning cached topics hierarchy for student 3
2026-06-18 23:35:46,059 - INFO - [PracticeEngine] Returning cached topics hierarchy for student 3
2026-06-18 23:35:46,102 - INFO - [PracticeEngine] Returning cached topics hierarchy for student 3
2026-06-19 12:05:12,330 - ERROR - [PracticeEngine] Failed to save topics cache to disk: [Errno 13] Permission denied: '/home/galaxy/Desktop/Student_System/Backend/services/topics_cache.json'
2026-06-19 12:05:12,409 - INFO - [PracticeEngine] Returning cached topics hierarchy for student 3
2026-06-19 12:05:12,500 - INFO - [PracticeEngine] Returning cached topics hierarchy for student 3
2026-06-19 12:05:12,571 - INFO - [PracticeEngine] Returning cached topics hierarchy for student 3
2026-06-19 12:08:05,304 - INFO - [PracticeEngine] Returning cached topics hierarchy for student 3
2026-06-19 12:08:05,479 - INFO - [PracticeEngine] Returning cached topics hierarchy for student 3
2026-06-19 12:10:30,227 - INFO - [PracticeEngine] Returning cached topics hierarchy for student 3
2026-06-19 12:11:18,153 - INFO - [PracticeEngine] Returning cached topics hierarchy for student 3
2026-06-19 12:11:18,277 - INFO - [PracticeEngine] Returning cached topics hierarchy for student 3
2026-06-19 12:11:22,945 - INFO - [PracticeEngine] Returning cached topics hierarchy for student 3
2026-06-19 12:11:23,056 - INFO - [PracticeEngine] Returning cached topics hierarchy for student 3
2026-06-19 12:11:23,134 - INFO - [PracticeEngine] Returning cached topics hierarchy for student 3
2026-06-19 12:11:23,211 - INFO - [PracticeEngine] Returning cached topics hierarchy for student 3
2026-06-19 12:12:28,855 - INFO - [PracticeEngine] Returning cached topics hierarchy for student 3
2026-06-19 12:12:28,962 - INFO - [PracticeEngine] Returning cached topics hierarchy for student 3
2026-06-19 12:13:03,939 - INFO - [PracticeEngine] Returning cached topics hierarchy for student 3
2026-06-19 12:13:04,081 - INFO - [PracticeEngine] Returning cached topics hierarchy for student 3
2026-06-19 12:13:04,169 - INFO - [PracticeEngine] Returning cached topics hierarchy for student 3
2026-06-19 12:13:04,251 - INFO - [PracticeEngine] Returning cached topics hierarchy for student 3
2026-06-19 12:13:10,389 - INFO - [PracticeEngine] Returning cached topics hierarchy for student 3
2026-06-19 12:13:10,653 - INFO - [PracticeEngine] Returning cached topics hierarchy for student 3
2026-06-19 12:27:35,953 - INFO - [PracticeEngine] Returning cached topics hierarchy for student 3
2026-06-19 12:27:36,019 - INFO - [PracticeEngine] Returning cached topics hierarchy for student 3
2026-06-19 12:27:36,085 - INFO - [PracticeEngine] Returning cached topics hierarchy for student 3
2026-06-19 12:27:36,144 - INFO - [PracticeEngine] Returning cached topics hierarchy for student 3
2026-06-19 12:27:43,876 - INFO - [PracticeEngine] Returning cached topics hierarchy for student 3
2026-06-19 12:27:43,940 - INFO - [PracticeEngine] Returning cached topics hierarchy for student 3
2026-06-19 12:27:49,287 - INFO - [PracticeEngine] Returning cached topics hierarchy for student 3
2026-06-19 12:27:49,649 - INFO - [PracticeEngine] Returning cached topics hierarchy for student 3
2026-06-19 12:28:02,423 - INFO - [PracticeEngine] Returning cached topics hierarchy for student 3
2026-06-19 12:28:02,507 - INFO - [PracticeEngine] Returning cached topics hierarchy for student 3
2026-06-19 12:28:02,578 - INFO - [PracticeEngine] Returning cached topics hierarchy for student 3
2026-06-19 12:28:02,686 - INFO - [PracticeEngine] Returning cached topics hierarchy for student 3
2026-06-19 12:33:54,278 - INFO - [PracticeEngine] Returning cached topics hierarchy for student 3
2026-06-19 12:33:54,364 - INFO - [PracticeEngine] Returning cached topics hierarchy for student 3
2026-06-19 12:33:54,442 - INFO - [PracticeEngine] Returning cached topics hierarchy for student 3
2026-06-19 12:33:54,513 - INFO - [PracticeEngine] Returning cached topics hierarchy for student 3
2026-06-19 12:34:09,564 - INFO - [PracticeEngine] Returning cached topics hierarchy for student 3
2026-06-19 12:34:09,708 - INFO - [PracticeEngine] Returning cached topics hierarchy for student 3
2026-06-19 12:48:59,542 - INFO - [PracticeEngine] Returning cached topics hierarchy for student 3
2026-06-19 12:48:59,658 - INFO - [PracticeEngine] Returning cached topics hierarchy for student 3
2026-06-19 12:48:59,767 - INFO - [PracticeEngine] Returning cached topics hierarchy for student 3
2026-06-19 12:48:59,934 - INFO - [PracticeEngine] Returning cached topics hierarchy for student 3
2026-06-19 12:49:11,598 - INFO - [PracticeEngine] Returning cached topics hierarchy for student 3
2026-06-19 12:49:11,682 - INFO - [PracticeEngine] Returning cached topics hierarchy for student 3
2026-06-19 12:49:18,973 - INFO - [PracticeEngine] Returning cached topics hierarchy for student 3
2026-06-19 12:49:19,043 - INFO - [PracticeEngine] Returning cached topics hierarchy for student 3
2026-06-19 12:49:23,252 - INFO - [PracticeEngine] Returning cached topics hierarchy for student 3
2026-06-19 12:49:23,325 - INFO - [PracticeEngine] Returning cached topics hierarchy for student 3
2026-06-19 12:49:54,988 - INFO - [PracticeEngine] Returning cached topics hierarchy for student 3
2026-06-19 12:49:55,117 - INFO - [PracticeEngine] Returning cached topics hierarchy for student 3
2026-06-19 12:51:03,087 - INFO - [PracticeEngine] Returning cached topics hierarchy for student 3
2026-06-19 12:51:03,165 - INFO - [PracticeEngine] Returning cached topics hierarchy for student 3
2026-06-19 12:51:03,236 - INFO - [PracticeEngine] Returning cached topics hierarchy for student 3
2026-06-19 12:51:03,330 - INFO - [PracticeEngine] Returning cached topics hierarchy for student 3
2026-06-19 12:51:40,496 - INFO - [PracticeEngine] Returning cached topics hierarchy for student 3
2026-06-19 12:51:40,565 - INFO - [PracticeEngine] Returning cached topics hierarchy for student 3
2026-06-19 12:51:54,134 - INFO - [PracticeEngine] Returning cached topics hierarchy for student 3
2026-06-19 12:51:54,217 - INFO - [PracticeEngine] Returning cached topics hierarchy for student 3
2026-06-19 12:54:47,596 - INFO - [PracticeEngine] Returning cached topics hierarchy for student 3
2026-06-19 12:54:47,667 - INFO - [PracticeEngine] Returning cached topics hierarchy for student 3
2026-06-19 12:54:47,738 - INFO - [PracticeEngine] Returning cached topics hierarchy for student 3
2026-06-19 12:54:47,805 - INFO - [PracticeEngine] Returning cached topics hierarchy for student 3
2026-06-19 12:54:52,466 - INFO - [PracticeEngine] Returning cached topics hierarchy for student 3
2026-06-19 12:54:52,536 - INFO - [PracticeEngine] Returning cached topics hierarchy for student 3
2026-06-19 12:55:07,268 - INFO - [PracticeEngine] Returning cached topics hierarchy for student 3
2026-06-19 12:55:07,344 - INFO - [PracticeEngine] Returning cached topics hierarchy for student 3
2026-06-19 12:55:09,472 - INFO - [PracticeEngine] Returning cached topics hierarchy for student 3
2026-06-19 12:55:09,544 - INFO - [PracticeEngine] Returning cached topics hierarchy for student 3
2026-06-19 12:55:11,353 - INFO - [PracticeEngine] Returning cached topics hierarchy for student 3
2026-06-19 12:55:11,419 - INFO - [PracticeEngine] Returning cached topics hierarchy for student 3
2026-06-19 12:55:22,953 - INFO - [PracticeEngine] Returning cached topics hierarchy for student 3
2026-06-19 12:55:23,029 - INFO - [PracticeEngine] Returning cached topics hierarchy for student 3
2026-06-19 13:01:30,404 - ERROR - [PracticeEngine] Failed to save topics cache to disk: [Errno 13] Permission denied: '/home/galaxy/Desktop/Student_System/Backend/services/topics_cache.json'
2026-06-19 13:02:48,734 - INFO - [PracticeEngine] Returning cached topics hierarchy for student 3
2026-06-19 13:02:58,271 - INFO - [PracticeEngine] Returning cached topics hierarchy for student 3
2026-06-19 13:03:40,027 - ERROR - [PracticeEngine] Failed to save topics cache to disk: [Errno 13] Permission denied: '/home/galaxy/Desktop/Student_System/Backend/services/topics_cache.json'
2026-06-19 13:03:59,050 - INFO - [PracticeEngine] Returning cached topics hierarchy for student 3
2026-06-19 13:13:29,187 - INFO - [PracticeEngine] Returning cached topics hierarchy for student 3
2026-06-19 13:13:29,261 - INFO - [PracticeEngine] Returning cached topics hierarchy for student 3
2026-06-19 13:13:29,337 - INFO - [PracticeEngine] Returning cached topics hierarchy for student 3
2026-06-19 13:13:29,401 - INFO - [PracticeEngine] Returning cached topics hierarchy for student 3
2026-06-19 13:14:11,096 - INFO - [PracticeEngine] Returning cached topics hierarchy for student 3
2026-06-19 13:14:11,175 - INFO - [PracticeEngine] Returning cached topics hierarchy for student 3
2026-06-19 13:14:15,538 - INFO - [PracticeEngine] Returning cached topics hierarchy for student 3
2026-06-19 13:14:15,616 - INFO - [PracticeEngine] Returning cached topics hierarchy for student 3
2026-06-19 13:14:21,699 - INFO - [PracticeEngine] Returning cached topics hierarchy for student 3
2026-06-19 13:14:21,787 - INFO - [PracticeEngine] Returning cached topics hierarchy for student 3
2026-06-19 13:14:23,861 - INFO - [PracticeEngine] Returning cached topics hierarchy for student 3
2026-06-19 13:14:24,008 - INFO - [PracticeEngine] Returning cached topics hierarchy for student 3
2026-06-19 13:14:26,978 - INFO - [PracticeEngine] Returning cached topics hierarchy for student 3
2026-06-19 13:14:27,050 - INFO - [PracticeEngine] Returning cached topics hierarchy for student 3
2026-06-19 15:42:19,197 - ERROR - [PracticeEngine] Failed to save topics cache to disk: [Errno 13] Permission denied: '/home/galaxy/Desktop/Student_System/Backend/services/topics_cache.json'
2026-06-19 15:42:19,251 - INFO - [PracticeEngine] Returning cached topics hierarchy for student 1
2026-06-19 15:42:21,069 - INFO - [PracticeEngine] Returning cached topics hierarchy for student 1
2026-06-19 15:42:21,134 - INFO - [PracticeEngine] Returning cached topics hierarchy for student 1
2026-06-19 15:42:38,214 - ERROR - [PracticeEngine] Failed to save topics cache to disk: [Errno 13] Permission denied: '/home/galaxy/Desktop/Student_System/Backend/services/topics_cache.json'
2026-06-19 16:25:21,858 - INFO - [PracticeEngine] Returning cached topics hierarchy for student 3
2026-06-19 16:25:21,935 - INFO - [PracticeEngine] Returning cached topics hierarchy for student 3
2026-06-19 16:25:22,003 - INFO - [PracticeEngine] Returning cached topics hierarchy for student 3
2026-06-19 16:25:22,075 - INFO - [PracticeEngine] Returning cached topics hierarchy for student 3
2026-06-19 16:25:30,088 - INFO - [PracticeEngine] Returning cached topics hierarchy for student 3
2026-06-19 16:25:30,164 - INFO - [PracticeEngine] Returning cached topics hierarchy for student 3
2026-06-19 16:25:31,502 - INFO - [PracticeEngine] Returning cached topics hierarchy for student 3
2026-06-19 16:25:31,586 - INFO - [PracticeEngine] Returning cached topics hierarchy for student 3
2026-06-19 16:25:40,657 - INFO - [PracticeEngine] Returning cached topics hierarchy for student 3
2026-06-19 16:25:40,734 - INFO - [PracticeEngine] Returning cached topics hierarchy for student 3
2026-06-19 16:26:47,496 - INFO - [PracticeEngine] Returning cached topics hierarchy for student 3
2026-06-19 16:26:47,574 - INFO - [PracticeEngine] Returning cached topics hierarchy for student 3
2026-06-19 16:27:32,757 - INFO - [PracticeEngine] Returning cached topics hierarchy for student 3
2026-06-19 16:27:32,846 - INFO - [PracticeEngine] Returning cached topics hierarchy for student 3
2026-06-19 16:27:32,946 - INFO - [PracticeEngine] Returning cached topics hierarchy for student 3
2026-06-19 16:27:33,025 - INFO - [PracticeEngine] Returning cached topics hierarchy for student 3
2026-06-19 16:34:16,936 - INFO - [PracticeEngine] Returning cached topics hierarchy for student 3
2026-06-19 16:34:17,017 - INFO - [PracticeEngine] Returning cached topics hierarchy for student 3
2026-06-19 16:34:17,093 - INFO - [PracticeEngine] Returning cached topics hierarchy for student 3
2026-06-19 16:34:17,170 - INFO - [PracticeEngine] Returning cached topics hierarchy for student 3
2026-06-19 16:34:17,898 - INFO - [PracticeEngine] Returning cached topics hierarchy for student 3
2026-06-19 16:34:18,018 - INFO - [PracticeEngine] Returning cached topics hierarchy for student 3
2026-06-19 16:34:22,571 - INFO - [PracticeEngine] Returning cached topics hierarchy for student 3
2026-06-19 16:34:22,685 - INFO - [PracticeEngine] Returning cached topics hierarchy for student 3
2026-06-19 16:34:26,015 - INFO - [PracticeEngine] Returning cached topics hierarchy for student 3
2026-06-19 16:34:26,078 - INFO - [PracticeEngine] Returning cached topics hierarchy for student 3
2026-06-19 16:34:26,144 - INFO - [PracticeEngine] Returning cached topics hierarchy for student 3
2026-06-19 16:34:26,226 - INFO - [PracticeEngine] Returning cached topics hierarchy for student 3
2026-06-19 17:22:12,650 - ERROR - [PracticeEngine] Failed to save topics cache to disk: [Errno 13] Permission denied: '/home/galaxy/Desktop/Student_System/Backend/services/topics_cache.json'
2026-06-19 17:22:12,785 - INFO - [PracticeEngine] Returning cached topics hierarchy for student 3
2026-06-19 17:22:13,076 - INFO - [PracticeEngine] Returning cached topics hierarchy for student 3
2026-06-19 17:22:13,185 - INFO - [PracticeEngine] Returning cached topics hierarchy for student 3
2026-06-19 17:22:36,760 - INFO - [PracticeEngine] Returning cached topics hierarchy for student 3
2026-06-19 17:22:36,838 - INFO - [PracticeEngine] Returning cached topics hierarchy for student 3
2026-06-19 17:22:45,925 - INFO - [PracticeEngine] Returning cached topics hierarchy for student 3
2026-06-19 17:22:46,018 - INFO - [PracticeEngine] Returning cached topics hierarchy for student 3
2026-06-19 17:22:46,094 - INFO - [PracticeEngine] Returning cached topics hierarchy for student 3
2026-06-19 17:22:46,174 - INFO - [PracticeEngine] Returning cached topics hierarchy for student 3
2026-06-19 17:23:53,165 - INFO - [PracticeEngine] Returning cached topics hierarchy for student 3
2026-06-19 17:23:53,244 - INFO - [PracticeEngine] Returning cached topics hierarchy for student 3
2026-06-19 17:23:53,312 - INFO - [PracticeEngine] Returning cached topics hierarchy for student 3
2026-06-19 17:23:53,387 - INFO - [PracticeEngine] Returning cached topics hierarchy for student 3
2026-06-19 17:23:57,229 - INFO - [PracticeEngine] Returning cached topics hierarchy for student 3
2026-06-19 17:23:57,299 - INFO - [PracticeEngine] Returning cached topics hierarchy for student 3
2026-06-19 17:24:02,411 - INFO - [PracticeEngine] Returning cached topics hierarchy for student 3
2026-06-19 17:24:02,486 - INFO - [PracticeEngine] Returning cached topics hierarchy for student 3
2026-06-19 17:24:17,482 - INFO - [PracticeEngine] Returning cached topics hierarchy for student 3
2026-06-19 17:24:17,563 - INFO - [PracticeEngine] Returning cached topics hierarchy for student 3
2026-06-19 17:24:38,552 - INFO - [PracticeEngine] Returning cached topics hierarchy for student 3
2026-06-19 17:24:38,628 - INFO - [PracticeEngine] Returning cached topics hierarchy for student 3
2026-06-19 17:24:41,333 - INFO - [PracticeEngine] Returning cached topics hierarchy for student 3
2026-06-19 17:24:41,419 - INFO - [PracticeEngine] Returning cached topics hierarchy for student 3
2026-06-19 17:25:10,515 - INFO - [PracticeEngine] Returning cached topics hierarchy for student 3
2026-06-19 17:25:10,601 - INFO - [PracticeEngine] Returning cached topics hierarchy for student 3
2026-06-19 17:32:25,121 - INFO - [PracticeEngine] Returning cached topics hierarchy for student 3
2026-06-19 17:32:25,196 - INFO - [PracticeEngine] Returning cached topics hierarchy for student 3
2026-06-19 17:32:25,272 - INFO - [PracticeEngine] Returning cached topics hierarchy for student 3
2026-06-19 17:32:25,349 - INFO - [PracticeEngine] Returning cached topics hierarchy for student 3
2026-06-19 17:32:28,683 - INFO - [PracticeEngine] Returning cached topics hierarchy for student 3
2026-06-19 17:32:28,752 - INFO - [PracticeEngine] Returning cached topics hierarchy for student 3
2026-06-19 17:32:28,832 - INFO - [PracticeEngine] Returning cached topics hierarchy for student 3
2026-06-19 17:32:28,911 - INFO - [PracticeEngine] Returning cached topics hierarchy for student 3
2026-06-19 17:32:31,455 - INFO - [PracticeEngine] Returning cached topics hierarchy for student 3
2026-06-19 17:32:31,537 - INFO - [PracticeEngine] Returning cached topics hierarchy for student 3
2026-06-19 17:32:38,074 - INFO - [PracticeEngine] Returning cached topics hierarchy for student 3
2026-06-19 17:32:38,197 - INFO - [PracticeEngine] Returning cached topics hierarchy for student 3
2026-06-19 17:32:47,112 - INFO - [PracticeEngine] Returning cached topics hierarchy for student 3
2026-06-19 17:32:47,183 - INFO - [PracticeEngine] Returning cached topics hierarchy for student 3
2026-06-19 17:32:47,267 - INFO - [PracticeEngine] Returning cached topics hierarchy for student 3
2026-06-19 17:32:47,342 - INFO - [PracticeEngine] Returning cached topics hierarchy for student 3
2026-06-19 17:34:32,360 - ERROR - [PracticeEngine] Failed to save topics cache to disk: [Errno 13] Permission denied: '/home/galaxy/Desktop/Student_System/Backend/services/topics_cache.json'
2026-06-19 17:34:32,511 - INFO - [PracticeEngine] Returning cached topics hierarchy for student 3
2026-06-19 17:34:32,598 - INFO - [PracticeEngine] Returning cached topics hierarchy for student 3
2026-06-19 17:34:32,684 - INFO - [PracticeEngine] Returning cached topics hierarchy for student 3
2026-06-19 17:34:49,849 - INFO - [PracticeEngine] Returning cached topics hierarchy for student 3
2026-06-19 17:34:49,923 - INFO - [PracticeEngine] Returning cached topics hierarchy for student 3
2026-06-19 18:14:34,169 - ERROR - [PracticeEngine] Failed to save topics cache to disk: [Errno 13] Permission denied: '/home/galaxy/Desktop/Student_System/Backend/services/topics_cache.json'
2026-06-19 18:14:34,257 - INFO - [PracticeEngine] Returning cached topics hierarchy for student 3
2026-06-19 18:15:03,939 - INFO - [PracticeEngine] Returning cached topics hierarchy for student 3
2026-06-19 18:15:04,061 - INFO - [PracticeEngine] Returning cached topics hierarchy for student 3
2026-06-19 18:15:04,156 - INFO - [PracticeEngine] Returning cached topics hierarchy for student 3
2026-06-19 18:15:04,543 - INFO - [PracticeEngine] Returning cached topics hierarchy for student 3
2026-06-19 18:29:14,059 - ERROR - [PracticeEngine] Failed to save topics cache to disk: [Errno 13] Permission denied: '/home/galaxy/Desktop/Student_System/Backend/services/topics_cache.json'
2026-06-19 18:29:14,139 - INFO - [PracticeEngine] Returning cached topics hierarchy for student 3
2026-06-19 18:29:14,278 - INFO - [PracticeEngine] Returning cached topics hierarchy for student 3
2026-06-19 18:29:14,362 - INFO - [PracticeEngine] Returning cached topics hierarchy for student 3
2026-06-19 18:29:27,690 - INFO - [PracticeEngine] Returning cached topics hierarchy for student 3
2026-06-19 18:29:27,780 - INFO - [PracticeEngine] Returning cached topics hierarchy for student 3
2026-06-19 18:29:27,811 - INFO - [PracticeEngine] Returning cached topics hierarchy for student 3
2026-06-19 18:29:27,900 - INFO - [PracticeEngine] Returning cached topics hierarchy for student 3
2026-06-19 18:29:35,788 - INFO - [PracticeEngine] Returning cached topics hierarchy for student 3
2026-06-19 18:29:35,868 - INFO - [PracticeEngine] Returning cached topics hierarchy for student 3
2026-06-19 18:29:44,333 - INFO - [PracticeEngine] Returning cached topics hierarchy for student 3
2026-06-19 18:29:44,403 - INFO - [PracticeEngine] Returning cached topics hierarchy for student 3
2026-06-19 18:29:44,431 - INFO - [PracticeEngine] Returning cached topics hierarchy for student 3
2026-06-19 18:29:44,503 - INFO - [PracticeEngine] Returning cached topics hierarchy for student 3
2026-06-19 18:40:03,782 - INFO - [PracticeEngine] Returning cached topics hierarchy for student 3
2026-06-19 18:40:03,867 - INFO - [PracticeEngine] Returning cached topics hierarchy for student 3
2026-06-19 18:40:03,951 - INFO - [PracticeEngine] Returning cached topics hierarchy for student 3
2026-06-19 18:40:04,129 - INFO - [PracticeEngine] Returning cached topics hierarchy for student 3
2026-06-19 18:42:00,347 - INFO - [PracticeEngine] Returning cached topics hierarchy for student 3
2026-06-19 18:42:00,441 - INFO - [PracticeEngine] Returning cached topics hierarchy for student 3
2026-06-19 18:42:00,557 - INFO - [PracticeEngine] Returning cached topics hierarchy for student 3
2026-06-19 18:42:00,705 - INFO - [PracticeEngine] Returning cached topics hierarchy for student 3
2026-06-19 18:42:21,485 - INFO - [PracticeEngine] Returning cached topics hierarchy for student 3
2026-06-19 18:42:21,567 - INFO - [PracticeEngine] Returning cached topics hierarchy for student 3
2026-06-19 18:42:38,677 - INFO - [PracticeEngine] Returning cached topics hierarchy for student 3
2026-06-19 18:42:50,953 - INFO - [PracticeEngine] Returning cached topics hierarchy for student 3
2026-06-19 19:00:02,728 - INFO - [PracticeEngine] Returning cached topics hierarchy for student 3
2026-06-19 19:00:02,804 - INFO - [PracticeEngine] Returning cached topics hierarchy for student 3
2026-06-19 19:00:02,899 - INFO - [PracticeEngine] Returning cached topics hierarchy for student 3
2026-06-19 19:00:03,069 - INFO - [PracticeEngine] Returning cached topics hierarchy for student 3
2026-06-19 19:00:11,642 - INFO - [PracticeEngine] Returning cached topics hierarchy for student 3
2026-06-19 19:00:11,727 - INFO - [PracticeEngine] Returning cached topics hierarchy for student 3
2026-06-19 19:00:20,186 - INFO - [PracticeEngine] Returning cached topics hierarchy for student 3
2026-06-19 19:00:20,272 - INFO - [PracticeEngine] Returning cached topics hierarchy for student 3
2026-06-19 19:00:21,225 - INFO - [PracticeEngine] Returning cached topics hierarchy for student 3
2026-06-19 19:00:21,304 - INFO - [PracticeEngine] Returning cached topics hierarchy for student 3
2026-06-19 19:31:43,408 - ERROR - [PracticeEngine] Failed to save topics cache to disk: [Errno 13] Permission denied: '/home/galaxy/Desktop/Student_System/Backend/services/topics_cache.json'
2026-06-19 19:31:43,498 - INFO - [PracticeEngine] Returning cached topics hierarchy for student 3
2026-06-19 19:31:43,604 - INFO - [PracticeEngine] Returning cached topics hierarchy for student 3
2026-06-19 19:31:43,838 - INFO - [PracticeEngine] Returning cached topics hierarchy for student 3
2026-06-19 19:37:12,161 - INFO - [PracticeEngine] Returning cached topics hierarchy for student 3
2026-06-19 19:37:12,247 - INFO - [PracticeEngine] Returning cached topics hierarchy for student 3
2026-06-19 19:37:12,469 - INFO - [PracticeEngine] Returning cached topics hierarchy for student 3
2026-06-19 19:37:12,552 - INFO - [PracticeEngine] Returning cached topics hierarchy for student 3
2026-06-19 19:37:27,276 - INFO - [PracticeEngine] Returning cached topics hierarchy for student 3
2026-06-19 19:37:27,366 - INFO - [PracticeEngine] Returning cached topics hierarchy for student 3
2026-06-19 19:37:27,470 - INFO - [PracticeEngine] Returning cached topics hierarchy for student 3
2026-06-19 19:37:27,665 - INFO - [PracticeEngine] Returning cached topics hierarchy for student 3
2026-06-19 19:45:22,456 - ERROR - [PracticeEngine] Failed to save topics cache to disk: [Errno 13] Permission denied: '/home/galaxy/Desktop/Student_System/Backend/services/topics_cache.json'
2026-06-19 19:45:22,625 - INFO - [PracticeEngine] Returning cached topics hierarchy for student 3
2026-06-19 19:45:22,830 - INFO - [PracticeEngine] Returning cached topics hierarchy for student 3
2026-06-19 19:45:22,931 - INFO - [PracticeEngine] Returning cached topics hierarchy for student 3
2026-06-19 22:49:51,983 - INFO - [PracticeEngine] Returning cached topics hierarchy for student 3
2026-06-19 22:49:52,073 - INFO - [PracticeEngine] Returning cached topics hierarchy for student 3
2026-06-19 22:49:52,209 - INFO - [PracticeEngine] Returning cached topics hierarchy for student 3
2026-06-19 22:49:52,359 - INFO - [PracticeEngine] Returning cached topics hierarchy for student 3
2026-06-19 22:49:53,103 - INFO - [PracticeEngine] Returning cached topics hierarchy for student 3
2026-06-19 22:49:53,244 - INFO - [PracticeEngine] Returning cached topics hierarchy for student 3
2026-06-19 22:50:03,377 - INFO - [PracticeEngine] Returning cached topics hierarchy for student 3
2026-06-19 22:50:03,543 - INFO - [PracticeEngine] Returning cached topics hierarchy for student 3
2026-06-19 23:00:00,546 - INFO - [PracticeEngine] Returning cached topics hierarchy for student 3
2026-06-19 23:00:00,687 - INFO - [PracticeEngine] Returning cached topics hierarchy for student 3
2026-06-19 23:14:43,125 - ERROR - [PracticeEngine] Failed to save topics cache to disk: [Errno 13] Permission denied: '/home/galaxy/Desktop/Student_System/Backend/services/topics_cache.json'
2026-06-19 23:14:43,224 - INFO - [PracticeEngine] Returning cached topics hierarchy for student 3
2026-06-19 23:14:43,497 - INFO - [PracticeEngine] Returning cached topics hierarchy for student 3
2026-06-19 23:14:43,595 - INFO - [PracticeEngine] Returning cached topics hierarchy for student 3
2026-06-19 23:16:58,050 - ERROR - [PracticeEngine] Failed to save topics cache to disk: [Errno 13] Permission denied: '/home/galaxy/Desktop/Student_System/Backend/services/topics_cache.json'
2026-06-19 23:16:58,134 - INFO - [PracticeEngine] Returning cached topics hierarchy for student 3
2026-06-19 23:16:58,268 - INFO - [PracticeEngine] Returning cached topics hierarchy for student 3
2026-06-19 23:16:58,380 - INFO - [PracticeEngine] Returning cached topics hierarchy for student 3
2026-06-19 23:17:17,612 - INFO - [PracticeEngine] Returning cached topics hierarchy for student 3
2026-06-19 23:17:17,715 - INFO - [PracticeEngine] Returning cached topics hierarchy for student 3
2026-06-19 23:19:52,501 - ERROR - [PracticeEngine] Failed to save topics cache to disk: [Errno 13] Permission denied: '/home/galaxy/Desktop/Student_System/Backend/services/topics_cache.json'
2026-06-19 23:20:51,578 - ERROR - [PracticeEngine] Failed to save topics cache to disk: [Errno 13] Permission denied: '/home/galaxy/Desktop/Student_System/Backend/services/topics_cache.json'
2026-06-19 23:20:51,742 - INFO - [PracticeEngine] Returning cached topics hierarchy for student 3
2026-06-19 23:20:51,899 - INFO - [PracticeEngine] Returning cached topics hierarchy for student 3
2026-06-19 23:20:51,983 - INFO - [PracticeEngine] Returning cached topics hierarchy for student 3
2026-06-19 23:21:02,849 - INFO - [PracticeEngine] Returning cached topics hierarchy for student 3
2026-06-19 23:21:02,980 - INFO - [PracticeEngine] Returning cached topics hierarchy for student 3
2026-06-19 23:21:05,548 - INFO - [PracticeEngine] Returning cached topics hierarchy for student 3
2026-06-19 23:21:05,644 - INFO - [PracticeEngine] Returning cached topics hierarchy for student 3
2026-06-19 23:21:38,547 - INFO - [PracticeEngine] Returning cached topics hierarchy for student 3
2026-06-19 23:21:38,650 - INFO - [PracticeEngine] Returning cached topics hierarchy for student 3
2026-06-19 23:22:01,011 - INFO - [PracticeEngine] Returning cached topics hierarchy for student 3
2026-06-19 23:22:01,105 - INFO - [PracticeEngine] Returning cached topics hierarchy for student 3
2026-06-19 23:22:19,292 - INFO - [PracticeEngine] Returning cached topics hierarchy for student 3
2026-06-19 23:22:19,386 - INFO - [PracticeEngine] Returning cached topics hierarchy for student 3
2026-06-19 23:41:11,832 - ERROR - [PracticeEngine] Failed to save topics cache to disk: [Errno 13] Permission denied: '/home/galaxy/Desktop/Student_System/Backend/services/topics_cache.json'
2026-06-19 23:41:11,946 - INFO - [PracticeEngine] Returning cached topics hierarchy for student 3
2026-06-19 23:44:26,539 - INFO - [PracticeEngine] Returning cached topics hierarchy for student 3
2026-06-19 23:44:26,617 - INFO - [PracticeEngine] Returning cached topics hierarchy for student 3
2026-06-19 23:44:26,700 - INFO - [PracticeEngine] Returning cached topics hierarchy for student 3
2026-06-19 23:44:26,863 - INFO - [PracticeEngine] Returning cached topics hierarchy for student 3
2026-06-19 23:55:04,286 - ERROR - [PracticeEngine] Failed to save topics cache to disk: [Errno 13] Permission denied: '/home/galaxy/Desktop/Student_System/Backend/services/topics_cache.json'
2026-06-19 23:55:04,369 - INFO - [PracticeEngine] Returning cached topics hierarchy for student 3
2026-06-19 23:55:04,454 - INFO - [PracticeEngine] Returning cached topics hierarchy for student 3
2026-06-19 23:55:04,610 - INFO - [PracticeEngine] Returning cached topics hierarchy for student 3
2026-06-19 23:55:09,046 - INFO - [PracticeEngine] Returning cached topics hierarchy for student 3
2026-06-19 23:55:09,129 - INFO - [PracticeEngine] Returning cached topics hierarchy for student 3
2026-06-19 23:55:13,711 - INFO - [PracticeEngine] Returning cached topics hierarchy for student 3
2026-06-19 23:55:13,795 - INFO - [PracticeEngine] Returning cached topics hierarchy for student 3
2026-06-19 23:55:20,804 - INFO - [PracticeEngine] Returning cached topics hierarchy for student 3
2026-06-19 23:55:20,902 - INFO - [PracticeEngine] Returning cached topics hierarchy for student 3
2026-06-19 23:55:35,154 - INFO - [PracticeEngine] Returning cached topics hierarchy for student 3
2026-06-19 23:55:35,232 - INFO - [PracticeEngine] Returning cached topics hierarchy for student 3
2026-06-20 00:09:03,099 - INFO - [PracticeEngine] Returning cached topics hierarchy for student 3
2026-06-20 00:09:03,194 - INFO - [PracticeEngine] Returning cached topics hierarchy for student 3
2026-06-20 00:09:03,271 - INFO - [PracticeEngine] Returning cached topics hierarchy for student 3
2026-06-20 00:09:03,432 - INFO - [PracticeEngine] Returning cached topics hierarchy for student 3
2026-06-20 00:09:05,973 - INFO - [PracticeEngine] Returning cached topics hierarchy for student 3
2026-06-20 00:09:05,977 - INFO - [PracticeEngine] Returning cached topics hierarchy for student 3
2026-06-20 00:09:07,669 - INFO - [PracticeEngine] Returning cached topics hierarchy for student 3
2026-06-20 00:09:07,671 - INFO - [PracticeEngine] Returning cached topics hierarchy for student 3
2026-06-20 00:09:14,953 - INFO - [PracticeEngine] Returning cached topics hierarchy for student 3
2026-06-20 00:09:15,023 - INFO - [PracticeEngine] Returning cached topics hierarchy for student 3
2026-06-20 00:19:57,207 - INFO - [PracticeEngine] Returning cached topics hierarchy for student 3
2026-06-20 00:19:57,286 - INFO - [PracticeEngine] Returning cached topics hierarchy for student 3
2026-06-20 00:19:57,431 - INFO - [PracticeEngine] Returning cached topics hierarchy for student 3
2026-06-20 00:19:57,519 - INFO - [PracticeEngine] Returning cached topics hierarchy for student 3
2026-06-20 00:26:25,034 - ERROR - [PracticeEngine] Failed to save topics cache to disk: [Errno 13] Permission denied: '/home/galaxy/Desktop/Student_System/Backend/services/topics_cache.json'
2026-06-20 00:26:25,116 - INFO - [PracticeEngine] Returning cached topics hierarchy for student 3
2026-06-20 00:26:25,391 - INFO - [PracticeEngine] Returning cached topics hierarchy for student 3
2026-06-20 00:26:25,496 - INFO - [PracticeEngine] Returning cached topics hierarchy for student 3
2026-06-20 00:26:31,644 - INFO - [PracticeEngine] Returning cached topics hierarchy for student 3
2026-06-20 00:26:31,645 - INFO - [PracticeEngine] Returning cached topics hierarchy for student 3
2026-06-20 00:26:38,993 - INFO - [PracticeEngine] Returning cached topics hierarchy for student 3
2026-06-20 00:26:38,994 - INFO - [PracticeEngine] Returning cached topics hierarchy for student 3
2026-06-20 00:26:42,412 - INFO - [PracticeEngine] Returning cached topics hierarchy for student 3
2026-06-20 00:26:42,415 - INFO - [PracticeEngine] Returning cached topics hierarchy for student 3
2026-06-20 00:26:58,067 - INFO - [PracticeEngine] Returning cached topics hierarchy for student 3
2026-06-20 00:26:58,138 - INFO - [PracticeEngine] Returning cached topics hierarchy for student 3
2026-06-20 00:27:17,650 - INFO - [PracticeEngine] Returning cached topics hierarchy for student 3
2026-06-20 00:27:17,711 - INFO - [PracticeEngine] Returning cached topics hierarchy for student 3
2026-06-20 00:32:54,646 - INFO - --- LLM PROMPT (Subject: Programming Fundamentals, Topic: Conditional Statements) ---
2026-06-20 00:32:54,646 - INFO - SYSTEM PROMPT:
You are teaching a first-year B.Tech CSE student.
Given the topic and context, generate a highly rigorous and extremely detailed technical study guide using ONLY valid JSON.

Your output must follow this strict JSON format:
{
    "notes": [
        {"type": "heading", "text": "Advanced Concept / Deep Dive"},
        {"type": "paragraph", "text": "In-depth technical explanation, covering edge cases, under-the-hood workings, and performance implications..."},
        {"type": "highlight", "variant": "constructive", "title": "Interview Pro-Tip", "text": "Crucial detail often asked in interviews..."},
        {"type": "code_block", "language": "python", "title": "Complex Implementation", "code": "def complex_algo(): pass"},
        {"type": "note", "text": "Advanced side note or historical context"}
    ],
    "revision": {
        "title": "Interview Cheat Sheet",
        "points": [
            {"id": 1, "text": "Advanced point 1"},
            {"id": 2, "text": "Advanced point 2"}
        ]
    }
}

RULES:
- `notes` array must use types: 'heading', 'paragraph', 'highlight' (variant: 'constructive' or 'destructive'), 'code_block' (include 'language', 'title', 'code'), or 'note'.
- The content MUST be highly rigorous and technically deep. Include complex edge cases, advanced theory, real-world system design implications, and interview-level insights. 
- NEVER generate basic, high-level, or "kidish" overviews. Assume the reader is preparing for a Senior or top-tier placement.
- Generate content ONLY within the context of the provided subject. Do not include concepts from other subjects. For example, if the topic is "Control Flow" and the subject is "Programming Fundamentals", focus on programming logic (if/else, loops) and DO NOT discuss Operating Systems concepts like semaphores or mutexes.
- `revision` should have 3-5 hard-hitting, concise bullet points.
- Do not use markdown fencing (e.g. ```json). Just return the raw JSON object.

2026-06-20 00:32:54,646 - INFO - USER PROMPT:
SUBJECT:
Programming Fundamentals

TOPIC:
Conditional Statements

CONTEXT:
Subject / Context: Programming Fundamentals
University of Technology, Kota Academic Performance Report — Semester 7, 2024-25 University-Level Summary Branch Appeared Passed Failed Pass % Distinction (>=75%) First Class (60-74%) Avg % CSE 95.8% 74.2 ECE 93.3% 71.8 IT 96.7% 75.1 ME 90.0% 68.4 EE 91.7% 69.2 CE 88.0% 65.8 CHE 83.3% 63.5 Total 92.6% 71.4 Subject-Wise Performance — CSE, Semester 7 Subject Max Avg Highest Lowest Pass % Distinction % Data Structures & Algorithms 78.4 94% 38% Operating Systems 74.2 92% 30% Database Systems 76.8 95% 34% Computer Networks 71.5 90% 26% Artificial Intelligence 80.1 96% 42% Cloud Computing 75.3 93% 31% DSA Lab 40.2 97% 55% AI / ML Mini Project 82.0 98% 52% Subject-Wise Performance — ECE, Semester 7 Subject Max Avg Highest Lowest Pass % Distinction % VLSI Design 72.1 91% 28% Digital Signal Processing 68.8 88% 22% Communication Systems 70.4 90% 25% Embedded Systems 74.5 93% 32% Antenna & Wave Propagation 66.2 86% 18% Microprocessors & Controllers 73.8 92% 30% Electronics Lab 38.4 96% 50% Top 10 Performers — All Branches, Semester 7 Rank Roll No. Name Branch Total Percentage Grade

University of Technology, Kota Rules and Regulations — Student Handbook 2024-25 1. Admission & Enrollment  All admissions follow RTU norms and applicable reservation policies.  Original documents must be submitted within 15 days of provisional admission.  Re-admission after a gap year requires written approval from the Dean of Academics.  No student may be enrolled in more than one full-time program simultaneously. 2. Attendance  Minimum 75% attendance is mandatory in each subject to appear in End-Semester Exams.  Attendance below 65% results in automatic debarment; 65–74% requires HOD condonation.  Medical leave requires a registered doctor's certificate submitted within 3 working days.  Proxy attendance is a disciplinary offence and may result in suspension. 3. Examinations & Academic Integrity  Plagiarism or use of unfair means in any assessment results in a zero and disciplinary action.  Valid ID card is mandatory for exam entry. Mobile phones are prohibited in exam halls.  Result disputes must be raised on the Grievance Portal within 10 days of declaration.  Internal marks are displayed 7 days before End-Semester Exams; students have 3 days to dispute. 4. Campus Code of Conduct  Prescribed uniform is required on all academic days (Monday to Thursday).  Ragging in any form is prohibited under UGC Anti-Ragging Regulations 2009 and carries expulsion.  Alcohol, tobacco, and narcotics are strictly banned on campus.  Damage to college property attracts a fine of twice the replacement cost plus a formal warning. 5. Hostel Rules  Hostel allocation is subject to availability and reviewed annually.  Curfew: 10:00 PM on weekdays, 11:00 PM on weekends. Late entry requires prior approval.  Cooking in rooms is prohibited.

66.2 86% 18% Microprocessors & Controllers 73.8 92% 30% Electronics Lab 38.4 96% 50% Top 10 Performers — All Branches, Semester 7 Rank Roll No. Name Branch Total Percentage Grade CS703 Riya Sharma CSE 612/650 94.2% O CS708 Sneha Roy CSE 608/650 93.5% O IT204 Aryan Kapoor IT 604/650 92.9% O CS714 Meera Nair CSE 598/650 92.0% O IT208 Priya Sharma IT 594/650 91.4% O EC112 Divya Menon ECE 590/650 90.8% A+ CS701 Keshav Gupta CSE 558/650 85.8% A CS715 Siddharth Jain CSE 553/650 85.1% A ME308 Rohit Tiwari ME 545/650 83.8% A EE415 Ananya Singh EE 540/650 83.1% A Failed / Back Students Summary Branch Appeared Failed Back (1 subject) Back (2+ subjects) Detained (<40%) CSE ECE IT ME EE CE CHE Total Note: 'Detained' means below 40% aggregate — student must repeat the semester. 'Back' means failure in individual subjects requiring supplementary exams. Results are provisional and subject to verification by the Controller of Examinations.

8.0 Chennai Thoughtworks IT Consulting 10.0 Pune Naukri / Info Edge HR Tech 10.0 Noida Capgemini IT Consulting 7.2 Mumbai Cognizant IT Services 7.5 Chennai Tech Mahindra IT / Telecom 6.5 Pune Wipro IT Services 6.8 Multiple Company Sector Selected Package (LPA) Location HCL Technologies IT Services 6.0 Noida TCS IT Services 7.0 Multiple Infosys IT Services 6.5 Multiple Zensar Technologies IT Services 6.5 Pune Mphasis IT Services 6.8 Bengaluru HDFC Bank BFSI 7.5 Multiple ICICI Bank BFSI 7.0 Multiple ABB India Power / Auto 10.0 Bengaluru Larsen & Toubro Infrastructure 9.0 Multiple Sprinklr SaaS / CX 18.0 Gurugram DRDO (PSU) Defence / R&D 7.0 Multiple ISRO / VSSC Space / R&D 7.0 Trivandrum Bharat Electronics Defence Elec. 6.5 Bengaluru Placements by Industry Industry Placed % Share Avg Pkg (LPA) Top Recruiter Information Technology 46.1% 9.2 TCS / Infosys Electronics & Semiconductor 10.5% 19.4 Samsung / Qualcomm BFSI 9.5% 15.2 Goldman Sachs / JP Morgan Consulting & Analytics 8.5% 11.0 Deloitte / Accenture E-Commerce & Consumer Tech 7.5% 17.5 Amazon / Flipkart Fintech 7.0% 16.8 Razorpay / PhonePe Core Engineering & Auto

Hostel allocation is subject to availability and reviewed annually.  Curfew: 10:00 PM on weekdays, 11:00 PM on weekends. Late entry requires prior approval.  Cooking in rooms is prohibited. Guests of the opposite gender are not permitted in blocks.  Electrical appliances above 500W must be declared to the Warden. 6. Library & Laboratory  Books may be borrowed for 14 days; two online renewals are permitted.  Fine: Rs. 2 per day per overdue book. Lost books attract replacement cost plus 20%.  Lab manuals must be completed and signed before the next lab session.  Food and beverages are not permitted inside the library or any laboratory. 7. IT & Social Media  College IT infrastructure is for academic and research use only.  Posting content that brings disrepute to the institution or staff on social media is prohibited.  Cyber-bullying, hacking, or unauthorised system access constitutes a cognizable offence. 8. Grievance Redressal

University of Technology, Kota Campus Placement Report 2024-25 — Training & Placement Cell Overview Metric Value Total Eligible Students Total Students Placed Overall Placement % 82.5% Highest Package 42 LPA Average Package 9.8 LPA Total Companies Visited Pre-Placement Offers (PPOs) Company-Wise Placement Details Company Sector Selected Package (LPA) Location Microsoft IT / Cloud 42.0 Hyderabad D.E. Shaw Quant Finance 42.0 Hyderabad Amazon E-Commerce / IT 38.5 Bengaluru Goldman Sachs BFSI 40.0 Bengaluru Nvidia GPU / AI 35.0 Bengaluru JP Morgan Chase BFSI 35.0 Mumbai VMware Cloud 28.0 Bengaluru Adobe SaaS 30.0 Noida PhonePe Fintech 25.0 Bengaluru Qualcomm Semiconductor 25.0 Hyderabad Texas Instruments Semiconductor 22.0 Bengaluru Intel India Semiconductor 20.0 Bengaluru Flipkart E-Commerce 20.0 Bengaluru Razorpay Fintech 20.0 Bengaluru Meesho E-Commerce 22.0 Bengaluru Samsung R&D Electronics 18.0 Bengaluru Zomato Consumer Tech 18.0 Gurugram Freshworks SaaS 18.0 Chennai SAP Labs Enterprise SW 16.0 Bengaluru Swiggy Consumer Tech 16.0 Bengaluru Company Sector Selected Package (LPA) Location Navi Technologies Fintech 16.0 Bengaluru Oracle India Enterprise SW 14.0 Hyderabad Paytm Fintech 14.0 Noida Bosch Auto / Embedded 14.0 Bengaluru Juspay Fintech / SaaS 14.0 Bengaluru Myntra E-Commerce

Location Navi Technologies Fintech 16.0 Bengaluru Oracle India Enterprise SW 14.0 Hyderabad Paytm Fintech 14.0 Noida Bosch Auto / Embedded 14.0 Bengaluru Juspay Fintech / SaaS 14.0 Bengaluru Myntra E-Commerce 14.0 Bengaluru Deloitte Consulting 12.0 Multiple EY Finance / Consult 11.5 Delhi NCR Ola Electric EV / Mobility 12.0 Bengaluru Siemens Industrial Auto 12.0 Pune Zepto Quick Commerce 15.0 Mumbai Cars24 AutoTech 12.0 Gurugram Hashedin by Deloitte Product Engg 12.0 Bengaluru L&T Technology Engineering 10.5 Mumbai KPMG Finance / Consult 10.0 Delhi NCR Persistent Systems Product / IT 10.0 Pune Nucleus Software Fintech 9.0 Noida upGrad EdTech 10.0 Mumbai Accenture IT Consulting 8.0 Gurugram Tata Motors Automobile 8.0 Pune BYJU's EdTech 8.0 Bengaluru PolicyBazaar Insurtech 9.0 Gurugram Lenskart D2C / Retail 10.0 Delhi NCR Mahindra Electric EV / Auto 9.0 Pune Schneider Electric Energy Mgmt 9.5 Delhi NCR Ather Energy EV / Mobility 11.0 Bengaluru Reliance Jio Telecom 8.5 Mumbai Zoho Corporation SaaS 8.0 Chennai Thoughtworks IT Consulting 10.0 Pune Naukri / Info Edge HR Tech 10.0 Noida Capgemini IT Consulting 7.2 Mumbai Cognizant IT Services 7.5 Chennai Tech Mahindra IT / Telecom

 Posting content that brings disrepute to the institution or staff on social media is prohibited.  Cyber-bullying, hacking, or unauthorised system access constitutes a cognizable offence. 8. Grievance Redressal  Grievances may be submitted through the online portal, suggestion boxes, or the Student Grievance Committee.  All grievances are acknowledged within 48 hours and resolved within 15 working days.  Appeals against committee decisions must be filed with the Dean of Student Affairs within 7 days. 9. Disciplinary Penalties  The Discipline Committee includes the Principal, two senior faculty, and one student representative.  Penalties range from written warnings and fines to suspension (up to 2 semesters) or expulsion.  Students under disciplinary action are ineligible for scholarships or college representation until cleared. All students must sign the Student Declaration Form at enrollment, acknowledging they have read and agree to these rules. These rules are subject to revision; the latest version is available on the student portal.

Generate the study guide JSON.

Generate notes ONLY within the context of Programming Fundamentals.
Do NOT discuss Operating Systems concepts such as processes, threads, synchronization, semaphores, deadlocks, or scheduling.
Allowed concepts: if, if-else, nested if, switch-case, comparison operators, logical operators, decision making.

2026-06-20 00:32:54,646 - INFO - -------------------------------------------------------
2026-06-20 00:33:40,352 - ERROR - [PracticeEngine] Failed to save topics cache to disk: [Errno 13] Permission denied: '/home/galaxy/Desktop/Student_System/Backend/services/topics_cache.json'
2026-06-20 00:33:40,452 - INFO - [PracticeEngine] Returning cached topics hierarchy for student 3
2026-06-20 00:33:40,592 - INFO - [PracticeEngine] Returning cached topics hierarchy for student 3
2026-06-20 00:33:40,755 - INFO - [PracticeEngine] Returning cached topics hierarchy for student 3
2026-06-20 00:33:46,368 - INFO - [PracticeEngine] Returning cached topics hierarchy for student 3
2026-06-20 00:33:46,368 - INFO - [PracticeEngine] Returning cached topics hierarchy for student 3
2026-06-20 00:33:48,762 - INFO - [PracticeEngine] Returning cached topics hierarchy for student 3
2026-06-20 00:33:48,767 - INFO - [PracticeEngine] Returning cached topics hierarchy for student 3
2026-06-20 00:33:49,161 - INFO - --- LLM PROMPT (Subject: semester-1, Topic: Loops) ---
2026-06-20 00:33:49,162 - INFO - SYSTEM PROMPT:
You are teaching a first-year B.Tech CSE student.
Given the topic and context, generate a highly rigorous and extremely detailed technical study guide using ONLY valid JSON.

Your output must follow this strict JSON format:
{
    "notes": [
        {"type": "heading", "text": "Advanced Concept / Deep Dive"},
        {"type": "paragraph", "text": "In-depth technical explanation, covering edge cases, under-the-hood workings, and performance implications..."},
        {"type": "highlight", "variant": "constructive", "title": "Interview Pro-Tip", "text": "Crucial detail often asked in interviews..."},
        {"type": "code_block", "language": "python", "title": "Complex Implementation", "code": "def complex_algo(): pass"},
        {"type": "note", "text": "Advanced side note or historical context"}
    ],
    "revision": {
        "title": "Interview Cheat Sheet",
        "points": [
            {"id": 1, "text": "Advanced point 1"},
            {"id": 2, "text": "Advanced point 2"}
        ]
    }
}

RULES:
- `notes` array must use types: 'heading', 'paragraph', 'highlight' (variant: 'constructive' or 'destructive'), 'code_block' (include 'language', 'title', 'code'), or 'note'.
- The content MUST be highly rigorous and technically deep. Include complex edge cases, advanced theory, real-world system design implications, and interview-level insights. 
- NEVER generate basic, high-level, or "kidish" overviews. Assume the reader is preparing for a Senior or top-tier placement.
- Generate content ONLY within the context of the provided subject. Do not include concepts from other subjects. For example, if the topic is "Control Flow" and the subject is "Programming Fundamentals", focus on programming logic (if/else, loops) and DO NOT discuss Operating Systems concepts like semaphores or mutexes.
- `revision` should have 3-5 hard-hitting, concise bullet points.
- Do not use markdown fencing (e.g. ```json). Just return the raw JSON object.

2026-06-20 00:33:49,162 - INFO - USER PROMPT:
SUBJECT:
semester-1

TOPIC:
Loops

CONTEXT:
Subject / Context: semester-1
cycle is eliminated. b. Resource preemption i. To eliminate DL, we successively preempt some resources from processes and give these resources to other processes until DL cycle is broken. CodeHelp

for cultural events with over 500 attendees. Social Media Lead Event Manager, Incognito, Kernel, Fit India Clubs •Managed promotions and digital strategies across three clubs, boosting student engagement by 25%.

b. Allow a ph. To pick up his fork only if both forks are available and to do this, he must pick them up in a critical section (atomically). CodeHelp c. Odd-even rule. an odd ph. Picks up first his left fork and then his right fork, whereas an even ph. Picks up his right fork then his left fork. 13. Hence, only semaphores are not enough to solve this problem. We must add some enhancement rules to make deadlock free solution. CodeHelp

() operation. The process isrestarted by a wakeup () operation, which changes the process from thewaiting state to the ready state. The process is then placed in the readyqueue. CodeHelp Lec- 20: The Dining Philosophers problem 1. We have 5 philosophers. 2. They spend their life just being in two states: a. Thinking b. Eating 3. They sit on a circular table surrounded by 5 chairs (1 each), in the center of table is a bowl of noodles, and the table is laid with 5 single forks. 4.Thinking state: When a ph. Thinks, he doesn’t interact with others. 5.Eating state: When a ph. Gets hungry, he tries to pick up the 2 forks adjacent to him (Left and Right). He can pick one fork at a time. 6. One can’t pick up a fork if it is already taken. 7. When ph. Has both forks at the same time, he eats without releasing forks. 8. Solution can be given using semaphores. a. Each fork is a binary semaphore. b. A ph. Calls wait() operation to acquire a fork. c.Release fork by calling signal(). d.Semaphore fork[5]{1}; 9. Although the semaphore solution makes sure that no two neighbors are eating simultaneously but it could still create Deadlock . 10. Suppose that all 5 ph. Become hungry at the same time and each picks up their left fork, then All fork semaphores would be 0. 11. When each ph. Tries to grab his right fork, he will be waiting for ever (Deadlock) 12. We must use some methods to avoid Deadlock and make the solution work a. Allow at most 4 ph. To be sitting simultaneously. b. Allow a ph. To pick up his fork only if both forks are available and to do this, he must pick them up in a critical section (atomically). CodeHelp

recently used is always o n the bottom. d. As entri es mi ght be removed from the middle of the stack, so Doubly linked list can be used. d. Counting-b ased page replacement – Keep a counter of the number o f references that have been made to each page. (Reference counting) CodeHelp i.Least frequently used ( LFU) 1. Actively used pages should have a large reference count. 2. Replace page with the smallest count. ii.Most frequently used (MFU ) 1. Bas ed on the argument that the page with the smallest count was probably just brought in and has yet to be used. iii. Neither MFU nor LFU replacement is common. CodeHelp

busy waiting, what if thread that had acquired the lock dies, then all other threads will be in infinite waiting. ii.Deadlocks iii. Debugging iv. Starvation of high priority threads. CodeHelp LEC-17: Conditional Variable and Semaphores for Threads synchronization 1.Conditional variable a. The condition variable is a synchronization primitive that lets the thread wait until a certain condition occurs. b.Works with a lock c.Thread can enter a wait state only when it has acquired a lock. When a thread enters the wait state, it will release the lock and wait until anotherthread notifies that the event has occurred. Once the waiting thread entersthe running state, it again acquires the lock immediately and starts executing. d.Why to use conditional variable? i.To avoid busy waiting. e.Contention is not here. 2.Semaphores a.Synchronization method. b.An integer that is equal to number of resources c.Multiple threads can go and execute C.S concurrently. d.Allows multiple program threads to access the finite instance of resourceswhereas mutex allows multiple threads to access a single shared resourceone at a time. e.Binary semaphore: value can be 0 or 1. i.Aka, mutex locks f.Counting semaphore i.Can range over an unrestricted domain. ii.Can be used to control access to a given resource consisting of a finitenumber of instances. g.To overcome the need for busy waiting, we can modify the definition ofthe wait () and signal () semaphore operations. When a process executes thewait () operation and finds that the semaphore value is not positive, it mustwait. However, rather than engaging in busy waiting, the process car blockitself. The block- operation places a process into a waiting queue associatedwith the semaphore, and the state of the process is switched to the Waitingstate.

1. In the case of LRU and optimal page replacement algorithms, it is seen that the number of page faults will be reduced if we increase the number of frames. Ho wever, Balady found that, In FIFO page replacement algorithm, the number of page faults will get increased with the increment in number offrames. 2. This is the strange behavior shown by FIFO algorithm in some of the cases. b. Optimal page replacement i.Find if a page that is never referenced in future. If such a page exists, replace this page with new page.If no such page exists, find a page that is referenced farthest in future . Replace this page with new page. ii.Lowest page fault rate among any algorithm. iii. Difficult to implement as OS requires future knowledge of reference string which is kind of impossible. (Similar to SJF scheduling) c. Least-r ecently used (LRU) i.We can use recent past as an approximation of the near future then we can replace the page that has not been used fo r the longest period. ii.Can be implemented by two ways 1. Counters a. Associate time fi eld with each page table entry. b. Replace the page with smallest time value. 2. Stack a. Keep a stack of page number. b. Whenever page is referenced, it i s removed from the stack & put on the top. c. By this, most recently used is always on the top, & least recently used is always o n the bottom. d. As entri es mi ght be removed from the middle of the stack, so Doubly linked list can be used. d.

busy waiting, what if thread that had acquired the lock dies, then all other threads will be in infinite waiting. ii.Deadlocks iii. Debugging iv. Starvation of high priority threads. CodeHelp

Generate the study guide JSON.

2026-06-20 00:33:49,162 - INFO - -------------------------------------------------------
2026-06-20 00:34:09,822 - INFO - [PracticeEngine] Returning cached topics hierarchy for student 3
2026-06-20 00:34:09,880 - INFO - [PracticeEngine] Returning cached topics hierarchy for student 3
2026-06-20 00:34:16,198 - INFO - [PracticeEngine] Returning cached topics hierarchy for student 3
2026-06-20 00:34:16,260 - INFO - [PracticeEngine] Returning cached topics hierarchy for student 3
2026-06-20 00:34:25,942 - INFO - [PracticeEngine] Returning cached topics hierarchy for student 3
2026-06-20 00:34:26,014 - INFO - [PracticeEngine] Returning cached topics hierarchy for student 3
2026-06-20 00:36:25,936 - INFO - --- LLM PROMPT (Subject: Programming Fundamentals, Topic: Functions) ---
2026-06-20 00:36:25,937 - INFO - SYSTEM PROMPT:
You are teaching a first-year B.Tech CSE student.
Given the topic and context, generate a highly rigorous and extremely detailed technical study guide using ONLY valid JSON.

Your output must follow this strict JSON format:
{
    "notes": [
        {"type": "heading", "text": "Advanced Concept / Deep Dive"},
        {"type": "paragraph", "text": "In-depth technical explanation, covering edge cases, under-the-hood workings, and performance implications..."},
        {"type": "highlight", "variant": "constructive", "title": "Interview Pro-Tip", "text": "Crucial detail often asked in interviews..."},
        {"type": "code_block", "language": "python", "title": "Complex Implementation", "code": "def complex_algo(): pass"},
        {"type": "note", "text": "Advanced side note or historical context"}
    ],
    "revision": {
        "title": "Interview Cheat Sheet",
        "points": [
            {"id": 1, "text": "Advanced point 1"},
            {"id": 2, "text": "Advanced point 2"}
        ]
    }
}

RULES:
- `notes` array must use types: 'heading', 'paragraph', 'highlight' (variant: 'constructive' or 'destructive'), 'code_block' (include 'language', 'title', 'code'), or 'note'.
- The content MUST be highly rigorous and technically deep. Include complex edge cases, advanced theory, real-world system design implications, and interview-level insights. 
- NEVER generate basic, high-level, or "kidish" overviews. Assume the reader is preparing for a Senior or top-tier placement.
- Generate content ONLY within the context of the provided subject. Do not include concepts from other subjects. For example, if the topic is "Control Flow" and the subject is "Programming Fundamentals", focus on programming logic (if/else, loops) and DO NOT discuss Operating Systems concepts like semaphores or mutexes.
- `revision` should have 3-5 hard-hitting, concise bullet points.
- Do not use markdown fencing (e.g. ```json). Just return the raw JSON object.

2026-06-20 00:36:25,937 - INFO - USER PROMPT:
SUBJECT:
Programming Fundamentals

TOPIC:
Functions

CONTEXT:
Subject / Context: Programming Fundamentals
University of Technology, Kota Academic Performance Report — Semester 7, 2024-25 University-Level Summary Branch Appeared Passed Failed Pass % Distinction (>=75%) First Class (60-74%) Avg % CSE 95.8% 74.2 ECE 93.3% 71.8 IT 96.7% 75.1 ME 90.0% 68.4 EE 91.7% 69.2 CE 88.0% 65.8 CHE 83.3% 63.5 Total 92.6% 71.4 Subject-Wise Performance — CSE, Semester 7 Subject Max Avg Highest Lowest Pass % Distinction % Data Structures & Algorithms 78.4 94% 38% Operating Systems 74.2 92% 30% Database Systems 76.8 95% 34% Computer Networks 71.5 90% 26% Artificial Intelligence 80.1 96% 42% Cloud Computing 75.3 93% 31% DSA Lab 40.2 97% 55% AI / ML Mini Project 82.0 98% 52% Subject-Wise Performance — ECE, Semester 7 Subject Max Avg Highest Lowest Pass % Distinction % VLSI Design 72.1 91% 28% Digital Signal Processing 68.8 88% 22% Communication Systems 70.4 90% 25% Embedded Systems 74.5 93% 32% Antenna & Wave Propagation 66.2 86% 18% Microprocessors & Controllers 73.8 92% 30% Electronics Lab 38.4 96% 50% Top 10 Performers — All Branches, Semester 7 Rank Roll No. Name Branch Total Percentage Grade

8.0 Chennai Thoughtworks IT Consulting 10.0 Pune Naukri / Info Edge HR Tech 10.0 Noida Capgemini IT Consulting 7.2 Mumbai Cognizant IT Services 7.5 Chennai Tech Mahindra IT / Telecom 6.5 Pune Wipro IT Services 6.8 Multiple Company Sector Selected Package (LPA) Location HCL Technologies IT Services 6.0 Noida TCS IT Services 7.0 Multiple Infosys IT Services 6.5 Multiple Zensar Technologies IT Services 6.5 Pune Mphasis IT Services 6.8 Bengaluru HDFC Bank BFSI 7.5 Multiple ICICI Bank BFSI 7.0 Multiple ABB India Power / Auto 10.0 Bengaluru Larsen & Toubro Infrastructure 9.0 Multiple Sprinklr SaaS / CX 18.0 Gurugram DRDO (PSU) Defence / R&D 7.0 Multiple ISRO / VSSC Space / R&D 7.0 Trivandrum Bharat Electronics Defence Elec. 6.5 Bengaluru Placements by Industry Industry Placed % Share Avg Pkg (LPA) Top Recruiter Information Technology 46.1% 9.2 TCS / Infosys Electronics & Semiconductor 10.5% 19.4 Samsung / Qualcomm BFSI 9.5% 15.2 Goldman Sachs / JP Morgan Consulting & Analytics 8.5% 11.0 Deloitte / Accenture E-Commerce & Consumer Tech 7.5% 17.5 Amazon / Flipkart Fintech 7.0% 16.8 Razorpay / PhonePe Core Engineering & Auto

Location Navi Technologies Fintech 16.0 Bengaluru Oracle India Enterprise SW 14.0 Hyderabad Paytm Fintech 14.0 Noida Bosch Auto / Embedded 14.0 Bengaluru Juspay Fintech / SaaS 14.0 Bengaluru Myntra E-Commerce 14.0 Bengaluru Deloitte Consulting 12.0 Multiple EY Finance / Consult 11.5 Delhi NCR Ola Electric EV / Mobility 12.0 Bengaluru Siemens Industrial Auto 12.0 Pune Zepto Quick Commerce 15.0 Mumbai Cars24 AutoTech 12.0 Gurugram Hashedin by Deloitte Product Engg 12.0 Bengaluru L&T Technology Engineering 10.5 Mumbai KPMG Finance / Consult 10.0 Delhi NCR Persistent Systems Product / IT 10.0 Pune Nucleus Software Fintech 9.0 Noida upGrad EdTech 10.0 Mumbai Accenture IT Consulting 8.0 Gurugram Tata Motors Automobile 8.0 Pune BYJU's EdTech 8.0 Bengaluru PolicyBazaar Insurtech 9.0 Gurugram Lenskart D2C / Retail 10.0 Delhi NCR Mahindra Electric EV / Auto 9.0 Pune Schneider Electric Energy Mgmt 9.5 Delhi NCR Ather Energy EV / Mobility 11.0 Bengaluru Reliance Jio Telecom 8.5 Mumbai Zoho Corporation SaaS 8.0 Chennai Thoughtworks IT Consulting 10.0 Pune Naukri / Info Edge HR Tech 10.0 Noida Capgemini IT Consulting 7.2 Mumbai Cognizant IT Services 7.5 Chennai Tech Mahindra IT / Telecom

University of Technology, Kota Campus Placement Report 2024-25 — Training & Placement Cell Overview Metric Value Total Eligible Students Total Students Placed Overall Placement % 82.5% Highest Package 42 LPA Average Package 9.8 LPA Total Companies Visited Pre-Placement Offers (PPOs) Company-Wise Placement Details Company Sector Selected Package (LPA) Location Microsoft IT / Cloud 42.0 Hyderabad D.E. Shaw Quant Finance 42.0 Hyderabad Amazon E-Commerce / IT 38.5 Bengaluru Goldman Sachs BFSI 40.0 Bengaluru Nvidia GPU / AI 35.0 Bengaluru JP Morgan Chase BFSI 35.0 Mumbai VMware Cloud 28.0 Bengaluru Adobe SaaS 30.0 Noida PhonePe Fintech 25.0 Bengaluru Qualcomm Semiconductor 25.0 Hyderabad Texas Instruments Semiconductor 22.0 Bengaluru Intel India Semiconductor 20.0 Bengaluru Flipkart E-Commerce 20.0 Bengaluru Razorpay Fintech 20.0 Bengaluru Meesho E-Commerce 22.0 Bengaluru Samsung R&D Electronics 18.0 Bengaluru Zomato Consumer Tech 18.0 Gurugram Freshworks SaaS 18.0 Chennai SAP Labs Enterprise SW 16.0 Bengaluru Swiggy Consumer Tech 16.0 Bengaluru Company Sector Selected Package (LPA) Location Navi Technologies Fintech 16.0 Bengaluru Oracle India Enterprise SW 14.0 Hyderabad Paytm Fintech 14.0 Noida Bosch Auto / Embedded 14.0 Bengaluru Juspay Fintech / SaaS 14.0 Bengaluru Myntra E-Commerce

/ JP Morgan Consulting & Analytics 8.5% 11.0 Deloitte / Accenture E-Commerce & Consumer Tech 7.5% 17.5 Amazon / Flipkart Fintech 7.0% 16.8 Razorpay / PhonePe Core Engineering & Auto 5.5% 10.2 Bosch / Tata Motors Government & PSU 3.0% 7.0 DRDO / BEL Others 2.5% 9.5 upGrad / Lenskart Total 100% 9.8 — Placements by Sector Sector Companies Placed % Share Avg Pkg (LPA) Product-Based 31.9% 18.5 Service-Based IT 39.2% 7.2 Core / Manufacturing 10.5% 10.8 BFSI 9.5% 15.2 Government / PSU 3.0% 7.0 Start-ups (Series B+) 6.0% 14.0 Sector Companies Placed % Share Avg Pkg (LPA) Total 100% 9.8 Placements by Geography City / Region Placed % Share Avg Pkg (LPA) Key Companies Bengaluru 36.9% 12.4 Amazon, Infosys, Samsung, Flipkart Hyderabad 18.0% 16.2 Microsoft, Qualcomm, Oracle, D.E. Shaw Delhi NCR 14.5% 9.0 Accenture, HCL, TCS, Schneider Pune 10.5% 8.8 Tech Mahindra, Capgemini, Bosch Mumbai 7.5% 14.5 Reliance Jio, JP Morgan, KPMG Chennai 5.0% 8.0 Cognizant, Freshworks, Zoho Noida/Gurugram 4.5% 10.2 Paytm, HCL, Deloitte Multiple/Remote 2.5% 6.8 TCS, Infosys, Wipro Other Cities 0.7% 7.0 Various PSUs Total 100% 9.8 — Branch-Wise Placement Summary Branch Eligible Placed % Placed Avg Pkg (LPA) Highest Pkg (LPA) PPOs CSE

66.2 86% 18% Microprocessors & Controllers 73.8 92% 30% Electronics Lab 38.4 96% 50% Top 10 Performers — All Branches, Semester 7 Rank Roll No. Name Branch Total Percentage Grade CS703 Riya Sharma CSE 612/650 94.2% O CS708 Sneha Roy CSE 608/650 93.5% O IT204 Aryan Kapoor IT 604/650 92.9% O CS714 Meera Nair CSE 598/650 92.0% O IT208 Priya Sharma IT 594/650 91.4% O EC112 Divya Menon ECE 590/650 90.8% A+ CS701 Keshav Gupta CSE 558/650 85.8% A CS715 Siddharth Jain CSE 553/650 85.1% A ME308 Rohit Tiwari ME 545/650 83.8% A EE415 Ananya Singh EE 540/650 83.1% A Failed / Back Students Summary Branch Appeared Failed Back (1 subject) Back (2+ subjects) Detained (<40%) CSE ECE IT ME EE CE CHE Total Note: 'Detained' means below 40% aggregate — student must repeat the semester. 'Back' means failure in individual subjects requiring supplementary exams. Results are provisional and subject to verification by the Controller of Examinations.

6.8 TCS, Infosys, Wipro Other Cities 0.7% 7.0 Various PSUs Total 100% 9.8 — Branch-Wise Placement Summary Branch Eligible Placed % Placed Avg Pkg (LPA) Highest Pkg (LPA) PPOs CSE 89.0% 12.4 42.0 ECE 81.8% 9.8 25.0 IT 88.9% 11.5 38.5 ME 71.8% 8.2 14.0 EE 75.9% 8.8 18.0 CE 58.3% 6.8 10.0 CHE 47.1% 7.5 12.0 Total 78.0% 9.8 42.0 Year-on-Year Trend Year Eligible Placed % Placed Avg Pkg (LPA) Highest Pkg (LPA) 2020-21 73.1% 7.2 28.0 2021-22 79.5% 8.1 32.0 2022-23 80.3% 8.9 38.0 2023-24 81.6% 9.3 40.0 2024-25 82.5% 9.8 42.0 Note: Data as of 31 March 2025. PPOs and off-campus placements are included. Dream offers (>20 LPA) are not double-counted.

 Posting content that brings disrepute to the institution or staff on social media is prohibited.  Cyber-bullying, hacking, or unauthorised system access constitutes a cognizable offence. 8. Grievance Redressal  Grievances may be submitted through the online portal, suggestion boxes, or the Student Grievance Committee.  All grievances are acknowledged within 48 hours and resolved within 15 working days.  Appeals against committee decisions must be filed with the Dean of Student Affairs within 7 days. 9. Disciplinary Penalties  The Discipline Committee includes the Principal, two senior faculty, and one student representative.  Penalties range from written warnings and fines to suspension (up to 2 semesters) or expulsion.  Students under disciplinary action are ineligible for scholarships or college representation until cleared. All students must sign the Student Declaration Form at enrollment, acknowledging they have read and agree to these rules. These rules are subject to revision; the latest version is available on the student portal.

Generate the study guide JSON.
IMPORTANT: Only use the CONTEXT if it strictly belongs to the SUBJECT (Programming Fundamentals). If the context is about a different subject (e.g., Operating Systems), IGNORE the context entirely and use your general knowledge.

Generate notes ONLY within the context of Programming Fundamentals.
Do NOT discuss Operating Systems concepts such as processes, threads, synchronization, semaphores, deadlocks, scheduling, memory management, segmentation, or paging.
Allowed concepts: function definition, function call, parameters, return values, scope, recursion, basic programming functions.

2026-06-20 00:36:25,937 - INFO - -------------------------------------------------------
2026-06-20 00:37:49,958 - ERROR - [PracticeEngine] Failed to save topics cache to disk: [Errno 13] Permission denied: '/home/galaxy/Desktop/Student_System/Backend/services/topics_cache.json'
2026-06-20 00:37:49,985 - ERROR - [PracticeEngine] Failed to save topics cache to disk: [Errno 13] Permission denied: '/home/galaxy/Desktop/Student_System/Backend/services/topics_cache.json'
2026-06-20 00:38:53,574 - INFO - [PracticeEngine] Returning cached topics hierarchy for student 3
2026-06-20 00:38:53,577 - INFO - [PracticeEngine] Returning cached topics hierarchy for student 3
2026-06-20 00:38:53,713 - INFO - [PracticeEngine] Returning cached topics hierarchy for student 3
2026-06-20 00:38:53,874 - INFO - [PracticeEngine] Returning cached topics hierarchy for student 3
2026-06-20 00:39:06,294 - INFO - [PracticeEngine] Returning cached topics hierarchy for student 3
2026-06-20 00:39:06,380 - INFO - [PracticeEngine] Returning cached topics hierarchy for student 3
2026-06-20 00:39:06,414 - INFO - [PracticeEngine] Returning cached topics hierarchy for student 3
2026-06-20 00:39:06,606 - INFO - [PracticeEngine] Returning cached topics hierarchy for student 3
2026-06-20 00:39:12,631 - INFO - [PracticeEngine] Returning cached topics hierarchy for student 3
2026-06-20 00:39:12,722 - INFO - [PracticeEngine] Returning cached topics hierarchy for student 3
2026-06-20 00:39:17,443 - INFO - [PracticeEngine] Returning cached topics hierarchy for student 3
2026-06-20 00:39:17,443 - INFO - [PracticeEngine] Returning cached topics hierarchy for student 3
2026-06-20 00:39:23,052 - INFO - [PracticeEngine] Returning cached topics hierarchy for student 3
2026-06-20 00:39:23,052 - INFO - [PracticeEngine] Returning cached topics hierarchy for student 3
2026-06-20 00:39:23,446 - INFO - --- LLM PROMPT (Subject: semester-1, Topic: Functions) ---
2026-06-20 00:39:23,446 - INFO - SYSTEM PROMPT:
You are teaching a first-year B.Tech CSE student.
Given the topic and context, generate a highly rigorous and extremely detailed technical study guide using ONLY valid JSON.

Your output must follow this strict JSON format:
{
    "notes": [
        {"type": "heading", "text": "Advanced Concept / Deep Dive"},
        {"type": "paragraph", "text": "In-depth technical explanation, covering edge cases, under-the-hood workings, and performance implications..."},
        {"type": "highlight", "variant": "constructive", "title": "Interview Pro-Tip", "text": "Crucial detail often asked in interviews..."},
        {"type": "code_block", "language": "python", "title": "Complex Implementation", "code": "def complex_algo(): pass"},
        {"type": "note", "text": "Advanced side note or historical context"}
    ],
    "revision": {
        "title": "Interview Cheat Sheet",
        "points": [
            {"id": 1, "text": "Advanced point 1"},
            {"id": 2, "text": "Advanced point 2"}
        ]
    }
}

RULES:
- `notes` array must use types: 'heading', 'paragraph', 'highlight' (variant: 'constructive' or 'destructive'), 'code_block' (include 'language', 'title', 'code'), or 'note'.
- The content MUST be highly rigorous and technically deep. Include complex edge cases, advanced theory, real-world system design implications, and interview-level insights. 
- NEVER generate basic, high-level, or "kidish" overviews. Assume the reader is preparing for a Senior or top-tier placement.
- Generate content ONLY within the context of the provided subject. Do not include concepts from other subjects. For example, if the topic is "Control Flow" and the subject is "Programming Fundamentals", focus on programming logic (if/else, loops) and DO NOT discuss Operating Systems concepts like semaphores or mutexes.
- `revision` should have 3-5 hard-hitting, concise bullet points.
- Do not use markdown fencing (e.g. ```json). Just return the raw JSON object.

2026-06-20 00:39:23,446 - INFO - USER PROMPT:
SUBJECT:
semester-1

TOPIC:
Functions

CONTEXT:
Subject / Context: semester-1
contains t he same type of functions such as the main function can be included in one segment and the library functions can be included in the other segment. 9. .Advantages : a. No internal fragmentation. b. One segment has a contiguous allocation , hence efficient working within segment. c. The size o f segment table is gen erally less than the size of page table. d. It results in a more efficient system because the compiler keeps the same type of functions in one segment. 11. Disadvantages: a. External fragmentation. b. The d ifferent size of segment is not goo d that the time of swapping. 12. Modern System architecture provides both segmentation and paging implemented in some hybrid approach. CodeHelp

for cultural events with over 500 attendees. Social Media Lead Event Manager, Incognito, Kernel, Fit India Clubs •Managed promotions and digital strategies across three clubs, boosting student engagement by 25%.

recently used is always o n the bottom. d. As entri es mi ght be removed from the middle of the stack, so Doubly linked list can be used. d. Counting-b ased page replacement – Keep a counter of the number o f references that have been made to each page. (Reference counting) CodeHelp i.Least frequently used ( LFU) 1. Actively used pages should have a large reference count. 2. Replace page with the smallest count. ii.Most frequently used (MFU ) 1. Bas ed on the argument that the page with the smallest count was probably just brought in and has yet to be used. iii. Neither MFU nor LFU replacement is common. CodeHelp

cycle is eliminated. b. Resource preemption i. To eliminate DL, we successively preempt some resources from processes and give these resources to other processes until DL cycle is broken. CodeHelp

number of processes in the memory. a. LTS controls degree of multi-programming. 4. Dispatcher: The module of OS that gives control of CPU to a process selected by STS. CodeHelp

ory. ii.User can never access the physical address of the Program . iii. The physical address is in the memory unit. It’s a location in the main memory physically. iv. A physical address can be accessed by a user indirectly b ut not directly. v.The set of all physical addresses corresponding to the Logical addresses is commonlyknown as Physical Address Space. vi. It is computed by the Memory Management Unit ( MMU). vii. Range: (R + 0) to (R + max) , for a base value R. c. The runtime mapping from virtual to physical address is done by a hardware device called t he memory -ma nagement un it (MMU). d. The user's program mainly generates the lo gical address, and the user thinks that the program i s running in this logical addr ess, but the program mainly needs physical memory in order to complete its execution . e. 4. How OS manages the isolation and prote ct? (Memory Mapping and Protection) a. OS provides this Virtual Address Space (VAS) concept . b. To separate memor y space , we need the abi lity to determine the range of legal addresses that the process may access and to ensure th at the process can access only these legal addresses. c. The relocation re gister contains value of smallest physical address (Base address [R]); the lim it register contains the ran ge of logical addresses (e.g., relocation = 100040 & limit = 74600). d. Each logical address must be less th an the limit regi ster. CodeHelp

Complex Preemption No No Yes No Yes Yes Yes Yes Convoy effect Yes Yes No Yes Yes No Yes Yes Overhead No No Yes No Yes Yes Yes Yes CodeHelpµ⑧ LEC- 15: Introduction to Co ncurrency 1. Concurrency is the execution of the multiple instruction sequences at the same time. It happens in the operating system when there are several process threads running in parallel. 2. Thread: • Single sequence stream within a process. • An independent path of execution in a process. • Light-weight process. • Used to achieve parallelism by dividing a process’s tasks which are independent path of execution. • E.g., Multiple tabs in a browser, text editor (When you are typing in an editor, spellchecking, formatting of text and saving the text are done concurrently by multiple threads.) 3. Thread Scheduling: Threads are scheduled for execution based on their priority. Even though threads are executing within the runtime, all threads are assigned processor time slices by the operating system. 4. Threads context switching • OS saves current state of thread & switches to another thread of same process. • Doesn’t includes switching of memory address space. (But Program counter, registers & stack are included.) • Fast switching as compared to process switching • CPU’s cache state is preserved. 5. How each thread get access to the CPU? • Each thread has its own program counter. • Depending upon the thread scheduling algorithm, OS schedule these threads. • OS will fetch instructions corresponding to PC of that thread and execute instruction. 6.

e. Max. throughput of system. 6. Throughput: No. o f processes completed per unit time. 7. Arrival time (A T): Time when process is arrived at the ready queue. 8. Burst time (BT): The time requi red by the process for its execution. 9. Turnaround time (T AT): Time taken from first time process enters rea dy state till it terminates. (CT - AT) 10. Wait time (WT): Time process spends waiting for CPU. (WT = TAT – BT) 11. Response time: Time duration between p rocess getting into ready queue and process getting CPU for the first time. 12.Completion Time (CT): Time taken till process gets terminated. 13. FCFS (First co me-fi rst serve): a. Whichever process comes first in the ready queue will be given CPU first. b. In this, if one process has longer BT. It will have major effect on average WT of diff processes, called Convoy effect. c. Convoy Effect is a situation where many processes, who need to use a resource for a short time, are blocked by one process holding that resource for a long time. i.This cause poor resource management. CodeHelp

Generate the study guide JSON.
IMPORTANT: Only use the CONTEXT if it strictly belongs to the SUBJECT (semester-1). If the context is about a different subject (e.g., Operating Systems), IGNORE the context entirely and use your general knowledge.

2026-06-20 00:39:23,446 - INFO - -------------------------------------------------------
2026-06-20 00:39:39,794 - INFO - [PracticeEngine] Returning cached topics hierarchy for student 3
2026-06-20 00:39:39,859 - INFO - [PracticeEngine] Returning cached topics hierarchy for student 3
2026-06-20 00:39:40,216 - INFO - --- LLM PROMPT (Subject: semester-1, Topic: Recursion) ---
2026-06-20 00:39:40,216 - INFO - SYSTEM PROMPT:
You are teaching a first-year B.Tech CSE student.
Given the topic and context, generate a highly rigorous and extremely detailed technical study guide using ONLY valid JSON.

Your output must follow this strict JSON format:
{
    "notes": [
        {"type": "heading", "text": "Advanced Concept / Deep Dive"},
        {"type": "paragraph", "text": "In-depth technical explanation, covering edge cases, under-the-hood workings, and performance implications..."},
        {"type": "highlight", "variant": "constructive", "title": "Interview Pro-Tip", "text": "Crucial detail often asked in interviews..."},
        {"type": "code_block", "language": "python", "title": "Complex Implementation", "code": "def complex_algo(): pass"},
        {"type": "note", "text": "Advanced side note or historical context"}
    ],
    "revision": {
        "title": "Interview Cheat Sheet",
        "points": [
            {"id": 1, "text": "Advanced point 1"},
            {"id": 2, "text": "Advanced point 2"}
        ]
    }
}

RULES:
- `notes` array must use types: 'heading', 'paragraph', 'highlight' (variant: 'constructive' or 'destructive'), 'code_block' (include 'language', 'title', 'code'), or 'note'.
- The content MUST be highly rigorous and technically deep. Include complex edge cases, advanced theory, real-world system design implications, and interview-level insights. 
- NEVER generate basic, high-level, or "kidish" overviews. Assume the reader is preparing for a Senior or top-tier placement.
- Generate content ONLY within the context of the provided subject. Do not include concepts from other subjects. For example, if the topic is "Control Flow" and the subject is "Programming Fundamentals", focus on programming logic (if/else, loops) and DO NOT discuss Operating Systems concepts like semaphores or mutexes.
- `revision` should have 3-5 hard-hitting, concise bullet points.
- Do not use markdown fencing (e.g. ```json). Just return the raw JSON object.

2026-06-20 00:39:40,216 - INFO - USER PROMPT:
SUBJECT:
semester-1

TOPIC:
Recursion

CONTEXT:
Subject / Context: semester-1
cycle is eliminated. b. Resource preemption i. To eliminate DL, we successively preempt some resources from processes and give these resources to other processes until DL cycle is broken. CodeHelp

() operation. The process isrestarted by a wakeup () operation, which changes the process from thewaiting state to the ready state. The process is then placed in the readyqueue. CodeHelp Lec- 20: The Dining Philosophers problem 1. We have 5 philosophers. 2. They spend their life just being in two states: a. Thinking b. Eating 3. They sit on a circular table surrounded by 5 chairs (1 each), in the center of table is a bowl of noodles, and the table is laid with 5 single forks. 4.Thinking state: When a ph. Thinks, he doesn’t interact with others. 5.Eating state: When a ph. Gets hungry, he tries to pick up the 2 forks adjacent to him (Left and Right). He can pick one fork at a time. 6. One can’t pick up a fork if it is already taken. 7. When ph. Has both forks at the same time, he eats without releasing forks. 8. Solution can be given using semaphores. a. Each fork is a binary semaphore. b. A ph. Calls wait() operation to acquire a fork. c.Release fork by calling signal(). d.Semaphore fork[5]{1}; 9. Although the semaphore solution makes sure that no two neighbors are eating simultaneously but it could still create Deadlock . 10. Suppose that all 5 ph. Become hungry at the same time and each picks up their left fork, then All fork semaphores would be 0. 11. When each ph. Tries to grab his right fork, he will be waiting for ever (Deadlock) 12. We must use some methods to avoid Deadlock and make the solution work a. Allow at most 4 ph. To be sitting simultaneously. b. Allow a ph. To pick up his fork only if both forks are available and to do this, he must pick them up in a critical section (atomically). CodeHelp

b. Allow a ph. To pick up his fork only if both forks are available and to do this, he must pick them up in a critical section (atomically). CodeHelp c. Odd-even rule. an odd ph. Picks up first his left fork and then his right fork, whereas an even ph. Picks up his right fork then his left fork. 13. Hence, only semaphores are not enough to solve this problem. We must add some enhancement rules to make deadlock free solution. CodeHelp

no useful work whi le switching. d. Speed varies from machine t o machine, depending on the mem ory speed, the number of registers that must be copied etc. 3. Orpha n proce ss a. The process whose parent process ha s been terminated and it is still running. b. Orphan processes are adopted by init process. c. Init is the first process of OS. 4. Zombie process / Defunct process a. A zombie process is a process whose execution is completed but it still has an entry in the process table. b. Zombie processes usually occur for child processes, as the parent process still needs to read its child’s exit status. Once this is done using the wait system call, the zombie process is eliminated from the process table. This is known as reaping the zombie process. c. It is because parent process may call wait () on child process for a longer time dur ation and child process got terminated much earlier. d. As entry in the process table can only be removed, after the parent process reads the exit status of child process. Hence, the child process remains a zombie till it is removed from the process table. CodeHelp

e. Max. throughput of system. 6. Throughput: No. o f processes completed per unit time. 7. Arrival time (A T): Time when process is arrived at the ready queue. 8. Burst time (BT): The time requi red by the process for its execution. 9. Turnaround time (T AT): Time taken from first time process enters rea dy state till it terminates. (CT - AT) 10. Wait time (WT): Time process spends waiting for CPU. (WT = TAT – BT) 11. Response time: Time duration between p rocess getting into ready queue and process getting CPU for the first time. 12.Completion Time (CT): Time taken till process gets terminated. 13. FCFS (First co me-fi rst serve): a. Whichever process comes first in the ready queue will be given CPU first. b. In this, if one process has longer BT. It will have major effect on average WT of diff processes, called Convoy effect. c. Convoy Effect is a situation where many processes, who need to use a resource for a short time, are blocked by one process holding that resource for a long time. i.This cause poor resource management. CodeHelp

recently used is always o n the bottom. d. As entri es mi ght be removed from the middle of the stack, so Doubly linked list can be used. d. Counting-b ased page replacement – Keep a counter of the number o f references that have been made to each page. (Reference counting) CodeHelp i.Least frequently used ( LFU) 1. Actively used pages should have a large reference count. 2. Replace page with the smallest count. ii.Most frequently used (MFU ) 1. Bas ed on the argument that the page with the smallest count was probably just brought in and has yet to be used. iii. Neither MFU nor LFU replacement is common. CodeHelp

1. In the case of LRU and optimal page replacement algorithms, it is seen that the number of page faults will be reduced if we increase the number of frames. Ho wever, Balady found that, In FIFO page replacement algorithm, the number of page faults will get increased with the increment in number offrames. 2. This is the strange behavior shown by FIFO algorithm in some of the cases. b. Optimal page replacement i.Find if a page that is never referenced in future. If such a page exists, replace this page with new page.If no such page exists, find a page that is referenced farthest in future . Replace this page with new page. ii.Lowest page fault rate among any algorithm. iii. Difficult to implement as OS requires future knowledge of reference string which is kind of impossible. (Similar to SJF scheduling) c. Least-r ecently used (LRU) i.We can use recent past as an approximation of the near future then we can replace the page that has not been used fo r the longest period. ii.Can be implemented by two ways 1. Counters a. Associate time fi eld with each page table entry. b. Replace the page with smallest time value. 2. Stack a. Keep a stack of page number. b. Whenever page is referenced, it i s removed from the stack & put on the top. c. By this, most recently used is always on the top, & least recently used is always o n the bottom. d. As entri es mi ght be removed from the middle of the stack, so Doubly linked list can be used. d.

number of processes in the memory. a. LTS controls degree of multi-programming. 4. Dispatcher: The module of OS that gives control of CPU to a process selected by STS. CodeHelp

Generate the study guide JSON.
IMPORTANT: Only use the CONTEXT if it strictly belongs to the SUBJECT (semester-1). If the context is about a different subject (e.g., Operating Systems), IGNORE the context entirely and use your general knowledge.

2026-06-20 00:39:40,216 - INFO - -------------------------------------------------------
2026-06-20 00:39:54,180 - INFO - [PracticeEngine] Returning cached topics hierarchy for student 3
2026-06-20 00:39:54,242 - INFO - [PracticeEngine] Returning cached topics hierarchy for student 3
2026-06-20 00:39:54,575 - INFO - --- LLM PROMPT (Subject: semester-1, Topic: Strings) ---
2026-06-20 00:39:54,575 - INFO - SYSTEM PROMPT:
You are teaching a first-year B.Tech CSE student.
Given the topic and context, generate a highly rigorous and extremely detailed technical study guide using ONLY valid JSON.

Your output must follow this strict JSON format:
{
    "notes": [
        {"type": "heading", "text": "Advanced Concept / Deep Dive"},
        {"type": "paragraph", "text": "In-depth technical explanation, covering edge cases, under-the-hood workings, and performance implications..."},
        {"type": "highlight", "variant": "constructive", "title": "Interview Pro-Tip", "text": "Crucial detail often asked in interviews..."},
        {"type": "code_block", "language": "python", "title": "Complex Implementation", "code": "def complex_algo(): pass"},
        {"type": "note", "text": "Advanced side note or historical context"}
    ],
    "revision": {
        "title": "Interview Cheat Sheet",
        "points": [
            {"id": 1, "text": "Advanced point 1"},
            {"id": 2, "text": "Advanced point 2"}
        ]
    }
}

RULES:
- `notes` array must use types: 'heading', 'paragraph', 'highlight' (variant: 'constructive' or 'destructive'), 'code_block' (include 'language', 'title', 'code'), or 'note'.
- The content MUST be highly rigorous and technically deep. Include complex edge cases, advanced theory, real-world system design implications, and interview-level insights. 
- NEVER generate basic, high-level, or "kidish" overviews. Assume the reader is preparing for a Senior or top-tier placement.
- Generate content ONLY within the context of the provided subject. Do not include concepts from other subjects. For example, if the topic is "Control Flow" and the subject is "Programming Fundamentals", focus on programming logic (if/else, loops) and DO NOT discuss Operating Systems concepts like semaphores or mutexes.
- `revision` should have 3-5 hard-hitting, concise bullet points.
- Do not use markdown fencing (e.g. ```json). Just return the raw JSON object.

2026-06-20 00:39:54,575 - INFO - USER PROMPT:
SUBJECT:
semester-1

TOPIC:
Strings

CONTEXT:
Subject / Context: semester-1
for cultural events with over 500 attendees. Social Media Lead Event Manager, Incognito, Kernel, Fit India Clubs •Managed promotions and digital strategies across three clubs, boosting student engagement by 25%.

Complex Preemption No No Yes No Yes Yes Yes Yes Convoy effect Yes Yes No Yes Yes No Yes Yes Overhead No No Yes No Yes Yes Yes Yes CodeHelpµ⑧ LEC- 15: Introduction to Co ncurrency 1. Concurrency is the execution of the multiple instruction sequences at the same time. It happens in the operating system when there are several process threads running in parallel. 2. Thread: • Single sequence stream within a process. • An independent path of execution in a process. • Light-weight process. • Used to achieve parallelism by dividing a process’s tasks which are independent path of execution. • E.g., Multiple tabs in a browser, text editor (When you are typing in an editor, spellchecking, formatting of text and saving the text are done concurrently by multiple threads.) 3. Thread Scheduling: Threads are scheduled for execution based on their priority. Even though threads are executing within the runtime, all threads are assigned processor time slices by the operating system. 4. Threads context switching • OS saves current state of thread & switches to another thread of same process. • Doesn’t includes switching of memory address space. (But Program counter, registers & stack are included.) • Fast switching as compared to process switching • CPU’s cache state is preserved. 5. How each thread get access to the CPU? • Each thread has its own program counter. • Depending upon the thread scheduling algorithm, OS schedule these threads. • OS will fetch instructions corresponding to PC of that thread and execute instruction. 6.

recently used is always o n the bottom. d. As entri es mi ght be removed from the middle of the stack, so Doubly linked list can be used. d. Counting-b ased page replacement – Keep a counter of the number o f references that have been made to each page. (Reference counting) CodeHelp i.Least frequently used ( LFU) 1. Actively used pages should have a large reference count. 2. Replace page with the smallest count. ii.Most frequently used (MFU ) 1. Bas ed on the argument that the page with the smallest count was probably just brought in and has yet to be used. iii. Neither MFU nor LFU replacement is common. CodeHelp

b. Allow a ph. To pick up his fork only if both forks are available and to do this, he must pick them up in a critical section (atomically). CodeHelp c. Odd-even rule. an odd ph. Picks up first his left fork and then his right fork, whereas an even ph. Picks up his right fork then his left fork. 13. Hence, only semaphores are not enough to solve this problem. We must add some enhancement rules to make deadlock free solution. CodeHelp

cycle is eliminated. b. Resource preemption i. To eliminate DL, we successively preempt some resources from processes and give these resources to other processes until DL cycle is broken. CodeHelp

KESHAV GUPTA (+91) 9625122267 keshavg2539@gmail.com linkedin.com/in/keshav-gupta2539 github.com/keshavg125 EDUCATION Indian Institute of Information Technology, Kota 2022 – 2026 Bachelor of Technology in Electronics and Communication Engineering [ECE] WORK EXPERIENCE AI ML Intern – Edunet Foundation (Microsoft-AICTE Program) Apr 2025 – May 2025 •Engineered an end-to-end NLP application by designing a data pipeline for text extraction, preprocessing, and performing sentiment analysis using Hugging Face transformer models. •Conducted statistical analysis on chat logs, performing data modeling to identify key engagement drivers and visualize communication patterns for stakeholder review via a Streamlit dashboard. PROJECTS Whisper-Small Fine-Tuning for Hindi ASR (Deep Learning) •Improved ASR accuracy by 50.1% (reducing WER to 42.01%) by designing a complete ETL pipeline and fine-tuning the ‘openai/whisper-small‘ model on a custom Hindi dataset. •Accelerated model training and inference on GPU hardware using Hugging Face ‘transformers‘ and mixed-precision (FP16), preparing the model for production-level deployment. Customer Churn Prediction (Predictive Modeling) •Developed a predictive modeling framework that achieved 79% accuracy and 64% recall , providing a reliable tool for identifying at-risk customers from a large-scale Telco dataset. •Executed comprehensive feature engineering and selection, then applied SMOTE to rectify significant class imbalance, boosting model performance for business intelligence applications. •Optimized machine learning models (XGBoost, LightGBM) using hyperparameter tuning (GridSearchCV) and validated model performance using a suite of metrics including ROC/AUC curves.

busy waiting, what if thread that had acquired the lock dies, then all other threads will be in infinite waiting. ii.Deadlocks iii. Debugging iv. Starvation of high priority threads. CodeHelp LEC-17: Conditional Variable and Semaphores for Threads synchronization 1.Conditional variable a. The condition variable is a synchronization primitive that lets the thread wait until a certain condition occurs. b.Works with a lock c.Thread can enter a wait state only when it has acquired a lock. When a thread enters the wait state, it will release the lock and wait until anotherthread notifies that the event has occurred. Once the waiting thread entersthe running state, it again acquires the lock immediately and starts executing. d.Why to use conditional variable? i.To avoid busy waiting. e.Contention is not here. 2.Semaphores a.Synchronization method. b.An integer that is equal to number of resources c.Multiple threads can go and execute C.S concurrently. d.Allows multiple program threads to access the finite instance of resourceswhereas mutex allows multiple threads to access a single shared resourceone at a time. e.Binary semaphore: value can be 0 or 1. i.Aka, mutex locks f.Counting semaphore i.Can range over an unrestricted domain. ii.Can be used to control access to a given resource consisting of a finitenumber of instances. g.To overcome the need for busy waiting, we can modify the definition ofthe wait () and signal () semaphore operations. When a process executes thewait () operation and finds that the semaphore value is not positive, it mustwait. However, rather than engaging in busy waiting, the process car blockitself. The block- operation places a process into a waiting queue associatedwith the semaphore, and the state of the process is switched to the Waitingstate.

number of processes in the memory. a. LTS controls degree of multi-programming. 4. Dispatcher: The module of OS that gives control of CPU to a process selected by STS. CodeHelp

Generate the study guide JSON.
IMPORTANT: Only use the CONTEXT if it strictly belongs to the SUBJECT (semester-1). If the context is about a different subject (e.g., Operating Systems), IGNORE the context entirely and use your general knowledge.

2026-06-20 00:39:54,575 - INFO - -------------------------------------------------------
2026-06-20 00:40:07,208 - INFO - [PracticeEngine] Returning cached topics hierarchy for student 3
2026-06-20 00:40:07,281 - INFO - [PracticeEngine] Returning cached topics hierarchy for student 3
2026-06-20 00:40:07,752 - INFO - --- LLM PROMPT (Subject: semester-1, Topic: Conditional Statements) ---
2026-06-20 00:40:07,752 - INFO - SYSTEM PROMPT:
You are teaching a first-year B.Tech CSE student.
Given the topic and context, generate a highly rigorous and extremely detailed technical study guide using ONLY valid JSON.

Your output must follow this strict JSON format:
{
    "notes": [
        {"type": "heading", "text": "Advanced Concept / Deep Dive"},
        {"type": "paragraph", "text": "In-depth technical explanation, covering edge cases, under-the-hood workings, and performance implications..."},
        {"type": "highlight", "variant": "constructive", "title": "Interview Pro-Tip", "text": "Crucial detail often asked in interviews..."},
        {"type": "code_block", "language": "python", "title": "Complex Implementation", "code": "def complex_algo(): pass"},
        {"type": "note", "text": "Advanced side note or historical context"}
    ],
    "revision": {
        "title": "Interview Cheat Sheet",
        "points": [
            {"id": 1, "text": "Advanced point 1"},
            {"id": 2, "text": "Advanced point 2"}
        ]
    }
}

RULES:
- `notes` array must use types: 'heading', 'paragraph', 'highlight' (variant: 'constructive' or 'destructive'), 'code_block' (include 'language', 'title', 'code'), or 'note'.
- The content MUST be highly rigorous and technically deep. Include complex edge cases, advanced theory, real-world system design implications, and interview-level insights. 
- NEVER generate basic, high-level, or "kidish" overviews. Assume the reader is preparing for a Senior or top-tier placement.
- Generate content ONLY within the context of the provided subject. Do not include concepts from other subjects. For example, if the topic is "Control Flow" and the subject is "Programming Fundamentals", focus on programming logic (if/else, loops) and DO NOT discuss Operating Systems concepts like semaphores or mutexes.
- `revision` should have 3-5 hard-hitting, concise bullet points.
- Do not use markdown fencing (e.g. ```json). Just return the raw JSON object.

2026-06-20 00:40:07,752 - INFO - USER PROMPT:
SUBJECT:
semester-1

TOPIC:
Conditional Statements

CONTEXT:
Subject / Context: semester-1
busy waiting, what if thread that had acquired the lock dies, then all other threads will be in infinite waiting. ii.Deadlocks iii. Debugging iv. Starvation of high priority threads. CodeHelp LEC-17: Conditional Variable and Semaphores for Threads synchronization 1.Conditional variable a. The condition variable is a synchronization primitive that lets the thread wait until a certain condition occurs. b.Works with a lock c.Thread can enter a wait state only when it has acquired a lock. When a thread enters the wait state, it will release the lock and wait until anotherthread notifies that the event has occurred. Once the waiting thread entersthe running state, it again acquires the lock immediately and starts executing. d.Why to use conditional variable? i.To avoid busy waiting. e.Contention is not here. 2.Semaphores a.Synchronization method. b.An integer that is equal to number of resources c.Multiple threads can go and execute C.S concurrently. d.Allows multiple program threads to access the finite instance of resourceswhereas mutex allows multiple threads to access a single shared resourceone at a time. e.Binary semaphore: value can be 0 or 1. i.Aka, mutex locks f.Counting semaphore i.Can range over an unrestricted domain. ii.Can be used to control access to a given resource consisting of a finitenumber of instances. g.To overcome the need for busy waiting, we can modify the definition ofthe wait () and signal () semaphore operations. When a process executes thewait () operation and finds that the semaphore value is not positive, it mustwait. However, rather than engaging in busy waiting, the process car blockitself. The block- operation places a process into a waiting queue associatedwith the semaphore, and the state of the process is switched to the Waitingstate.

b. Allow a ph. To pick up his fork only if both forks are available and to do this, he must pick them up in a critical section (atomically). CodeHelp c. Odd-even rule. an odd ph. Picks up first his left fork and then his right fork, whereas an even ph. Picks up his right fork then his left fork. 13. Hence, only semaphores are not enough to solve this problem. We must add some enhancement rules to make deadlock free solution. CodeHelp

cycle is eliminated. b. Resource preemption i. To eliminate DL, we successively preempt some resources from processes and give these resources to other processes until DL cycle is broken. CodeHelp

cycle is eliminated. b. Resource preemption i. To eliminate DL, we successively preempt some resources from processes and give these resources to other processes until DL cycle is broken. CodeHelp LEC-24: Memory Management Techniques | Contiguous Memory Allocation 1. In Multi- programming environment , we have multiple processes in the main memory ( Read y Queue) to keep the CPU utilization high and to make c omputer responsive to the users. 2. To realize this increa se in perfo rmance, however, we must keep several proce sses in the memory; that is, w e must sh are the main memory. As a result, we must manage main memory for all the diff eren t pro cesses. 3. Logical versus Physical Ad dress Space a. Logical Ad dress i.An address generated by the CPU . ii.The logical address is basically the address of an instruction or data used by a p rocess. iii. User can access log ical address of the process. iv. User has indire ct access to the physical ad dress through logical address. v.Logical address does not exist physically . Hence, aka, Vir tual address. vi. The set of all logical addresses that are generated by any program is referred to as Logical Address Space. vii. Range: 0 t o max . b. Physical Address i.An address loaded into the memory -address register of the physical mem ory. ii.User can never access the physical address of the Program . iii. The physical address is in the memory unit. It’s a location in the main memory physically. iv.

R1 and R1, locking on these resources should be like, both try to lock R1 then R2. By this way which ever process first locks R1 will get R2. CodeHelp LEC-22: Deadlock Part-2 1. Deadlock Avoidance: Idea is, the kernel be given in advance info concerning which resources will use in its lifetime. By this, system can decide for each request whether the process should wait.To decide whether the current request can be satisfied or delayed, the system must consider the resources currently available, resources currently allocated to each process in the system and the future requests and releases of each process. a. Schedule process and its resources allocation in such a way that the DL never occur.b. Safe state: A state is safe if the system can allocate resources to each process (up to its max.) in some order and still avoid DL. A system is in safe state only if there exists a safe sequence. c. In an Unsafe state, the operating system cannot prevent processes from requesting resources in such a way that any deadlock occurs. It is not necessary that all unsafe states are deadlocks; an unsafe state may lead to a deadlock. d. The main key of the deadlock avoidance method is whenever the request is made for resources then the request must only be approved only in the case if the resulting state is asafe state. e. In a case, if the system is unable to fulfill the request of all processes, then the state of the system is called unsafe. f. Scheduling algorithm using which DL can be avoided by finding safe state. (Banker Algorithm) 2. Banker Algorithm a.

() operation. The process isrestarted by a wakeup () operation, which changes the process from thewaiting state to the ready state. The process is then placed in the readyqueue. CodeHelp Lec- 20: The Dining Philosophers problem 1. We have 5 philosophers. 2. They spend their life just being in two states: a. Thinking b. Eating 3. They sit on a circular table surrounded by 5 chairs (1 each), in the center of table is a bowl of noodles, and the table is laid with 5 single forks. 4.Thinking state: When a ph. Thinks, he doesn’t interact with others. 5.Eating state: When a ph. Gets hungry, he tries to pick up the 2 forks adjacent to him (Left and Right). He can pick one fork at a time. 6. One can’t pick up a fork if it is already taken. 7. When ph. Has both forks at the same time, he eats without releasing forks. 8. Solution can be given using semaphores. a. Each fork is a binary semaphore. b. A ph. Calls wait() operation to acquire a fork. c.Release fork by calling signal(). d.Semaphore fork[5]{1}; 9. Although the semaphore solution makes sure that no two neighbors are eating simultaneously but it could still create Deadlock . 10. Suppose that all 5 ph. Become hungry at the same time and each picks up their left fork, then All fork semaphores would be 0. 11. When each ph. Tries to grab his right fork, he will be waiting for ever (Deadlock) 12. We must use some methods to avoid Deadlock and make the solution work a. Allow at most 4 ph. To be sitting simultaneously. b. Allow a ph. To pick up his fork only if both forks are available and to do this, he must pick them up in a critical section (atomically). CodeHelp

for cultural events with over 500 attendees. Social Media Lead Event Manager, Incognito, Kernel, Fit India Clubs •Managed promotions and digital strategies across three clubs, boosting student engagement by 25%.

register contains the ran ge of logical addresses (e.g., relocation = 100040 & limit = 74600). d. Each logical address must be less th an the limit regi ster. CodeHelp

Generate the study guide JSON.
IMPORTANT: Only use the CONTEXT if it strictly belongs to the SUBJECT (semester-1). If the context is about a different subject (e.g., Operating Systems), IGNORE the context entirely and use your general knowledge.

2026-06-20 00:40:07,752 - INFO - -------------------------------------------------------
2026-06-20 00:42:48,789 - INFO - --- LLM PROMPT (Subject: Programming Fundamentals, Topic: Conditional Statements) ---
2026-06-20 00:42:48,789 - INFO - SYSTEM PROMPT:
You are teaching a first-year B.Tech CSE student.
Given the topic and context, generate a highly rigorous and extremely detailed technical study guide using ONLY valid JSON.

Your output must follow this strict JSON format:
{
    "notes": [
        {"type": "heading", "text": "Advanced Concept / Deep Dive"},
        {"type": "paragraph", "text": "In-depth technical explanation, covering edge cases, under-the-hood workings, and performance implications..."},
        {"type": "highlight", "variant": "constructive", "title": "Interview Pro-Tip", "text": "Crucial detail often asked in interviews..."},
        {"type": "code_block", "language": "python", "title": "Complex Implementation", "code": "def complex_algo(): pass"},
        {"type": "note", "text": "Advanced side note or historical context"}
    ],
    "revision": {
        "title": "Interview Cheat Sheet",
        "points": [
            {"id": 1, "text": "Advanced point 1"},
            {"id": 2, "text": "Advanced point 2"}
        ]
    }
}

RULES:
- `notes` array must use types: 'heading', 'paragraph', 'highlight' (variant: 'constructive' or 'destructive'), 'code_block' (include 'language', 'title', 'code'), or 'note'.
- The content MUST be highly rigorous and technically deep. Include complex edge cases, advanced theory, real-world system design implications, and interview-level insights. 
- NEVER generate basic, high-level, or "kidish" overviews. Assume the reader is preparing for a Senior or top-tier placement.
- Generate content ONLY within the context of the provided subject. Do not include concepts from other subjects. For example, if the topic is "Control Flow" and the subject is "Programming Fundamentals", focus on programming logic (if/else, loops) and DO NOT discuss Operating Systems concepts like semaphores or mutexes.
- `revision` should have 3-5 hard-hitting, concise bullet points.
- Do not use markdown fencing (e.g. ```json). Just return the raw JSON object.

2026-06-20 00:42:48,789 - INFO - USER PROMPT:
SUBJECT:
Programming Fundamentals

TOPIC:
Conditional Statements

CONTEXT:
Subject / Context: Programming Fundamentals
(Curriculum topic — use highly rigorous general knowledge for a college level curriculum)

Generate the study guide JSON.
IMPORTANT: Only use the CONTEXT if it strictly belongs to the SUBJECT (Programming Fundamentals). If the context is about a different subject (e.g., Operating Systems), IGNORE the context entirely and use your general knowledge.

Generate notes ONLY within the context of Programming Fundamentals.
Do NOT discuss Operating Systems concepts such as processes, threads, synchronization, semaphores, deadlocks, scheduling, memory management, segmentation, or paging.
Allowed concepts: if, if-else, nested if, switch-case, comparison operators, logical operators, decision making.

2026-06-20 00:42:48,789 - INFO - -------------------------------------------------------
2026-06-20 00:43:00,270 - WARNING - Validation failed on attempt 1. Found OS terminology: ['process']. Regenerating...
2026-06-20 00:43:08,567 - WARNING - Validation failed on attempt 2. Found OS terminology: ['process']. Regenerating...
2026-06-20 00:44:09,880 - ERROR - [PracticeEngine] Failed to save topics cache to disk: [Errno 13] Permission denied: '/home/galaxy/Desktop/Student_System/Backend/services/topics_cache.json'
2026-06-20 00:44:10,039 - INFO - [PracticeEngine] Returning cached topics hierarchy for student 3
2026-06-20 00:44:10,125 - INFO - [PracticeEngine] Returning cached topics hierarchy for student 3
2026-06-20 00:44:10,328 - INFO - [PracticeEngine] Returning cached topics hierarchy for student 3
2026-06-20 00:44:13,138 - INFO - [PracticeEngine] Returning cached topics hierarchy for student 3
2026-06-20 00:44:13,139 - INFO - [PracticeEngine] Returning cached topics hierarchy for student 3
2026-06-20 00:44:17,622 - INFO - [PracticeEngine] Returning cached topics hierarchy for student 3
2026-06-20 00:44:17,622 - INFO - [PracticeEngine] Returning cached topics hierarchy for student 3
2026-06-20 00:44:21,206 - INFO - [PracticeEngine] Returning cached topics hierarchy for student 3
2026-06-20 00:44:21,208 - INFO - [PracticeEngine] Returning cached topics hierarchy for student 3
2026-06-20 00:44:27,385 - INFO - [PracticeEngine] Returning cached topics hierarchy for student 3
2026-06-20 00:44:27,448 - INFO - [PracticeEngine] Returning cached topics hierarchy for student 3
2026-06-20 00:44:34,436 - INFO - [PracticeEngine] Returning cached topics hierarchy for student 3
2026-06-20 00:44:34,504 - INFO - [PracticeEngine] Returning cached topics hierarchy for student 3
2026-06-20 00:44:34,891 - INFO - --- LLM PROMPT (Subject: semester-1, Topic: Pointers) ---
2026-06-20 00:44:34,891 - INFO - SYSTEM PROMPT:
You are teaching a first-year B.Tech CSE student.
Given the topic and context, generate a highly rigorous and extremely detailed technical study guide using ONLY valid JSON.

Your output must follow this strict JSON format:
{
    "notes": [
        {"type": "heading", "text": "Advanced Concept / Deep Dive"},
        {"type": "paragraph", "text": "In-depth technical explanation, covering edge cases, under-the-hood workings, and performance implications..."},
        {"type": "highlight", "variant": "constructive", "title": "Interview Pro-Tip", "text": "Crucial detail often asked in interviews..."},
        {"type": "code_block", "language": "python", "title": "Complex Implementation", "code": "def complex_algo(): pass"},
        {"type": "note", "text": "Advanced side note or historical context"}
    ],
    "revision": {
        "title": "Interview Cheat Sheet",
        "points": [
            {"id": 1, "text": "Advanced point 1"},
            {"id": 2, "text": "Advanced point 2"}
        ]
    }
}

RULES:
- `notes` array must use types: 'heading', 'paragraph', 'highlight' (variant: 'constructive' or 'destructive'), 'code_block' (include 'language', 'title', 'code'), or 'note'.
- The content MUST be highly rigorous and technically deep. Include complex edge cases, advanced theory, real-world system design implications, and interview-level insights. 
- NEVER generate basic, high-level, or "kidish" overviews. Assume the reader is preparing for a Senior or top-tier placement.
- Generate content ONLY within the context of the provided subject. Do not include concepts from other subjects. For example, if the topic is "Control Flow" and the subject is "Programming Fundamentals", focus on programming logic (if/else, loops) and DO NOT discuss Operating Systems concepts like semaphores or mutexes.
- `revision` should have 3-5 hard-hitting, concise bullet points.
- Do not use markdown fencing (e.g. ```json). Just return the raw JSON object.

2026-06-20 00:44:34,891 - INFO - USER PROMPT:
SUBJECT:
semester-1

TOPIC:
Pointers

CONTEXT:
Subject / Context: semester-1
ory. ii.User can never access the physical address of the Program . iii. The physical address is in the memory unit. It’s a location in the main memory physically. iv. A physical address can be accessed by a user indirectly b ut not directly. v.The set of all physical addresses corresponding to the Logical addresses is commonlyknown as Physical Address Space. vi. It is computed by the Memory Management Unit ( MMU). vii. Range: (R + 0) to (R + max) , for a base value R. c. The runtime mapping from virtual to physical address is done by a hardware device called t he memory -ma nagement un it (MMU). d. The user's program mainly generates the lo gical address, and the user thinks that the program i s running in this logical addr ess, but the program mainly needs physical memory in order to complete its execution . e. 4. How OS manages the isolation and prote ct? (Memory Mapping and Protection) a. OS provides this Virtual Address Space (VAS) concept . b. To separate memor y space , we need the abi lity to determine the range of legal addresses that the process may access and to ensure th at the process can access only these legal addresses. c. The relocation re gister contains value of smallest physical address (Base address [R]); the lim it register contains the ran ge of logical addresses (e.g., relocation = 100040 & limit = 74600). d. Each logical address must be less th an the limit regi ster. CodeHelp

cycle is eliminated. b. Resource preemption i. To eliminate DL, we successively preempt some resources from processes and give these resources to other processes until DL cycle is broken. CodeHelp LEC-24: Memory Management Techniques | Contiguous Memory Allocation 1. In Multi- programming environment , we have multiple processes in the main memory ( Read y Queue) to keep the CPU utilization high and to make c omputer responsive to the users. 2. To realize this increa se in perfo rmance, however, we must keep several proce sses in the memory; that is, w e must sh are the main memory. As a result, we must manage main memory for all the diff eren t pro cesses. 3. Logical versus Physical Ad dress Space a. Logical Ad dress i.An address generated by the CPU . ii.The logical address is basically the address of an instruction or data used by a p rocess. iii. User can access log ical address of the process. iv. User has indire ct access to the physical ad dress through logical address. v.Logical address does not exist physically . Hence, aka, Vir tual address. vi. The set of all logical addresses that are generated by any program is referred to as Logical Address Space. vii. Range: 0 t o max . b. Physical Address i.An address loaded into the memory -address register of the physical mem ory. ii.User can never access the physical address of the Program . iii. The physical address is in the memory unit. It’s a location in the main memory physically. iv.

for cultural events with over 500 attendees. Social Media Lead Event Manager, Incognito, Kernel, Fit India Clubs •Managed promotions and digital strategies across three clubs, boosting student engagement by 25%.

recently used is always o n the bottom. d. As entri es mi ght be removed from the middle of the stack, so Doubly linked list can be used. d. Counting-b ased page replacement – Keep a counter of the number o f references that have been made to each page. (Reference counting) CodeHelp i.Least frequently used ( LFU) 1. Actively used pages should have a large reference count. 2. Replace page with the smallest count. ii.Most frequently used (MFU ) 1. Bas ed on the argument that the page with the smallest count was probably just brought in and has yet to be used. iii. Neither MFU nor LFU replacement is common. CodeHelp

e ASID for the current ly executing process matches the ASID associated with virtual page. I f it doesn’ t match , the attempt is treated as TLB miss. CodeHelp LEC-27: Segmentation | Non-Contiguous Memory Allocation 1. An impo rtant aspect of memory management that become unavoidable with paging is separat ion of user’ s view of me mo ry from the actual physical memory. 2. Segmentation i s memory managemen t technique that supports the user view of memory. 3. A logical address space is a collection of segments , these segments are based on user view of logica l memory. 4. Each segment has segment number and offset, defining a segment. <segment -number, o ffset> {s, d} 5. Process is divided into variable segments base d on user view. 6. Paging is closer to the Operating system rather than the User. It divides all the processes into the form o f pages al though a process can have some relative parts of functions which need to be loaded in the same page. 7. Op erating system doesn't care abo ut the User's view of the process. It may divide the same function int o different page s and those pages may or may not be loaded at the same time into the memory. It decreases the efficiency of the system. 8. It is b etter to have segmentation which divides the process into the segments. Each segment contains t he same type of functions such as the main function can be included in one segment and the library functions can be included in the other segment. 9.

is now in memory. vi. Restart the instruction that was interrupted by the trap. The process can now access the page as through it had always been in memory. CodeHelp i. j. Pure Demand Paging i. In extreme case, we can start executing a process with no pages in memory. When OS sets the instruction pointer to the first instruction of the pr ocess, which is not in the memory. The process immediately faults for the page and page is brought in the memory. ii. Never bring a page into memory until it is required. k. We use locality of reference to bring out reasonable performance from demand paging. 11. Advantages of Virtual memory a. The degree of multi- programming will be increased. b. User can run large apps with less real physical memory. 12. Disadvantages of Virtual Memory a. The system can become slower as swapping takes time. b. Thrashing may occur. CodeHelp

Complex Preemption No No Yes No Yes Yes Yes Yes Convoy effect Yes Yes No Yes Yes No Yes Yes Overhead No No Yes No Yes Yes Yes Yes CodeHelpµ⑧ LEC- 15: Introduction to Co ncurrency 1. Concurrency is the execution of the multiple instruction sequences at the same time. It happens in the operating system when there are several process threads running in parallel. 2. Thread: • Single sequence stream within a process. • An independent path of execution in a process. • Light-weight process. • Used to achieve parallelism by dividing a process’s tasks which are independent path of execution. • E.g., Multiple tabs in a browser, text editor (When you are typing in an editor, spellchecking, formatting of text and saving the text are done concurrently by multiple threads.) 3. Thread Scheduling: Threads are scheduled for execution based on their priority. Even though threads are executing within the runtime, all threads are assigned processor time slices by the operating system. 4. Threads context switching • OS saves current state of thread & switches to another thread of same process. • Doesn’t includes switching of memory address space. (But Program counter, registers & stack are included.) • Fast switching as compared to process switching • CPU’s cache state is preserved. 5. How each thread get access to the CPU? • Each thread has its own program counter. • Depending upon the thread scheduling algorithm, OS schedule these threads. • OS will fetch instructions corresponding to PC of that thread and execute instruction. 6.

contains t he same type of functions such as the main function can be included in one segment and the library functions can be included in the other segment. 9. .Advantages : a. No internal fragmentation. b. One segment has a contiguous allocation , hence efficient working within segment. c. The size o f segment table is gen erally less than the size of page table. d. It results in a more efficient system because the compiler keeps the same type of functions in one segment. 11. Disadvantages: a. External fragmentation. b. The d ifferent size of segment is not goo d that the time of swapping. 12. Modern System architecture provides both segmentation and paging implemented in some hybrid approach. CodeHelp

Generate the study guide JSON.
IMPORTANT: Only use the CONTEXT if it strictly belongs to the SUBJECT (semester-1). If the context is about a different subject (e.g., Operating Systems), IGNORE the context entirely and use your general knowledge.

2026-06-20 00:44:34,891 - INFO - -------------------------------------------------------
2026-06-20 00:44:53,585 - INFO - [PracticeEngine] Returning cached topics hierarchy for student 3
2026-06-20 00:44:53,643 - INFO - [PracticeEngine] Returning cached topics hierarchy for student 3
2026-06-20 00:44:54,035 - INFO - --- LLM PROMPT (Subject: semester-1, Topic: File Handling) ---
2026-06-20 00:44:54,035 - INFO - SYSTEM PROMPT:
You are teaching a first-year B.Tech CSE student.
Given the topic and context, generate a highly rigorous and extremely detailed technical study guide using ONLY valid JSON.

Your output must follow this strict JSON format:
{
    "notes": [
        {"type": "heading", "text": "Advanced Concept / Deep Dive"},
        {"type": "paragraph", "text": "In-depth technical explanation, covering edge cases, under-the-hood workings, and performance implications..."},
        {"type": "highlight", "variant": "constructive", "title": "Interview Pro-Tip", "text": "Crucial detail often asked in interviews..."},
        {"type": "code_block", "language": "python", "title": "Complex Implementation", "code": "def complex_algo(): pass"},
        {"type": "note", "text": "Advanced side note or historical context"}
    ],
    "revision": {
        "title": "Interview Cheat Sheet",
        "points": [
            {"id": 1, "text": "Advanced point 1"},
            {"id": 2, "text": "Advanced point 2"}
        ]
    }
}

RULES:
- `notes` array must use types: 'heading', 'paragraph', 'highlight' (variant: 'constructive' or 'destructive'), 'code_block' (include 'language', 'title', 'code'), or 'note'.
- The content MUST be highly rigorous and technically deep. Include complex edge cases, advanced theory, real-world system design implications, and interview-level insights. 
- NEVER generate basic, high-level, or "kidish" overviews. Assume the reader is preparing for a Senior or top-tier placement.
- Generate content ONLY within the context of the provided subject. Do not include concepts from other subjects. For example, if the topic is "Control Flow" and the subject is "Programming Fundamentals", focus on programming logic (if/else, loops) and DO NOT discuss Operating Systems concepts like semaphores or mutexes.
- `revision` should have 3-5 hard-hitting, concise bullet points.
- Do not use markdown fencing (e.g. ```json). Just return the raw JSON object.

2026-06-20 00:44:54,035 - INFO - USER PROMPT:
SUBJECT:
semester-1

TOPIC:
File Handling

CONTEXT:
Subject / Context: semester-1
protocol to prevent or avoid deadlocks, ensuring that the system will never enter a deadlocked state. b. Allow the system to enter a deadlocked state, detect it, and recover. CodeHelp c. Ignore the problem altogether and pretend that deadlocks never occur in system. (Ostrich algorithm) aka, Deadlock ignorance. 11. To ensure that deadlocks never occur, the system can use either a deadlock prevention or deadlock avoidance scheme. 12. Deadlock Prevention: by ensuring at least one of the necessary conditions cannot hold. a. Mutual exclusion i. Use locks (mutual exclusion) only for non-sharable resource. ii. Sharable resources like Read-Only files can be accessed by multiple processes/threads. iii. However, we can’t prevent DLs by denying the mutual-exclusion condition, because some resources are intrinsically non-sharable. b. Hold & Wait i. To ensure H&W condition never occurs in the system, we must guarantee that, whenever a process requests a resource, it doesn’t hold any other resource. ii. Protocol (A) can be, each process has to request and be allocated all its resources before its execution. iii. Protocol (B) can be, allow a process to request resources only when it has none. It can request any additional resources after it must have released all the resources that it is currently allocated. c. No preemption i. If a process is holding some resources and request another resource that cannot be immediately allocated to it, then all the resources the process is currently holding are preempted. The process will restart only when it can regain its old resources, as well as the new one that it is requesting. (Live Lock may occur). ii. If a process requests some resources, we first check whether they are available.

Complex Preemption No No Yes No Yes Yes Yes Yes Convoy effect Yes Yes No Yes Yes No Yes Yes Overhead No No Yes No Yes Yes Yes Yes CodeHelpµ⑧ LEC- 15: Introduction to Co ncurrency 1. Concurrency is the execution of the multiple instruction sequences at the same time. It happens in the operating system when there are several process threads running in parallel. 2. Thread: • Single sequence stream within a process. • An independent path of execution in a process. • Light-weight process. • Used to achieve parallelism by dividing a process’s tasks which are independent path of execution. • E.g., Multiple tabs in a browser, text editor (When you are typing in an editor, spellchecking, formatting of text and saving the text are done concurrently by multiple threads.) 3. Thread Scheduling: Threads are scheduled for execution based on their priority. Even though threads are executing within the runtime, all threads are assigned processor time slices by the operating system. 4. Threads context switching • OS saves current state of thread & switches to another thread of same process. • Doesn’t includes switching of memory address space. (But Program counter, registers & stack are included.) • Fast switching as compared to process switching • CPU’s cache state is preserved. 5. How each thread get access to the CPU? • Each thread has its own program counter. • Depending upon the thread scheduling algorithm, OS schedule these threads. • OS will fetch instructions corresponding to PC of that thread and execute instruction. 6.

for cultural events with over 500 attendees. Social Media Lead Event Manager, Incognito, Kernel, Fit India Clubs •Managed promotions and digital strategies across three clubs, boosting student engagement by 25%.

resources for process creation is costly, so better to divide tasks into threads of same process. • Threads allow utilization of multiprocessor architectures to a greater scale and efficiency. CodeHelp LEC-16: Critical Section Problem and How to address it 1.Process synchronization techniques play a key role in maintaining the consistency of shared data 2.Critical Section (C.S) a. The critical section refers to the segment of code where processes/threads access shared resources, such as common variables and files, and performwrite operations on them. Since processes/threads execute concurrently, anyprocess can be interrupted mid-execution. 3.Major Thread scheduling issue a.Race Condition i.A race condition occurs when two or more threads can access shareddata and they try to change it at the same time. Because the threadscheduling algorithm can swap between threads at any time, youdon't know the order in which the threads will attempt to access theshared data. Therefore, the result of the change in data is dependenton the thread scheduling algorithm, i.e., both threads are "racing" toaccess/change the data. 4.Solution to Race Condition a. Atomic operations: Make Critical code section an atomic operation, i.e., Executed in one CPU cycle. b.Mutual Exclusion using locks. c.Semaphores 5.Can we use a simple flag variable to solve the problem of race condition? a.No. 6.Peterson’s solution can be used to avoid race condition but holds good for only 2 process/threads. 7.Mutex/Locks a.Locks can be used to implement mutual exclusion and avoid race condition by allowing only one thread/process to access critical section. b.Disadvantages: i.Contention: one thread has acquired the lock, other threads will be busy waiting, what if thread that had acquired the lock dies, then all other threads will be in infinite waiting. ii.Deadlocks iii. Debugging iv. Starvation of high priority threads. CodeHelp

system -Batch -processing operating system -Multitasking operating system -Multi -processing operating system -Distributed system -Real time OS[CTSS, MIT, early 1960s] [Windows NT] [LOCUS ] [ATCS] LEC-2: Types of OS CodeHelp Single process OS, only 1 process executes at a time from the ready queue. [Oldest] Batch- processing OS, 1.Firstly, user prepares his job using punch cards. 2.Then, he submits the job to the computer operator. 3.Operator collects the jobs from different users and sort the jobs into batches with similar needs. 4.Then, operator submits the batches to the processor one by one. 5.All the jobs of one batch are executed together. -Priorities cannot be set, if a job comes with some higher priority. -May lead to starvation. (A batch may take more time to complete) -CPU may become idle in case of I/O operations. Multiprogramming increases CPU utilization by keeping multiple jobs (code and data) in the memory so that the CPU always has one to execute in case some job gets busy with I/O. -Single CPU -Context switching for processes. -Switch happens when current process goes to wait state. -CPU idle time reduced. Multitasking is a logical extension of multiprogramming. -Single CPU -Able to run more than one task simultaneously. -Context switching and time sharing used. -Increases responsiveness. -CPU idle time is further reduced. Multi -processing OS, more than 1 CPU in a singl e computer. -Increases reliability, 1 CPU fails, othercan work -Better throughput. -Lesser process starvation, (if 1 CPU isworking on some process, other can beexecuted on other CPU. CodeHelp

permission to perform operations like accessing I/O devices and communicating other programs. System Calls are the only way through which a process can go into kernel mode from user mode. Types of System Calls : 1) Proc ess Control a. end, abort b. load, execute c. create process, terminate process d. get process attributes, set process attributes e. wait for time f. wait event, signal event g. allocate and free memory 2) File Management a. create file, delete file b. open, close c. read, write, reposition d. get f ile attributes, set file attributes 3) Device Management a. request device, release device b. read, write, reposition c. get device attributes, set device attributes d. logically attach or detach devices 4) Information main tenance a. get time or date, set time or date b. get system data, set system data c. get process, file, or device attributes d. set process, fil e, or device attributes 5) Communication Management a. create, delete communication connection b. send, receive messages c. transfer status information d. attach or detach remote devices Examples of Wi ndows & Unix System calls: Category Windows Unix Process Control CreateProcess() ExitProcess() WaitForSingleObject() fork() exit() wait() File Ma nagement Create File() ReadFile() WriteFile() CloseHandle() SetFileSecurity() InitlializeSecurityDescriptor() SetSecurityDescriptorGroup() open () read () write () close () chmod() umask( chown() Device Management SetConsoleMode () ReadConsole() WriteConsole() ioctI () read() write( ) Information Management GetCurrentProcessID() SetTimer() Sleep() getpid () alarm () sleep () Communicatio n CreatePipe() CreateFileMapping() MapViewOfFile() pipe () shmget () mmap()

e. Max. throughput of system. 6. Throughput: No. o f processes completed per unit time. 7. Arrival time (A T): Time when process is arrived at the ready queue. 8. Burst time (BT): The time requi red by the process for its execution. 9. Turnaround time (T AT): Time taken from first time process enters rea dy state till it terminates. (CT - AT) 10. Wait time (WT): Time process spends waiting for CPU. (WT = TAT – BT) 11. Response time: Time duration between p rocess getting into ready queue and process getting CPU for the first time. 12.Completion Time (CT): Time taken till process gets terminated. 13. FCFS (First co me-fi rst serve): a. Whichever process comes first in the ready queue will be given CPU first. b. In this, if one process has longer BT. It will have major effect on average WT of diff processes, called Convoy effect. c. Convoy Effect is a situation where many processes, who need to use a resource for a short time, are blocked by one process holding that resource for a long time. i.This cause poor resource management. CodeHelp

ii. iii. Advantages over fixed partitioning 1. No internal fragmentation 2. No limit o n size of process 3. Better degree of multi- programming iv. Limitation 1. External fragmentation CodeHelp LEC-25: Free Space Management 1. Defragmentation/Compaction a. Dynamic partitioning suffers from external fragmentation. b. Compaction to minimize the probability of external fragmentation . c. All the free partitions are made contiguous, and all the loaded partitions are brought together. d. By applying this technique, we can store the bigger processes in the memory. The free partitions are merged which can now be allocated according to the needs of new processes. This technique i s also called def ragmentation . e. The efficiency of the system is decreased in the case of compaction since all the free spaces will be transferred from several places to a single place. 2. How free space is stored/represented in OS? a. Free holes in the memory are represente d by a free list (Linked -List data structure). 3. How to satisfy a request of a of n size from a list of free holes? a. Various algorithms which are implemented by the Operating System in order to find out the holes in the linked list and allocate them to the pr ocesses. b. First Fit i.Allocate the first hole that is big enough. ii.Simple and easy to implement. iii. Fast/Less time complexity c. Next Fit i.Enhancement on First fit but starts search always from last allocated hole. ii.Same advantages of First Fit. d. Best Fit i.Allocate sm allest hole that is big enough. ii.Lesser internal fragmentation. iii. May create many small holes and cause major external fragmentation. iv.

Generate the study guide JSON.
IMPORTANT: Only use the CONTEXT if it strictly belongs to the SUBJECT (semester-1). If the context is about a different subject (e.g., Operating Systems), IGNORE the context entirely and use your general knowledge.

2026-06-20 00:44:54,036 - INFO - -------------------------------------------------------
2026-06-20 00:45:14,936 - INFO - [PracticeEngine] Returning cached topics hierarchy for student 3
2026-06-20 00:45:14,999 - INFO - [PracticeEngine] Returning cached topics hierarchy for student 3
2026-06-20 00:47:50,803 - INFO - --- LLM PROMPT (Subject: Programming Fundamentals, Topic: Input Output Operations) ---
2026-06-20 00:47:50,803 - INFO - SYSTEM PROMPT:
You are teaching a first-year B.Tech CSE student.
Given the topic and context, generate a highly rigorous and extremely detailed technical study guide using ONLY valid JSON.

Your output must follow this strict JSON format:
{
    "notes": [
        {"type": "heading", "text": "Advanced Concept / Deep Dive"},
        {"type": "paragraph", "text": "In-depth technical explanation, covering edge cases, under-the-hood workings, and performance implications..."},
        {"type": "highlight", "variant": "constructive", "title": "Interview Pro-Tip", "text": "Crucial detail often asked in interviews..."},
        {"type": "code_block", "language": "python", "title": "Complex Implementation", "code": "def complex_algo(): pass"},
        {"type": "note", "text": "Advanced side note or historical context"}
    ],
    "revision": {
        "title": "Interview Cheat Sheet",
        "points": [
            {"id": 1, "text": "Advanced point 1"},
            {"id": 2, "text": "Advanced point 2"}
        ]
    }
}

RULES:
- `notes` array must use types: 'heading', 'paragraph', 'highlight' (variant: 'constructive' or 'destructive'), 'code_block' (include 'language', 'title', 'code'), or 'note'.
- The content MUST be highly rigorous and technically deep. Include complex edge cases, advanced theory, real-world system design implications, and interview-level insights. 
- NEVER generate basic, high-level, or "kidish" overviews. Assume the reader is preparing for a Senior or top-tier placement.
- Generate content ONLY within the context of the provided subject. Do not include concepts from other subjects. For example, if the topic is "Control Flow" and the subject is "Programming Fundamentals", focus on programming logic (if/else, loops) and DO NOT discuss Operating Systems concepts like semaphores or mutexes.
- `revision` should have 3-5 hard-hitting, concise bullet points.
- Do not use markdown fencing (e.g. ```json). Just return the raw JSON object.

2026-06-20 00:47:50,803 - INFO - USER PROMPT:
SUBJECT:
Programming Fundamentals

TOPIC:
Input Output Operations

CONTEXT:
Subject / Context: Programming Fundamentals
(Curriculum topic — use highly rigorous general knowledge for a college level curriculum)

Generate the study guide JSON.
IMPORTANT: Only use the CONTEXT if it strictly belongs to the SUBJECT (Programming Fundamentals). If the context is about a different subject (e.g., Operating Systems), IGNORE the context entirely and use your general knowledge.

Generate notes ONLY within the context of Programming Fundamentals.
Do NOT discuss Operating Systems concepts such as processes, threads, synchronization, semaphores, deadlocks, scheduling, memory management, segmentation, or paging.
Allowed concepts: printf, scanf, standard streams, reading, writing, formatting strings.

2026-06-20 00:47:50,803 - INFO - -------------------------------------------------------
2026-06-20 00:48:54,145 - ERROR - [PracticeEngine] Failed to save topics cache to disk: [Errno 13] Permission denied: '/home/galaxy/Desktop/Student_System/Backend/services/topics_cache.json'
2026-06-20 00:48:54,300 - INFO - [PracticeEngine] Returning cached topics hierarchy for student 3
2026-06-20 00:48:54,390 - INFO - [PracticeEngine] Returning cached topics hierarchy for student 3
2026-06-20 00:48:54,554 - INFO - [PracticeEngine] Returning cached topics hierarchy for student 3
2026-06-20 00:48:58,410 - INFO - [PracticeEngine] Returning cached topics hierarchy for student 3
2026-06-20 00:48:58,414 - INFO - [PracticeEngine] Returning cached topics hierarchy for student 3
2026-06-20 00:48:59,722 - INFO - [PracticeEngine] Returning cached topics hierarchy for student 3
2026-06-20 00:48:59,726 - INFO - [PracticeEngine] Returning cached topics hierarchy for student 3
2026-06-20 00:49:01,991 - INFO - [PracticeEngine] Returning cached topics hierarchy for student 3
2026-06-20 00:49:01,991 - INFO - [PracticeEngine] Returning cached topics hierarchy for student 3
2026-06-20 00:49:02,133 - INFO - --- LLM PROMPT (Subject: Programming Fundamentals, Topic: Input Output Operations) ---
2026-06-20 00:49:02,134 - INFO - SYSTEM PROMPT:
You are teaching a first-year B.Tech CSE student.
Given the topic and context, generate a highly rigorous and extremely detailed technical study guide using ONLY valid JSON.

Your output must follow this strict JSON format:
{
    "notes": [
        {"type": "heading", "text": "Advanced Concept / Deep Dive"},
        {"type": "paragraph", "text": "In-depth technical explanation, covering edge cases, under-the-hood workings, and performance implications..."},
        {"type": "highlight", "variant": "constructive", "title": "Interview Pro-Tip", "text": "Crucial detail often asked in interviews..."},
        {"type": "code_block", "language": "python", "title": "Complex Implementation", "code": "def complex_algo(): pass"},
        {"type": "note", "text": "Advanced side note or historical context"}
    ],
    "revision": {
        "title": "Interview Cheat Sheet",
        "points": [
            {"id": 1, "text": "Advanced point 1"},
            {"id": 2, "text": "Advanced point 2"}
        ]
    }
}

RULES:
- `notes` array must use types: 'heading', 'paragraph', 'highlight' (variant: 'constructive' or 'destructive'), 'code_block' (include 'language', 'title', 'code'), or 'note'.
- The content MUST be highly rigorous and technically deep. Include complex edge cases, advanced theory, real-world system design implications, and interview-level insights. 
- NEVER generate basic, high-level, or "kidish" overviews. Assume the reader is preparing for a Senior or top-tier placement.
- Generate content ONLY within the context of the provided subject. Do not include concepts from other subjects. For example, if the topic is "Control Flow" and the subject is "Programming Fundamentals", focus on programming logic (if/else, loops) and DO NOT discuss Operating Systems concepts like semaphores or mutexes.
- `revision` should have 3-5 hard-hitting, concise bullet points.
- Do not use markdown fencing (e.g. ```json). Just return the raw JSON object.

2026-06-20 00:49:02,134 - INFO - USER PROMPT:
SUBJECT:
Programming Fundamentals

TOPIC:
Input Output Operations

CONTEXT:
Subject / Context: Programming Fundamentals
(Curriculum topic — use highly rigorous general knowledge for a college level curriculum)

Generate the study guide JSON.
IMPORTANT: Only use the CONTEXT if it strictly belongs to the SUBJECT (Programming Fundamentals). If the context is about a different subject (e.g., Operating Systems), IGNORE the context entirely and use your general knowledge.

Generate notes ONLY within the context of Programming Fundamentals.
Do NOT discuss Operating Systems concepts such as processes, threads, synchronization, semaphores, deadlocks, scheduling, memory management, segmentation, or paging.
Allowed concepts: printf, scanf, standard streams, reading, writing, formatting strings.

2026-06-20 00:49:02,134 - INFO - -------------------------------------------------------
2026-06-20 00:49:09,316 - WARNING - Validation failed on attempt 1. Found OS terminology: ['process']. Regenerating...
2026-06-20 00:49:23,696 - INFO - [PracticeEngine] Returning cached topics hierarchy for student 3
2026-06-20 00:49:23,784 - INFO - [PracticeEngine] Returning cached topics hierarchy for student 3
2026-06-20 00:49:41,839 - INFO - [PracticeEngine] Returning cached topics hierarchy for student 3
2026-06-20 00:49:41,895 - INFO - [PracticeEngine] Returning cached topics hierarchy for student 3
2026-06-20 00:49:41,933 - INFO - --- LLM PROMPT (Subject: Programming Fundamentals, Topic: Conditional Statements) ---
2026-06-20 00:49:41,934 - INFO - SYSTEM PROMPT:
You are teaching a first-year B.Tech CSE student.
Given the topic and context, generate a highly rigorous and extremely detailed technical study guide using ONLY valid JSON.

Your output must follow this strict JSON format:
{
    "notes": [
        {"type": "heading", "text": "Advanced Concept / Deep Dive"},
        {"type": "paragraph", "text": "In-depth technical explanation, covering edge cases, under-the-hood workings, and performance implications..."},
        {"type": "highlight", "variant": "constructive", "title": "Interview Pro-Tip", "text": "Crucial detail often asked in interviews..."},
        {"type": "code_block", "language": "python", "title": "Complex Implementation", "code": "def complex_algo(): pass"},
        {"type": "note", "text": "Advanced side note or historical context"}
    ],
    "revision": {
        "title": "Interview Cheat Sheet",
        "points": [
            {"id": 1, "text": "Advanced point 1"},
            {"id": 2, "text": "Advanced point 2"}
        ]
    }
}

RULES:
- `notes` array must use types: 'heading', 'paragraph', 'highlight' (variant: 'constructive' or 'destructive'), 'code_block' (include 'language', 'title', 'code'), or 'note'.
- The content MUST be highly rigorous and technically deep. Include complex edge cases, advanced theory, real-world system design implications, and interview-level insights. 
- NEVER generate basic, high-level, or "kidish" overviews. Assume the reader is preparing for a Senior or top-tier placement.
- Generate content ONLY within the context of the provided subject. Do not include concepts from other subjects. For example, if the topic is "Control Flow" and the subject is "Programming Fundamentals", focus on programming logic (if/else, loops) and DO NOT discuss Operating Systems concepts like semaphores or mutexes.
- `revision` should have 3-5 hard-hitting, concise bullet points.
- Do not use markdown fencing (e.g. ```json). Just return the raw JSON object.

2026-06-20 00:49:41,934 - INFO - USER PROMPT:
SUBJECT:
Programming Fundamentals

TOPIC:
Conditional Statements

CONTEXT:
Subject / Context: Programming Fundamentals
(Curriculum topic — use highly rigorous general knowledge for a college level curriculum)

Generate the study guide JSON.
IMPORTANT: Only use the CONTEXT if it strictly belongs to the SUBJECT (Programming Fundamentals). If the context is about a different subject (e.g., Operating Systems), IGNORE the context entirely and use your general knowledge.

Generate notes ONLY within the context of Programming Fundamentals.
Do NOT discuss Operating Systems concepts such as processes, threads, synchronization, semaphores, deadlocks, scheduling, memory management, segmentation, or paging.
Allowed concepts: if, if-else, nested if, switch-case, comparison operators, logical operators, decision making.

2026-06-20 00:49:41,934 - INFO - -------------------------------------------------------
2026-06-20 00:50:01,300 - INFO - [PracticeEngine] Returning cached topics hierarchy for student 3
2026-06-20 00:50:01,355 - INFO - [PracticeEngine] Returning cached topics hierarchy for student 3
2026-06-20 00:50:01,879 - INFO - --- LLM PROMPT (Subject: Digital Logic, Topic: Digital Logic) ---
2026-06-20 00:50:01,879 - INFO - SYSTEM PROMPT:
You are teaching a first-year B.Tech CSE student.
Given the topic and context, generate a highly rigorous and extremely detailed technical study guide using ONLY valid JSON.

Your output must follow this strict JSON format:
{
    "notes": [
        {"type": "heading", "text": "Advanced Concept / Deep Dive"},
        {"type": "paragraph", "text": "In-depth technical explanation, covering edge cases, under-the-hood workings, and performance implications..."},
        {"type": "highlight", "variant": "constructive", "title": "Interview Pro-Tip", "text": "Crucial detail often asked in interviews..."},
        {"type": "code_block", "language": "python", "title": "Complex Implementation", "code": "def complex_algo(): pass"},
        {"type": "note", "text": "Advanced side note or historical context"}
    ],
    "revision": {
        "title": "Interview Cheat Sheet",
        "points": [
            {"id": 1, "text": "Advanced point 1"},
            {"id": 2, "text": "Advanced point 2"}
        ]
    }
}

RULES:
- `notes` array must use types: 'heading', 'paragraph', 'highlight' (variant: 'constructive' or 'destructive'), 'code_block' (include 'language', 'title', 'code'), or 'note'.
- The content MUST be highly rigorous and technically deep. Include complex edge cases, advanced theory, real-world system design implications, and interview-level insights. 
- NEVER generate basic, high-level, or "kidish" overviews. Assume the reader is preparing for a Senior or top-tier placement.
- Generate content ONLY within the context of the provided subject. Do not include concepts from other subjects. For example, if the topic is "Control Flow" and the subject is "Programming Fundamentals", focus on programming logic (if/else, loops) and DO NOT discuss Operating Systems concepts like semaphores or mutexes.
- `revision` should have 3-5 hard-hitting, concise bullet points.
- Do not use markdown fencing (e.g. ```json). Just return the raw JSON object.

2026-06-20 00:50:01,879 - INFO - USER PROMPT:
SUBJECT:
Digital Logic

TOPIC:
Digital Logic

CONTEXT:
Subject / Context: Digital Logic
cycle is eliminated. b. Resource preemption i. To eliminate DL, we successively preempt some resources from processes and give these resources to other processes until DL cycle is broken. CodeHelp LEC-24: Memory Management Techniques | Contiguous Memory Allocation 1. In Multi- programming environment , we have multiple processes in the main memory ( Read y Queue) to keep the CPU utilization high and to make c omputer responsive to the users. 2. To realize this increa se in perfo rmance, however, we must keep several proce sses in the memory; that is, w e must sh are the main memory. As a result, we must manage main memory for all the diff eren t pro cesses. 3. Logical versus Physical Ad dress Space a. Logical Ad dress i.An address generated by the CPU . ii.The logical address is basically the address of an instruction or data used by a p rocess. iii. User can access log ical address of the process. iv. User has indire ct access to the physical ad dress through logical address. v.Logical address does not exist physically . Hence, aka, Vir tual address. vi. The set of all logical addresses that are generated by any program is referred to as Logical Address Space. vii. Range: 0 t o max . b. Physical Address i.An address loaded into the memory -address register of the physical mem ory. ii.User can never access the physical address of the Program . iii. The physical address is in the memory unit. It’s a location in the main memory physically. iv.

e ASID for the current ly executing process matches the ASID associated with virtual page. I f it doesn’ t match , the attempt is treated as TLB miss. CodeHelp LEC-27: Segmentation | Non-Contiguous Memory Allocation 1. An impo rtant aspect of memory management that become unavoidable with paging is separat ion of user’ s view of me mo ry from the actual physical memory. 2. Segmentation i s memory managemen t technique that supports the user view of memory. 3. A logical address space is a collection of segments , these segments are based on user view of logica l memory. 4. Each segment has segment number and offset, defining a segment. <segment -number, o ffset> {s, d} 5. Process is divided into variable segments base d on user view. 6. Paging is closer to the Operating system rather than the User. It divides all the processes into the form o f pages al though a process can have some relative parts of functions which need to be loaded in the same page. 7. Op erating system doesn't care abo ut the User's view of the process. It may divide the same function int o different page s and those pages may or may not be loaded at the same time into the memory. It decreases the efficiency of the system. 8. It is b etter to have segmentation which divides the process into the segments. Each segment contains t he same type of functions such as the main function can be included in one segment and the library functions can be included in the other segment. 9.

() operation. The process isrestarted by a wakeup () operation, which changes the process from thewaiting state to the ready state. The process is then placed in the readyqueue. CodeHelp Lec- 20: The Dining Philosophers problem 1. We have 5 philosophers. 2. They spend their life just being in two states: a. Thinking b. Eating 3. They sit on a circular table surrounded by 5 chairs (1 each), in the center of table is a bowl of noodles, and the table is laid with 5 single forks. 4.Thinking state: When a ph. Thinks, he doesn’t interact with others. 5.Eating state: When a ph. Gets hungry, he tries to pick up the 2 forks adjacent to him (Left and Right). He can pick one fork at a time. 6. One can’t pick up a fork if it is already taken. 7. When ph. Has both forks at the same time, he eats without releasing forks. 8. Solution can be given using semaphores. a. Each fork is a binary semaphore. b. A ph. Calls wait() operation to acquire a fork. c.Release fork by calling signal(). d.Semaphore fork[5]{1}; 9. Although the semaphore solution makes sure that no two neighbors are eating simultaneously but it could still create Deadlock . 10. Suppose that all 5 ph. Become hungry at the same time and each picks up their left fork, then All fork semaphores would be 0. 11. When each ph. Tries to grab his right fork, he will be waiting for ever (Deadlock) 12. We must use some methods to avoid Deadlock and make the solution work a. Allow at most 4 ph. To be sitting simultaneously. b. Allow a ph. To pick up his fork only if both forks are available and to do this, he must pick them up in a critical section (atomically). CodeHelp

a singl e computer. -Increases reliability, 1 CPU fails, othercan work -Better throughput. -Lesser process starvation, (if 1 CPU isworking on some process, other can beexecuted on other CPU. CodeHelp Distri bute d OS, RTOS -OS manages many b unches of resources, >=1 CPUs, >=1 memory, >=1 GPUs, etc -Loosely connected autonomous, inter connected computer node s. -collection of independent, networked, communicating, and physically separate computational nodes. -Real time error free, c omputations within tight-time boundaries. -Air Traffic control system, ROBOTS etc. CodeHelp

register contains the ran ge of logical addresses (e.g., relocation = 100040 & limit = 74600). d. Each logical address must be less th an the limit regi ster. CodeHelp

1. In the case of LRU and optimal page replacement algorithms, it is seen that the number of page faults will be reduced if we increase the number of frames. Ho wever, Balady found that, In FIFO page replacement algorithm, the number of page faults will get increased with the increment in number offrames. 2. This is the strange behavior shown by FIFO algorithm in some of the cases. b. Optimal page replacement i.Find if a page that is never referenced in future. If such a page exists, replace this page with new page.If no such page exists, find a page that is referenced farthest in future . Replace this page with new page. ii.Lowest page fault rate among any algorithm. iii. Difficult to implement as OS requires future knowledge of reference string which is kind of impossible. (Similar to SJF scheduling) c. Least-r ecently used (LRU) i.We can use recent past as an approximation of the near future then we can replace the page that has not been used fo r the longest period. ii.Can be implemented by two ways 1. Counters a. Associate time fi eld with each page table entry. b. Replace the page with smallest time value. 2. Stack a. Keep a stack of page number. b. Whenever page is referenced, it i s removed from the stack & put on the top. c. By this, most recently used is always on the top, & least recently used is always o n the bottom. d. As entri es mi ght be removed from the middle of the stack, so Doubly linked list can be used. d.

Translation Look- aside buffer (TL B) a. A Hardware support to speed-up paging process. b. It’s a hardware cache , high speed memory. c. TBL has key and value. CodeHelp d. Page table is stores in main memory & because o f this when the me mory references is made the translation is slow. e. When we are retrieving physical address using page table , after getting frame address corresponding to the page number , we put an entry of the in to the TLB. So that next t ime, we can get the values from T LB directly without referencing actual page table. Hence, make paging pr ocess fa ster. f. TLB hit, TLB contains the mapping for the requested logical address. g. Address space identifier (ASIDs) is stored in each entry o f TLB. ASID uniquely identifies each process and is used to provide address space protection and allow to TLB to contain entrie s for several different processes . When TLB attempts to resolve virtual page number s, it ensures tha t th e ASID for the current ly executing process matches the ASID associated with virtual page. I f it doesn’ t match , the attempt is treated as TLB miss. CodeHelp

moved to a higher priority queue. This form of ageing prevents starvation. c.Less starvation then MLQ.d.It is flexible.e.Can be configured to match a specific system design requirement.Sample MLFQ design: CodeHelp 3.Comparison:FCFS SJF PSJF Priority P-Priority RR MLQ MLFQ Design Simple Complex Complex Complex Complex Simple Complex Complex Preemption No No Yes No Yes Yes Yes Yes Convoy effect Yes Yes No Yes Yes No Yes Yes Overhead No No Yes No Yes Yes Yes Yes CodeHelpµ⑧

Generate the study guide JSON.
IMPORTANT: Only use the CONTEXT if it strictly belongs to the SUBJECT (Digital Logic). If the context is about a different subject (e.g., Operating Systems), IGNORE the context entirely and use your general knowledge.

2026-06-20 00:50:01,883 - INFO - -------------------------------------------------------
2026-06-20 00:50:03,703 - INFO - [PracticeEngine] Returning cached topics hierarchy for student 3
2026-06-20 00:50:03,767 - INFO - [PracticeEngine] Returning cached topics hierarchy for student 3
2026-06-20 00:50:04,282 - INFO - --- LLM PROMPT (Subject: Digital Logic, Topic: Introduction & Fundamentals) ---
2026-06-20 00:50:04,283 - INFO - SYSTEM PROMPT:
You are teaching a first-year B.Tech CSE student.
Given the topic and context, generate a highly rigorous and extremely detailed technical study guide using ONLY valid JSON.

Your output must follow this strict JSON format:
{
    "notes": [
        {"type": "heading", "text": "Advanced Concept / Deep Dive"},
        {"type": "paragraph", "text": "In-depth technical explanation, covering edge cases, under-the-hood workings, and performance implications..."},
        {"type": "highlight", "variant": "constructive", "title": "Interview Pro-Tip", "text": "Crucial detail often asked in interviews..."},
        {"type": "code_block", "language": "python", "title": "Complex Implementation", "code": "def complex_algo(): pass"},
        {"type": "note", "text": "Advanced side note or historical context"}
    ],
    "revision": {
        "title": "Interview Cheat Sheet",
        "points": [
            {"id": 1, "text": "Advanced point 1"},
            {"id": 2, "text": "Advanced point 2"}
        ]
    }
}

RULES:
- `notes` array must use types: 'heading', 'paragraph', 'highlight' (variant: 'constructive' or 'destructive'), 'code_block' (include 'language', 'title', 'code'), or 'note'.
- The content MUST be highly rigorous and technically deep. Include complex edge cases, advanced theory, real-world system design implications, and interview-level insights. 
- NEVER generate basic, high-level, or "kidish" overviews. Assume the reader is preparing for a Senior or top-tier placement.
- Generate content ONLY within the context of the provided subject. Do not include concepts from other subjects. For example, if the topic is "Control Flow" and the subject is "Programming Fundamentals", focus on programming logic (if/else, loops) and DO NOT discuss Operating Systems concepts like semaphores or mutexes.
- `revision` should have 3-5 hard-hitting, concise bullet points.
- Do not use markdown fencing (e.g. ```json). Just return the raw JSON object.

2026-06-20 00:50:04,283 - INFO - USER PROMPT:
SUBJECT:
Digital Logic

TOPIC:
Introduction & Fundamentals

CONTEXT:
Subject / Context: Digital Logic
register contains the ran ge of logical addresses (e.g., relocation = 100040 & limit = 74600). d. Each logical address must be less th an the limit regi ster. CodeHelp

a singl e computer. -Increases reliability, 1 CPU fails, othercan work -Better throughput. -Lesser process starvation, (if 1 CPU isworking on some process, other can beexecuted on other CPU. CodeHelp Distri bute d OS, RTOS -OS manages many b unches of resources, >=1 CPUs, >=1 memory, >=1 GPUs, etc -Loosely connected autonomous, inter connected computer node s. -collection of independent, networked, communicating, and physically separate computational nodes. -Real time error free, c omputations within tight-time boundaries. -Air Traffic control system, ROBOTS etc. CodeHelp

cycle is eliminated. b. Resource preemption i. To eliminate DL, we successively preempt some resources from processes and give these resources to other processes until DL cycle is broken. CodeHelp LEC-24: Memory Management Techniques | Contiguous Memory Allocation 1. In Multi- programming environment , we have multiple processes in the main memory ( Read y Queue) to keep the CPU utilization high and to make c omputer responsive to the users. 2. To realize this increa se in perfo rmance, however, we must keep several proce sses in the memory; that is, w e must sh are the main memory. As a result, we must manage main memory for all the diff eren t pro cesses. 3. Logical versus Physical Ad dress Space a. Logical Ad dress i.An address generated by the CPU . ii.The logical address is basically the address of an instruction or data used by a p rocess. iii. User can access log ical address of the process. iv. User has indire ct access to the physical ad dress through logical address. v.Logical address does not exist physically . Hence, aka, Vir tual address. vi. The set of all logical addresses that are generated by any program is referred to as Logical Address Space. vii. Range: 0 t o max . b. Physical Address i.An address loaded into the memory -address register of the physical mem ory. ii.User can never access the physical address of the Program . iii. The physical address is in the memory unit. It’s a location in the main memory physically. iv.

permission to perform operations like accessing I/O devices and communicating other programs. System Calls are the only way through which a process can go into kernel mode from user mode. Types of System Calls : 1) Proc ess Control a. end, abort b. load, execute c. create process, terminate process d. get process attributes, set process attributes e. wait for time f. wait event, signal event g. allocate and free memory 2) File Management a. create file, delete file b. open, close c. read, write, reposition d. get f ile attributes, set file attributes 3) Device Management a. request device, release device b. read, write, reposition c. get device attributes, set device attributes d. logically attach or detach devices 4) Information main tenance a. get time or date, set time or date b. get system data, set system data c. get process, file, or device attributes d. set process, fil e, or device attributes 5) Communication Management a. create, delete communication connection b. send, receive messages c. transfer status information d. attach or detach remote devices Examples of Wi ndows & Unix System calls: Category Windows Unix Process Control CreateProcess() ExitProcess() WaitForSingleObject() fork() exit() wait() File Ma nagement Create File() ReadFile() WriteFile() CloseHandle() SetFileSecurity() InitlializeSecurityDescriptor() SetSecurityDescriptorGroup() open () read () write () close () chmod() umask( chown() Device Management SetConsoleMode () ReadConsole() WriteConsole() ioctI () read() write( ) Information Management GetCurrentProcessID() SetTimer() Sleep() getpid () alarm () sleep () Communicatio n CreatePipe() CreateFileMapping() MapViewOfFile() pipe () shmget () mmap()

has highest access speed, then comes cache, then main memory. 3. Storage size: a. Secondary has more space. 4. Volatility: a. Primary memory is volatile. b. Secondary is non-volatile. CodeHelp Lec-9: Introduction to Process 1. What is a program? Compiled code, that is ready to execute. 2. What is a process? Program under execution. 3. How OS creates a process? Converting program into a process. STEPS: a. Load the program & static data into memory.b. Allocate runtime stack. c. Heap memory allocation. d. IO tasks.e. OS handoffs control to main (). 4. Architecture of process: 5. Attributes of process: a. Feature that allows identifying a process uniquely. b. Process table i. All processes are being tracked by OS using a table like data structure. ii. Each entry in that table is process control block (PCB). c. PCB: Stores info/attributes of a process. i. Data structure used for each process, that stores information of a process such as process id, program counter, process state, priority etc. 6. PCB structure: Registers in the PCB, it is a data structure. When a processes is running and it's time slice expires, the current value of process specific registers would be stored in the PCB and the process would be swapped out. When the process is scheduled to be run, the register values is read from the PCB and written to the CPU registers. This is the main purpose of the registers in the PCB. CodeHelp

ory. ii.User can never access the physical address of the Program . iii. The physical address is in the memory unit. It’s a location in the main memory physically. iv. A physical address can be accessed by a user indirectly b ut not directly. v.The set of all physical addresses corresponding to the Logical addresses is commonlyknown as Physical Address Space. vi. It is computed by the Memory Management Unit ( MMU). vii. Range: (R + 0) to (R + max) , for a base value R. c. The runtime mapping from virtual to physical address is done by a hardware device called t he memory -ma nagement un it (MMU). d. The user's program mainly generates the lo gical address, and the user thinks that the program i s running in this logical addr ess, but the program mainly needs physical memory in order to complete its execution . e. 4. How OS manages the isolation and prote ct? (Memory Mapping and Protection) a. OS provides this Virtual Address Space (VAS) concept . b. To separate memor y space , we need the abi lity to determine the range of legal addresses that the process may access and to ensure th at the process can access only these legal addresses. c. The relocation re gister contains value of smallest physical address (Base address [R]); the lim it register contains the ran ge of logical addresses (e.g., relocation = 100040 & limit = 74600). d. Each logical address must be less th an the limit regi ster. CodeHelp

SetConsoleMode () ReadConsole() WriteConsole() ioctI () read() write( ) Information Management GetCurrentProcessID() SetTimer() Sleep() getpid () alarm () sleep () Communicatio n CreatePipe() CreateFileMapping() MapViewOfFile() pipe () shmget () mmap() i.PC On ii.CPU initializes itself and looks for a firmware program (BIOS) stored in BIOS Chip (Basic input-ou tput system chip is a ROM chip found on mother b oard t hat allows t o access & setup c omputer s ystem at most basic level.) 1.In modern PCs, CPU loads UEFI (Unified extensible firmware interface) iii.CPU runs the BIOS which t ests and initializes system hardware. Bios loads configuration settings. If something is not appropriate (like missing RAM) error is thrown and boot process is stopped. This is called POST (Power on self-te st) process. (UEFI can do a lot more than just initialize hardware; it’s really a tiny operating system. For example, Intel CPUs have the Intel M anagement Engine. This provides a variety of features, including powering I ntel’s Active Management Technology, which allows for remote management of business PCs.) iv.BIOS will handoff responsibility for booting your PC to your OS’s bootloader. 1.BIOS looked at the MBR (master boot record) , a special boot sector at the beginni ng of a disk. The MBR contains code that loads the r est of the operating system, known as a “b ootloader.” The BIOS executes the bootloader, which takes it from ther e and begins booting the actual operating system—W indows or Linux, for example.

Translation Look- aside buffer (TL B) a. A Hardware support to speed-up paging process. b. It’s a hardware cache , high speed memory. c. TBL has key and value. CodeHelp d. Page table is stores in main memory & because o f this when the me mory references is made the translation is slow. e. When we are retrieving physical address using page table , after getting frame address corresponding to the page number , we put an entry of the in to the TLB. So that next t ime, we can get the values from T LB directly without referencing actual page table. Hence, make paging pr ocess fa ster. f. TLB hit, TLB contains the mapping for the requested logical address. g. Address space identifier (ASIDs) is stored in each entry o f TLB. ASID uniquely identifies each process and is used to provide address space protection and allow to TLB to contain entrie s for several different processes . When TLB attempts to resolve virtual page number s, it ensures tha t th e ASID for the current ly executing process matches the ASID associated with virtual page. I f it doesn’ t match , the attempt is treated as TLB miss. CodeHelp

Generate the study guide JSON.
IMPORTANT: Only use the CONTEXT if it strictly belongs to the SUBJECT (Digital Logic). If the context is about a different subject (e.g., Operating Systems), IGNORE the context entirely and use your general knowledge.

2026-06-20 00:50:04,283 - INFO - -------------------------------------------------------
2026-06-20 00:50:19,087 - INFO - [PracticeEngine] Returning cached topics hierarchy for student 3
2026-06-20 00:50:19,094 - INFO - [PracticeEngine] Returning cached topics hierarchy for student 3
2026-06-20 00:50:19,489 - INFO - --- LLM PROMPT (Subject: Digital Logic, Topic: Review & Assessment) ---
2026-06-20 00:50:19,490 - INFO - SYSTEM PROMPT:
You are teaching a first-year B.Tech CSE student.
Given the topic and context, generate a highly rigorous and extremely detailed technical study guide using ONLY valid JSON.

Your output must follow this strict JSON format:
{
    "notes": [
        {"type": "heading", "text": "Advanced Concept / Deep Dive"},
        {"type": "paragraph", "text": "In-depth technical explanation, covering edge cases, under-the-hood workings, and performance implications..."},
        {"type": "highlight", "variant": "constructive", "title": "Interview Pro-Tip", "text": "Crucial detail often asked in interviews..."},
        {"type": "code_block", "language": "python", "title": "Complex Implementation", "code": "def complex_algo(): pass"},
        {"type": "note", "text": "Advanced side note or historical context"}
    ],
    "revision": {
        "title": "Interview Cheat Sheet",
        "points": [
            {"id": 1, "text": "Advanced point 1"},
            {"id": 2, "text": "Advanced point 2"}
        ]
    }
}

RULES:
- `notes` array must use types: 'heading', 'paragraph', 'highlight' (variant: 'constructive' or 'destructive'), 'code_block' (include 'language', 'title', 'code'), or 'note'.
- The content MUST be highly rigorous and technically deep. Include complex edge cases, advanced theory, real-world system design implications, and interview-level insights. 
- NEVER generate basic, high-level, or "kidish" overviews. Assume the reader is preparing for a Senior or top-tier placement.
- Generate content ONLY within the context of the provided subject. Do not include concepts from other subjects. For example, if the topic is "Control Flow" and the subject is "Programming Fundamentals", focus on programming logic (if/else, loops) and DO NOT discuss Operating Systems concepts like semaphores or mutexes.
- `revision` should have 3-5 hard-hitting, concise bullet points.
- Do not use markdown fencing (e.g. ```json). Just return the raw JSON object.

2026-06-20 00:50:19,490 - INFO - USER PROMPT:
SUBJECT:
Digital Logic

TOPIC:
Review & Assessment

CONTEXT:
Subject / Context: Digital Logic
a singl e computer. -Increases reliability, 1 CPU fails, othercan work -Better throughput. -Lesser process starvation, (if 1 CPU isworking on some process, other can beexecuted on other CPU. CodeHelp Distri bute d OS, RTOS -OS manages many b unches of resources, >=1 CPUs, >=1 memory, >=1 GPUs, etc -Loosely connected autonomous, inter connected computer node s. -collection of independent, networked, communicating, and physically separate computational nodes. -Real time error free, c omputations within tight-time boundaries. -Air Traffic control system, ROBOTS etc. CodeHelp

e ASID for the current ly executing process matches the ASID associated with virtual page. I f it doesn’ t match , the attempt is treated as TLB miss. CodeHelp LEC-27: Segmentation | Non-Contiguous Memory Allocation 1. An impo rtant aspect of memory management that become unavoidable with paging is separat ion of user’ s view of me mo ry from the actual physical memory. 2. Segmentation i s memory managemen t technique that supports the user view of memory. 3. A logical address space is a collection of segments , these segments are based on user view of logica l memory. 4. Each segment has segment number and offset, defining a segment. <segment -number, o ffset> {s, d} 5. Process is divided into variable segments base d on user view. 6. Paging is closer to the Operating system rather than the User. It divides all the processes into the form o f pages al though a process can have some relative parts of functions which need to be loaded in the same page. 7. Op erating system doesn't care abo ut the User's view of the process. It may divide the same function int o different page s and those pages may or may not be loaded at the same time into the memory. It decreases the efficiency of the system. 8. It is b etter to have segmentation which divides the process into the segments. Each segment contains t he same type of functions such as the main function can be included in one segment and the library functions can be included in the other segment. 9.

KESHAV GUPTA (+91) 9625122267 keshavg2539@gmail.com linkedin.com/in/keshav-gupta2539 github.com/keshavg125 EDUCATION Indian Institute of Information Technology, Kota 2022 – 2026 Bachelor of Technology in Electronics and Communication Engineering [ECE] WORK EXPERIENCE AI ML Intern – Edunet Foundation (Microsoft-AICTE Program) Apr 2025 – May 2025 •Engineered an end-to-end NLP application by designing a data pipeline for text extraction, preprocessing, and performing sentiment analysis using Hugging Face transformer models. •Conducted statistical analysis on chat logs, performing data modeling to identify key engagement drivers and visualize communication patterns for stakeholder review via a Streamlit dashboard. PROJECTS Whisper-Small Fine-Tuning for Hindi ASR (Deep Learning) •Improved ASR accuracy by 50.1% (reducing WER to 42.01%) by designing a complete ETL pipeline and fine-tuning the ‘openai/whisper-small‘ model on a custom Hindi dataset. •Accelerated model training and inference on GPU hardware using Hugging Face ‘transformers‘ and mixed-precision (FP16), preparing the model for production-level deployment. Customer Churn Prediction (Predictive Modeling) •Developed a predictive modeling framework that achieved 79% accuracy and 64% recall , providing a reliable tool for identifying at-risk customers from a large-scale Telco dataset. •Executed comprehensive feature engineering and selection, then applied SMOTE to rectify significant class imbalance, boosting model performance for business intelligence applications. •Optimized machine learning models (XGBoost, LightGBM) using hyperparameter tuning (GridSearchCV) and validated model performance using a suite of metrics including ROC/AUC curves.

cycle is eliminated. b. Resource preemption i. To eliminate DL, we successively preempt some resources from processes and give these resources to other processes until DL cycle is broken. CodeHelp LEC-24: Memory Management Techniques | Contiguous Memory Allocation 1. In Multi- programming environment , we have multiple processes in the main memory ( Read y Queue) to keep the CPU utilization high and to make c omputer responsive to the users. 2. To realize this increa se in perfo rmance, however, we must keep several proce sses in the memory; that is, w e must sh are the main memory. As a result, we must manage main memory for all the diff eren t pro cesses. 3. Logical versus Physical Ad dress Space a. Logical Ad dress i.An address generated by the CPU . ii.The logical address is basically the address of an instruction or data used by a p rocess. iii. User can access log ical address of the process. iv. User has indire ct access to the physical ad dress through logical address. v.Logical address does not exist physically . Hence, aka, Vir tual address. vi. The set of all logical addresses that are generated by any program is referred to as Logical Address Space. vii. Range: 0 t o max . b. Physical Address i.An address loaded into the memory -address register of the physical mem ory. ii.User can never access the physical address of the Program . iii. The physical address is in the memory unit. It’s a location in the main memory physically. iv.

and in memory. ii.Valid-invalid bit 0 means, the page either is not valid (not in the LAS of the process) or is valid but is currently on the disk. CodeHelp e. f. If a process never attempts to access some invalid bit page, the process will be executed successfully without even the need pages present in the swap space. g. What happens if the process tries to access a page that was not brought into memory, access to a page marked invalid causes page fault. Paging hardware noticing invalid bit for a demanded page will cause a trap to the OS. h. The procedure to handle the page fault: i. Check an internal table (in PCB of the process) to determine whether the reference was valid or an invalid memory access. ii. If ref. was invalid process throws exception. If ref. is valid, pager will swap- in the page. iii. We find a free frame (from free -frame list) iv. Schedule a disk operation to read the desired page into the newly allocated frame. v. When disk read is complete, we modify the page table that, the page is now in memory. vi. Restart the instruction that was interrupted by the trap. The process can now access the page as through it had always been in memory. CodeHelp

register contains the ran ge of logical addresses (e.g., relocation = 100040 & limit = 74600). d. Each logical address must be less th an the limit regi ster. CodeHelp

has highest access speed, then comes cache, then main memory. 3. Storage size: a. Secondary has more space. 4. Volatility: a. Primary memory is volatile. b. Secondary is non-volatile. CodeHelp Lec-9: Introduction to Process 1. What is a program? Compiled code, that is ready to execute. 2. What is a process? Program under execution. 3. How OS creates a process? Converting program into a process. STEPS: a. Load the program & static data into memory.b. Allocate runtime stack. c. Heap memory allocation. d. IO tasks.e. OS handoffs control to main (). 4. Architecture of process: 5. Attributes of process: a. Feature that allows identifying a process uniquely. b. Process table i. All processes are being tracked by OS using a table like data structure. ii. Each entry in that table is process control block (PCB). c. PCB: Stores info/attributes of a process. i. Data structure used for each process, that stores information of a process such as process id, program counter, process state, priority etc. 6. PCB structure: Registers in the PCB, it is a data structure. When a processes is running and it's time slice expires, the current value of process specific registers would be stored in the PCB and the process would be swapped out. When the process is scheduled to be run, the register values is read from the PCB and written to the CPU registers. This is the main purpose of the registers in the PCB. CodeHelp

SetConsoleMode () ReadConsole() WriteConsole() ioctI () read() write( ) Information Management GetCurrentProcessID() SetTimer() Sleep() getpid () alarm () sleep () Communicatio n CreatePipe() CreateFileMapping() MapViewOfFile() pipe () shmget () mmap() i.PC On ii.CPU initializes itself and looks for a firmware program (BIOS) stored in BIOS Chip (Basic input-ou tput system chip is a ROM chip found on mother b oard t hat allows t o access & setup c omputer s ystem at most basic level.) 1.In modern PCs, CPU loads UEFI (Unified extensible firmware interface) iii.CPU runs the BIOS which t ests and initializes system hardware. Bios loads configuration settings. If something is not appropriate (like missing RAM) error is thrown and boot process is stopped. This is called POST (Power on self-te st) process. (UEFI can do a lot more than just initialize hardware; it’s really a tiny operating system. For example, Intel CPUs have the Intel M anagement Engine. This provides a variety of features, including powering I ntel’s Active Management Technology, which allows for remote management of business PCs.) iv.BIOS will handoff responsibility for booting your PC to your OS’s bootloader. 1.BIOS looked at the MBR (master boot record) , a special boot sector at the beginni ng of a disk. The MBR contains code that loads the r est of the operating system, known as a “b ootloader.” The BIOS executes the bootloader, which takes it from ther e and begins booting the actual operating system—W indows or Linux, for example.

Generate the study guide JSON.
IMPORTANT: Only use the CONTEXT if it strictly belongs to the SUBJECT (Digital Logic). If the context is about a different subject (e.g., Operating Systems), IGNORE the context entirely and use your general knowledge.

2026-06-20 00:50:19,490 - INFO - -------------------------------------------------------
2026-06-20 00:50:36,032 - INFO - [PracticeEngine] Returning cached topics hierarchy for student 3
2026-06-20 00:50:36,101 - INFO - [PracticeEngine] Returning cached topics hierarchy for student 3
2026-06-20 00:50:36,521 - INFO - --- LLM PROMPT (Subject: Communication Skills, Topic: Communication Skills) ---
2026-06-20 00:50:36,522 - INFO - SYSTEM PROMPT:
You are teaching a first-year B.Tech CSE student.
Given the topic and context, generate a highly rigorous and extremely detailed technical study guide using ONLY valid JSON.

Your output must follow this strict JSON format:
{
    "notes": [
        {"type": "heading", "text": "Advanced Concept / Deep Dive"},
        {"type": "paragraph", "text": "In-depth technical explanation, covering edge cases, under-the-hood workings, and performance implications..."},
        {"type": "highlight", "variant": "constructive", "title": "Interview Pro-Tip", "text": "Crucial detail often asked in interviews..."},
        {"type": "code_block", "language": "python", "title": "Complex Implementation", "code": "def complex_algo(): pass"},
        {"type": "note", "text": "Advanced side note or historical context"}
    ],
    "revision": {
        "title": "Interview Cheat Sheet",
        "points": [
            {"id": 1, "text": "Advanced point 1"},
            {"id": 2, "text": "Advanced point 2"}
        ]
    }
}

RULES:
- `notes` array must use types: 'heading', 'paragraph', 'highlight' (variant: 'constructive' or 'destructive'), 'code_block' (include 'language', 'title', 'code'), or 'note'.
- The content MUST be highly rigorous and technically deep. Include complex edge cases, advanced theory, real-world system design implications, and interview-level insights. 
- NEVER generate basic, high-level, or "kidish" overviews. Assume the reader is preparing for a Senior or top-tier placement.
- Generate content ONLY within the context of the provided subject. Do not include concepts from other subjects. For example, if the topic is "Control Flow" and the subject is "Programming Fundamentals", focus on programming logic (if/else, loops) and DO NOT discuss Operating Systems concepts like semaphores or mutexes.
- `revision` should have 3-5 hard-hitting, concise bullet points.
- Do not use markdown fencing (e.g. ```json). Just return the raw JSON object.

2026-06-20 00:50:36,522 - INFO - USER PROMPT:
SUBJECT:
Communication Skills

TOPIC:
Communication Skills

CONTEXT:
Subject / Context: Communication Skills
KESHAV GUPTA (+91) 9625122267 keshavg2539@gmail.com linkedin.com/in/keshav-gupta2539 github.com/keshavg125 EDUCATION Indian Institute of Information Technology, Kota 2022 – 2026 Bachelor of Technology in Electronics and Communication Engineering [ECE] WORK EXPERIENCE AI ML Intern – Edunet Foundation (Microsoft-AICTE Program) Apr 2025 – May 2025 •Engineered an end-to-end NLP application by designing a data pipeline for text extraction, preprocessing, and performing sentiment analysis using Hugging Face transformer models. •Conducted statistical analysis on chat logs, performing data modeling to identify key engagement drivers and visualize communication patterns for stakeholder review via a Streamlit dashboard. PROJECTS Whisper-Small Fine-Tuning for Hindi ASR (Deep Learning) •Improved ASR accuracy by 50.1% (reducing WER to 42.01%) by designing a complete ETL pipeline and fine-tuning the ‘openai/whisper-small‘ model on a custom Hindi dataset. •Accelerated model training and inference on GPU hardware using Hugging Face ‘transformers‘ and mixed-precision (FP16), preparing the model for production-level deployment. Customer Churn Prediction (Predictive Modeling) •Developed a predictive modeling framework that achieved 79% accuracy and 64% recall , providing a reliable tool for identifying at-risk customers from a large-scale Telco dataset. •Executed comprehensive feature engineering and selection, then applied SMOTE to rectify significant class imbalance, boosting model performance for business intelligence applications. •Optimized machine learning models (XGBoost, LightGBM) using hyperparameter tuning (GridSearchCV) and validated model performance using a suite of metrics including ROC/AUC curves.

and kernel mode?Ans. Inter process communication (IPC).1.Two processes executing independently, having independent memory space (Memory protection), But some may need to communicate to work.2.Done by shared memory and message passing.CodeHelp LEC-5: System Calls How do apps interact with Kernel? -> using system calls. Eg. Mkdir laks - Mkdir indirectly calls kernel and asked the file mgmt. module to create a new directory. - Mkdir is just a wrapper of actual system calls. - Mkdir interacts with kernel using system calls. Eg. Creating a process. - User executes a process. (User space) - Gets system call. (US) - Exec system call to create a process. (KS) - Return to US. Transitions from US to KS done by software interrupts. System calls are implemented in C. A system call is a mechanism using which a user program can request a service from the kernel for which it does not have the permission to perform. User programs typically do not have permission to perform operations like accessing I/O devices and communicating other programs. System Calls are the only way through which a process can go into kernel mode from user mode.

for cultural events with over 500 attendees. Social Media Lead Event Manager, Incognito, Kernel, Fit India Clubs •Managed promotions and digital strategies across three clubs, boosting student engagement by 25%.

permission to perform operations like accessing I/O devices and communicating other programs. System Calls are the only way through which a process can go into kernel mode from user mode. Types of System Calls : 1) Proc ess Control a. end, abort b. load, execute c. create process, terminate process d. get process attributes, set process attributes e. wait for time f. wait event, signal event g. allocate and free memory 2) File Management a. create file, delete file b. open, close c. read, write, reposition d. get f ile attributes, set file attributes 3) Device Management a. request device, release device b. read, write, reposition c. get device attributes, set device attributes d. logically attach or detach devices 4) Information main tenance a. get time or date, set time or date b. get system data, set system data c. get process, file, or device attributes d. set process, fil e, or device attributes 5) Communication Management a. create, delete communication connection b. send, receive messages c. transfer status information d. attach or detach remote devices Examples of Wi ndows & Unix System calls: Category Windows Unix Process Control CreateProcess() ExitProcess() WaitForSingleObject() fork() exit() wait() File Ma nagement Create File() ReadFile() WriteFile() CloseHandle() SetFileSecurity() InitlializeSecurityDescriptor() SetSecurityDescriptorGroup() open () read () write () close () chmod() umask( chown() Device Management SetConsoleMode () ReadConsole() WriteConsole() ioctI () read() write( ) Information Management GetCurrentProcessID() SetTimer() Sleep() getpid () alarm () sleep () Communicatio n CreatePipe() CreateFileMapping() MapViewOfFile() pipe () shmget () mmap()

connected computer node s. -collection of independent, networked, communicating, and physically separate computational nodes. -Real time error free, c omputations within tight-time boundaries. -Air Traffic control system, ROBOTS etc. CodeHelp LEC-3: Multi-Tasking vs Multi-Threading Program : A Program is an executable file which contains a certain set of instructions written to complete the specific job or operation on your computer. •It’s a compiled code. Ready to be executed. •Stored in Disk Process : Program under execution. R esides in Computer’s primary memory (RAM). Thread: •Single sequence stream within a pr ocess. •An independent path of execution in a process. •Light-weight process. •Used to achieve parallelism by dividing a process’s tasks which are independent path of execution. •E.g., Multiple tabs in a browser, text editor (When you are typing in an editor, spell-checking, formatting of text and saving the text are done concurrently by multiplethreads.) Multi-Tasking Multi-Threading The execution of more than one task simultaneously is called as multitasking. A process is divided into several different sub-tasks called as threads, which has its own path of execution. This concept is called as multithreading. Concept of more than 1 processes being context switched. Concept of more than 1 thread. Threads are context switched. No. of CPU 1. No. of CP U >= 1. (Better to have more than 1) Isolation and memory protection exists. OS must allocate separate memory and resources to each program that CPU is executing. No isolation and memory prote ction , resources are shared among threads of that process. OS allocates memory to a process; multiple threads of that process share the same memory and resources allocated to the process.

Complex Preemption No No Yes No Yes Yes Yes Yes Convoy effect Yes Yes No Yes Yes No Yes Yes Overhead No No Yes No Yes Yes Yes Yes CodeHelpµ⑧ LEC- 15: Introduction to Co ncurrency 1. Concurrency is the execution of the multiple instruction sequences at the same time. It happens in the operating system when there are several process threads running in parallel. 2. Thread: • Single sequence stream within a process. • An independent path of execution in a process. • Light-weight process. • Used to achieve parallelism by dividing a process’s tasks which are independent path of execution. • E.g., Multiple tabs in a browser, text editor (When you are typing in an editor, spellchecking, formatting of text and saving the text are done concurrently by multiple threads.) 3. Thread Scheduling: Threads are scheduled for execution based on their priority. Even though threads are executing within the runtime, all threads are assigned processor time slices by the operating system. 4. Threads context switching • OS saves current state of thread & switches to another thread of same process. • Doesn’t includes switching of memory address space. (But Program counter, registers & stack are included.) • Fast switching as compared to process switching • CPU’s cache state is preserved. 5. How each thread get access to the CPU? • Each thread has its own program counter. • Depending upon the thread scheduling algorithm, OS schedule these threads. • OS will fetch instructions corresponding to PC of that thread and execute instruction. 6.

a singl e computer. -Increases reliability, 1 CPU fails, othercan work -Better throughput. -Lesser process starvation, (if 1 CPU isworking on some process, other can beexecuted on other CPU. CodeHelp Distri bute d OS, RTOS -OS manages many b unches of resources, >=1 CPUs, >=1 memory, >=1 GPUs, etc -Loosely connected autonomous, inter connected computer node s. -collection of independent, networked, communicating, and physically separate computational nodes. -Real time error free, c omputations within tight-time boundaries. -Air Traffic control system, ROBOTS etc. CodeHelp

imbalance, boosting model performance for business intelligence applications. •Optimized machine learning models (XGBoost, LightGBM) using hyperparameter tuning (GridSearchCV) and validated model performance using a suite of metrics including ROC/AUC curves. Twitter Sentiment Analysis (Natural Language Processing) •Made a Transformer-based deep learning model for large-scale text classification, achieving 81.37% test accuracy on a 1.6M tweet dataset. •Implemented regularization techniques including early stopping and learning rate scheduling to mitigate overfitting and improve model generalization on unseen data. •Performed statistical analysis and model comparison between RNN (LSTM) and Transformer architectures to inform model selection for large-scale NLP tasks. TECHNICAL SKILLS Languages & Databases: Python, C++, C, SQL, JavaScript, HTML/CSS ML Libraries Frameworks: Scikit-learn, TensorFlow, PyTorch, Pandas, NumPy, Matplotlib, Seaborn, OpenCV, Stream- lit, LightGBM, XGBoost, Hugging Face Transformers Tools, Platforms & Cloud: Git, GitHub, Docker, CI/CD, Azure, AWS (S3, EC2), Google Colab, Jupyter Notebook, REST APIs ML Concepts: Data Science, Data Analysis, Data Visualization, ETL Pipelines, Predictive Modeling, NLP, ASR, Com- puter Vision, Generative AI, Supervised Unsupervised Learning, Classification, Regression, Statistical Analysis, Feature Engineering, Hyperparameter Tuning, Model Evaluation Validation CERTIFICATIONS •Machine Learning Specialization by Andrew Ng - Coursera •Generative AI Prompt Engineering (24+ hours) - Udemy LEADERSHIP EXTRACURRICULAR Logistics Secretary, CACS Creative Arts and Cultural Society, IIIT Kota •Led a 30-member team to manage logistics and operations for cultural events with over 500 attendees. Social Media Lead Event Manager, Incognito, Kernel, Fit India Clubs •Managed promotions and digital strategies across three clubs, boosting student engagement by 25%.

Generate the study guide JSON.
IMPORTANT: Only use the CONTEXT if it strictly belongs to the SUBJECT (Communication Skills). If the context is about a different subject (e.g., Operating Systems), IGNORE the context entirely and use your general knowledge.

2026-06-20 00:50:36,522 - INFO - -------------------------------------------------------
2026-06-20 00:50:38,096 - INFO - [PracticeEngine] Returning cached topics hierarchy for student 3
2026-06-20 00:50:38,175 - INFO - [PracticeEngine] Returning cached topics hierarchy for student 3
2026-06-20 00:50:38,641 - INFO - --- LLM PROMPT (Subject: Environmental Studies, Topic: Environmental Studies) ---
2026-06-20 00:50:38,642 - INFO - SYSTEM PROMPT:
You are teaching a first-year B.Tech CSE student.
Given the topic and context, generate a highly rigorous and extremely detailed technical study guide using ONLY valid JSON.

Your output must follow this strict JSON format:
{
    "notes": [
        {"type": "heading", "text": "Advanced Concept / Deep Dive"},
        {"type": "paragraph", "text": "In-depth technical explanation, covering edge cases, under-the-hood workings, and performance implications..."},
        {"type": "highlight", "variant": "constructive", "title": "Interview Pro-Tip", "text": "Crucial detail often asked in interviews..."},
        {"type": "code_block", "language": "python", "title": "Complex Implementation", "code": "def complex_algo(): pass"},
        {"type": "note", "text": "Advanced side note or historical context"}
    ],
    "revision": {
        "title": "Interview Cheat Sheet",
        "points": [
            {"id": 1, "text": "Advanced point 1"},
            {"id": 2, "text": "Advanced point 2"}
        ]
    }
}

RULES:
- `notes` array must use types: 'heading', 'paragraph', 'highlight' (variant: 'constructive' or 'destructive'), 'code_block' (include 'language', 'title', 'code'), or 'note'.
- The content MUST be highly rigorous and technically deep. Include complex edge cases, advanced theory, real-world system design implications, and interview-level insights. 
- NEVER generate basic, high-level, or "kidish" overviews. Assume the reader is preparing for a Senior or top-tier placement.
- Generate content ONLY within the context of the provided subject. Do not include concepts from other subjects. For example, if the topic is "Control Flow" and the subject is "Programming Fundamentals", focus on programming logic (if/else, loops) and DO NOT discuss Operating Systems concepts like semaphores or mutexes.
- `revision` should have 3-5 hard-hitting, concise bullet points.
- Do not use markdown fencing (e.g. ```json). Just return the raw JSON object.

2026-06-20 00:50:38,642 - INFO - USER PROMPT:
SUBJECT:
Environmental Studies

TOPIC:
Environmental Studies

CONTEXT:
Subject / Context: Environmental Studies
for cultural events with over 500 attendees. Social Media Lead Event Manager, Incognito, Kernel, Fit India Clubs •Managed promotions and digital strategies across three clubs, boosting student engagement by 25%.

number of processes in the memory. a. LTS controls degree of multi-programming. 4. Dispatcher: The module of OS that gives control of CPU to a process selected by STS. CodeHelp

cycle is eliminated. b. Resource preemption i. To eliminate DL, we successively preempt some resources from processes and give these resources to other processes until DL cycle is broken. CodeHelp

a singl e computer. -Increases reliability, 1 CPU fails, othercan work -Better throughput. -Lesser process starvation, (if 1 CPU isworking on some process, other can beexecuted on other CPU. CodeHelp Distri bute d OS, RTOS -OS manages many b unches of resources, >=1 CPUs, >=1 memory, >=1 GPUs, etc -Loosely connected autonomous, inter connected computer node s. -collection of independent, networked, communicating, and physically separate computational nodes. -Real time error free, c omputations within tight-time boundaries. -Air Traffic control system, ROBOTS etc. CodeHelp

has highest access speed, then comes cache, then main memory. 3. Storage size: a. Secondary has more space. 4. Volatility: a. Primary memory is volatile. b. Secondary is non-volatile. CodeHelp Lec-9: Introduction to Process 1. What is a program? Compiled code, that is ready to execute. 2. What is a process? Program under execution. 3. How OS creates a process? Converting program into a process. STEPS: a. Load the program & static data into memory.b. Allocate runtime stack. c. Heap memory allocation. d. IO tasks.e. OS handoffs control to main (). 4. Architecture of process: 5. Attributes of process: a. Feature that allows identifying a process uniquely. b. Process table i. All processes are being tracked by OS using a table like data structure. ii. Each entry in that table is process control block (PCB). c. PCB: Stores info/attributes of a process. i. Data structure used for each process, that stores information of a process such as process id, program counter, process state, priority etc. 6. PCB structure: Registers in the PCB, it is a data structure. When a processes is running and it's time slice expires, the current value of process specific registers would be stored in the PCB and the process would be swapped out. When the process is scheduled to be run, the register values is read from the PCB and written to the CPU registers. This is the main purpose of the registers in the PCB. CodeHelp

(But Program counter, registers & stack are include d.) Includes switching of memory address space. Fast switching. Slow switching. CPU’s cache state is preserved. CPU’s cache state is flushed. CodeHelp LEC-4: Components of OS1.Kernel: A kernel is that part of the operating system which interacts directly with the hardware and performs the most crucial tasks.a.Heart of OS/Core componentb.Very first part of OS to load on start-up.2.User space: Where application software runs, apps don’t have privileged access to the underlying hardware. It interacts with kernel.a.GUIb.CLIA shell, also known as a command interpreter, is that part of the operating system that receives commands from the users and gets them executed. Functions of Kernel: 1.Process management:a.Scheduling processes and threads on the CPUs.b.Creating & deleting both user and system process.c.Suspending and resuming processesd.Providing mechanisms for process synchronization or process communication.2.Memory management:a.Allocating and deallocating memory space as per need.b.Keeping track of which part of memory are currently being used and by which process.3.File management:a.Creating and deleting files.b.Creating and deleting directories to organize files.c.Mapping files into secondary storage.d.Backup support onto a stable storage media.4.I/O management: to manage and control I/O operations and I/O devicesa.Buffering (data copy between two devices), caching and spooling.i.Spooling1.Within differing speed two jobs.2.Eg. Print spooling and mail spooling.ii.Buffering1.Within one job.2.Eg. Youtube video bufferingiii.Caching1.Memory caching, Web caching etc.a.All functions are in kernel itself.b.Bulky in size.c.Memory required to run is high.d.Less reliable, one module crashes -> whole kernel is down.e.High performance as communication is fast. (Less user mode, kernelmode overheads)f.Eg. Linux, Unix, MS-DOS.Types of Kernels: 1.Monolithic kernelCodeHelp

many processes, who need to use a resource for a short time, are blocked by one process holding that resource for a long time. i.This cause poor resource management. CodeHelp

SetConsoleMode () ReadConsole() WriteConsole() ioctI () read() write( ) Information Management GetCurrentProcessID() SetTimer() Sleep() getpid () alarm () sleep () Communicatio n CreatePipe() CreateFileMapping() MapViewOfFile() pipe () shmget () mmap()

Generate the study guide JSON.
IMPORTANT: Only use the CONTEXT if it strictly belongs to the SUBJECT (Environmental Studies). If the context is about a different subject (e.g., Operating Systems), IGNORE the context entirely and use your general knowledge.

2026-06-20 00:50:38,642 - INFO - -------------------------------------------------------
2026-06-20 00:50:41,770 - INFO - [PracticeEngine] Returning cached topics hierarchy for student 3
2026-06-20 00:50:41,783 - INFO - [PracticeEngine] Returning cached topics hierarchy for student 3
2026-06-20 00:50:42,204 - INFO - --- LLM PROMPT (Subject: Engineering Mathematics I, Topic: Engineering Mathematics I) ---
2026-06-20 00:50:42,205 - INFO - SYSTEM PROMPT:
You are teaching a first-year B.Tech CSE student.
Given the topic and context, generate a highly rigorous and extremely detailed technical study guide using ONLY valid JSON.

Your output must follow this strict JSON format:
{
    "notes": [
        {"type": "heading", "text": "Advanced Concept / Deep Dive"},
        {"type": "paragraph", "text": "In-depth technical explanation, covering edge cases, under-the-hood workings, and performance implications..."},
        {"type": "highlight", "variant": "constructive", "title": "Interview Pro-Tip", "text": "Crucial detail often asked in interviews..."},
        {"type": "code_block", "language": "python", "title": "Complex Implementation", "code": "def complex_algo(): pass"},
        {"type": "note", "text": "Advanced side note or historical context"}
    ],
    "revision": {
        "title": "Interview Cheat Sheet",
        "points": [
            {"id": 1, "text": "Advanced point 1"},
            {"id": 2, "text": "Advanced point 2"}
        ]
    }
}

RULES:
- `notes` array must use types: 'heading', 'paragraph', 'highlight' (variant: 'constructive' or 'destructive'), 'code_block' (include 'language', 'title', 'code'), or 'note'.
- The content MUST be highly rigorous and technically deep. Include complex edge cases, advanced theory, real-world system design implications, and interview-level insights. 
- NEVER generate basic, high-level, or "kidish" overviews. Assume the reader is preparing for a Senior or top-tier placement.
- Generate content ONLY within the context of the provided subject. Do not include concepts from other subjects. For example, if the topic is "Control Flow" and the subject is "Programming Fundamentals", focus on programming logic (if/else, loops) and DO NOT discuss Operating Systems concepts like semaphores or mutexes.
- `revision` should have 3-5 hard-hitting, concise bullet points.
- Do not use markdown fencing (e.g. ```json). Just return the raw JSON object.

2026-06-20 00:50:42,205 - INFO - USER PROMPT:
SUBJECT:
Engineering Mathematics I

TOPIC:
Engineering Mathematics I

CONTEXT:
Subject / Context: Engineering Mathematics I
number of processes in the memory. a. LTS controls degree of multi-programming. 4. Dispatcher: The module of OS that gives control of CPU to a process selected by STS. CodeHelp

contains t he same type of functions such as the main function can be included in one segment and the library functions can be included in the other segment. 9. .Advantages : a. No internal fragmentation. b. One segment has a contiguous allocation , hence efficient working within segment. c. The size o f segment table is gen erally less than the size of page table. d. It results in a more efficient system because the compiler keeps the same type of functions in one segment. 11. Disadvantages: a. External fragmentation. b. The d ifferent size of segment is not goo d that the time of swapping. 12. Modern System architecture provides both segmentation and paging implemented in some hybrid approach. CodeHelp

a singl e computer. -Increases reliability, 1 CPU fails, othercan work -Better throughput. -Lesser process starvation, (if 1 CPU isworking on some process, other can beexecuted on other CPU. CodeHelp Distri bute d OS, RTOS -OS manages many b unches of resources, >=1 CPUs, >=1 memory, >=1 GPUs, etc -Loosely connected autonomous, inter connected computer node s. -collection of independent, networked, communicating, and physically separate computational nodes. -Real time error free, c omputations within tight-time boundaries. -Air Traffic control system, ROBOTS etc. CodeHelp

e. Max. throughput of system. 6. Throughput: No. o f processes completed per unit time. 7. Arrival time (A T): Time when process is arrived at the ready queue. 8. Burst time (BT): The time requi red by the process for its execution. 9. Turnaround time (T AT): Time taken from first time process enters rea dy state till it terminates. (CT - AT) 10. Wait time (WT): Time process spends waiting for CPU. (WT = TAT – BT) 11. Response time: Time duration between p rocess getting into ready queue and process getting CPU for the first time. 12.Completion Time (CT): Time taken till process gets terminated. 13. FCFS (First co me-fi rst serve): a. Whichever process comes first in the ready queue will be given CPU first. b. In this, if one process has longer BT. It will have major effect on average WT of diff processes, called Convoy effect. c. Convoy Effect is a situation where many processes, who need to use a resource for a short time, are blocked by one process holding that resource for a long time. i.This cause poor resource management. CodeHelp

Complex Preemption No No Yes No Yes Yes Yes Yes Convoy effect Yes Yes No Yes Yes No Yes Yes Overhead No No Yes No Yes Yes Yes Yes CodeHelpµ⑧ LEC- 15: Introduction to Co ncurrency 1. Concurrency is the execution of the multiple instruction sequences at the same time. It happens in the operating system when there are several process threads running in parallel. 2. Thread: • Single sequence stream within a process. • An independent path of execution in a process. • Light-weight process. • Used to achieve parallelism by dividing a process’s tasks which are independent path of execution. • E.g., Multiple tabs in a browser, text editor (When you are typing in an editor, spellchecking, formatting of text and saving the text are done concurrently by multiple threads.) 3. Thread Scheduling: Threads are scheduled for execution based on their priority. Even though threads are executing within the runtime, all threads are assigned processor time slices by the operating system. 4. Threads context switching • OS saves current state of thread & switches to another thread of same process. • Doesn’t includes switching of memory address space. (But Program counter, registers & stack are included.) • Fast switching as compared to process switching • CPU’s cache state is preserved. 5. How each thread get access to the CPU? • Each thread has its own program counter. • Depending upon the thread scheduling algorithm, OS schedule these threads. • OS will fetch instructions corresponding to PC of that thread and execute instruction. 6.

many processes, who need to use a resource for a short time, are blocked by one process holding that resource for a long time. i.This cause poor resource management. CodeHelp LEC-13: CPU Scheduling | SJF | Priority | RR 1. Shortest Job First (SJF) [Non- preemptive] a. Process with least BT will be dispatched to CPU first. b. Must do estimation for BT for each process in ready queue beforehand, Correct estimation of BT is an impossible task (ideally.) c. Run lowest time process for all time then, choose job having lowest BT at that instance. d. This will suffer from convoy effect as if the very first process which came is Ready state is having a large BT. e. Process starvation might happen. f. Criteria for SJF algos, AT + BT. 2. SJF [Preemptive] a. Less starvation.b. No convoy effect. c. Gives average WT less for a given set of processes as scheduling short job before a long one decreases the WT of short job more than it increases the WT of the long process. 3. Pri ority Scheduling [Non- preemptive] a. Priority is assigned to a process when it is created. b. SJF is a special case of general priority scheduling with priority inversely proportional to BT. 4. Priority Scheduling [Preemptive] a. Current RUN state job will be preempted if next job has higher priority. b. May cause indefinite waiting (Starvation) for lower priority jobs. (Possibility is they won’t get executed ever). (Tru e for both preemptive and non -preemptive version) i.Solution: Ageing is the solution. ii.Gradually increase priority of process that wait so long. E.g., increase priority by 1 every 15 minutes. 5.

permission to perform operations like accessing I/O devices and communicating other programs. System Calls are the only way through which a process can go into kernel mode from user mode. Types of System Calls : 1) Proc ess Control a. end, abort b. load, execute c. create process, terminate process d. get process attributes, set process attributes e. wait for time f. wait event, signal event g. allocate and free memory 2) File Management a. create file, delete file b. open, close c. read, write, reposition d. get f ile attributes, set file attributes 3) Device Management a. request device, release device b. read, write, reposition c. get device attributes, set device attributes d. logically attach or detach devices 4) Information main tenance a. get time or date, set time or date b. get system data, set system data c. get process, file, or device attributes d. set process, fil e, or device attributes 5) Communication Management a. create, delete communication connection b. send, receive messages c. transfer status information d. attach or detach remote devices Examples of Wi ndows & Unix System calls: Category Windows Unix Process Control CreateProcess() ExitProcess() WaitForSingleObject() fork() exit() wait() File Ma nagement Create File() ReadFile() WriteFile() CloseHandle() SetFileSecurity() InitlializeSecurityDescriptor() SetSecurityDescriptorGroup() open () read () write () close () chmod() umask( chown() Device Management SetConsoleMode () ReadConsole() WriteConsole() ioctI () read() write( ) Information Management GetCurrentProcessID() SetTimer() Sleep() getpid () alarm () sleep () Communicatio n CreatePipe() CreateFileMapping() MapViewOfFile() pipe () shmget () mmap()

number of processes in the memory. a. LTS controls degree of multi-programming. 4. Dispatcher: The module of OS that gives control of CPU to a process selected by STS. CodeHelp LEC-11: Swapping | Context-Switching | Orphan process | Zombie process 1. Swapping a. Time- sharing system may have medium term schedular (MTS ). b. Remove processes from memory to reduce degree of multi -programming. c. These removed processes can be re introduce d into memory, and its e xecution can be con tinued where it left off . This is called Swapping. d. Swap- out and swap- in is done by MTS. e. Swapping is necessary to improve process mix or because a change in memory requirement s has overcommitted avail able memory, requiring memory to be freed u p. f. Swapping is a mechanism in which a process can be swapped temporarily out of main memory (or move) to secondary storage (disk) and make that memory available to other processes. At some later time, the system swaps back the process from the secondary storage to main memory. 2. Context -Switching a. Switching the CPU to another process require s performing a state save of the current process and a state restore of a different process. b. Whe n this occurs, the kern el saves the context of the old process in its PCB and loads the saved context of the new process scheduled to r un. c. It is pu re overhead, because the system does no useful work whi le switching. d. Speed varies from machine t o machine, depending on the mem ory speed, the number of registers that must be copied etc. 3.

Generate the study guide JSON.
IMPORTANT: Only use the CONTEXT if it strictly belongs to the SUBJECT (Engineering Mathematics I). If the context is about a different subject (e.g., Operating Systems), IGNORE the context entirely and use your general knowledge.

2026-06-20 00:50:42,205 - INFO - -------------------------------------------------------
2026-06-20 00:50:46,637 - INFO - [PracticeEngine] Returning cached topics hierarchy for student 3
2026-06-20 00:50:46,637 - INFO - [PracticeEngine] Returning cached topics hierarchy for student 3
2026-06-20 00:50:46,820 - INFO - --- LLM PROMPT (Subject: Computer Networks, Topic: Computer Networks) ---
2026-06-20 00:50:46,820 - INFO - SYSTEM PROMPT:
You are teaching a first-year B.Tech CSE student.
Given the topic and context, generate a highly rigorous and extremely detailed technical study guide using ONLY valid JSON.

Your output must follow this strict JSON format:
{
    "notes": [
        {"type": "heading", "text": "Advanced Concept / Deep Dive"},
        {"type": "paragraph", "text": "In-depth technical explanation, covering edge cases, under-the-hood workings, and performance implications..."},
        {"type": "highlight", "variant": "constructive", "title": "Interview Pro-Tip", "text": "Crucial detail often asked in interviews..."},
        {"type": "code_block", "language": "python", "title": "Complex Implementation", "code": "def complex_algo(): pass"},
        {"type": "note", "text": "Advanced side note or historical context"}
    ],
    "revision": {
        "title": "Interview Cheat Sheet",
        "points": [
            {"id": 1, "text": "Advanced point 1"},
            {"id": 2, "text": "Advanced point 2"}
        ]
    }
}

RULES:
- `notes` array must use types: 'heading', 'paragraph', 'highlight' (variant: 'constructive' or 'destructive'), 'code_block' (include 'language', 'title', 'code'), or 'note'.
- The content MUST be highly rigorous and technically deep. Include complex edge cases, advanced theory, real-world system design implications, and interview-level insights. 
- NEVER generate basic, high-level, or "kidish" overviews. Assume the reader is preparing for a Senior or top-tier placement.
- Generate content ONLY within the context of the provided subject. Do not include concepts from other subjects. For example, if the topic is "Control Flow" and the subject is "Programming Fundamentals", focus on programming logic (if/else, loops) and DO NOT discuss Operating Systems concepts like semaphores or mutexes.
- `revision` should have 3-5 hard-hitting, concise bullet points.
- Do not use markdown fencing (e.g. ```json). Just return the raw JSON object.

2026-06-20 00:50:46,820 - INFO - USER PROMPT:
SUBJECT:
Computer Networks

TOPIC:
Computer Networks

CONTEXT:
Subject / Context: Computer Networks
(Curriculum topic — use highly rigorous general knowledge for a college level curriculum)

Generate the study guide JSON.
IMPORTANT: Only use the CONTEXT if it strictly belongs to the SUBJECT (Computer Networks). If the context is about a different subject (e.g., Operating Systems), IGNORE the context entirely and use your general knowledge.

2026-06-20 00:50:46,820 - INFO - -------------------------------------------------------
2026-06-20 00:50:50,635 - INFO - [PracticeEngine] Returning cached topics hierarchy for student 3
2026-06-20 00:50:50,639 - INFO - [PracticeEngine] Returning cached topics hierarchy for student 3
2026-06-20 00:50:51,005 - INFO - --- LLM PROMPT (Subject: Probability and Statistics, Topic: Probability and Statistics) ---
2026-06-20 00:50:51,005 - INFO - SYSTEM PROMPT:
You are teaching a first-year B.Tech CSE student.
Given the topic and context, generate a highly rigorous and extremely detailed technical study guide using ONLY valid JSON.

Your output must follow this strict JSON format:
{
    "notes": [
        {"type": "heading", "text": "Advanced Concept / Deep Dive"},
        {"type": "paragraph", "text": "In-depth technical explanation, covering edge cases, under-the-hood workings, and performance implications..."},
        {"type": "highlight", "variant": "constructive", "title": "Interview Pro-Tip", "text": "Crucial detail often asked in interviews..."},
        {"type": "code_block", "language": "python", "title": "Complex Implementation", "code": "def complex_algo(): pass"},
        {"type": "note", "text": "Advanced side note or historical context"}
    ],
    "revision": {
        "title": "Interview Cheat Sheet",
        "points": [
            {"id": 1, "text": "Advanced point 1"},
            {"id": 2, "text": "Advanced point 2"}
        ]
    }
}

RULES:
- `notes` array must use types: 'heading', 'paragraph', 'highlight' (variant: 'constructive' or 'destructive'), 'code_block' (include 'language', 'title', 'code'), or 'note'.
- The content MUST be highly rigorous and technically deep. Include complex edge cases, advanced theory, real-world system design implications, and interview-level insights. 
- NEVER generate basic, high-level, or "kidish" overviews. Assume the reader is preparing for a Senior or top-tier placement.
- Generate content ONLY within the context of the provided subject. Do not include concepts from other subjects. For example, if the topic is "Control Flow" and the subject is "Programming Fundamentals", focus on programming logic (if/else, loops) and DO NOT discuss Operating Systems concepts like semaphores or mutexes.
- `revision` should have 3-5 hard-hitting, concise bullet points.
- Do not use markdown fencing (e.g. ```json). Just return the raw JSON object.

2026-06-20 00:50:51,005 - INFO - USER PROMPT:
SUBJECT:
Probability and Statistics

TOPIC:
Probability and Statistics

CONTEXT:
Subject / Context: Probability and Statistics
for cultural events with over 500 attendees. Social Media Lead Event Manager, Incognito, Kernel, Fit India Clubs •Managed promotions and digital strategies across three clubs, boosting student engagement by 25%.

Complex Preemption No No Yes No Yes Yes Yes Yes Convoy effect Yes Yes No Yes Yes No Yes Yes Overhead No No Yes No Yes Yes Yes Yes CodeHelpµ⑧ LEC- 15: Introduction to Co ncurrency 1. Concurrency is the execution of the multiple instruction sequences at the same time. It happens in the operating system when there are several process threads running in parallel. 2. Thread: • Single sequence stream within a process. • An independent path of execution in a process. • Light-weight process. • Used to achieve parallelism by dividing a process’s tasks which are independent path of execution. • E.g., Multiple tabs in a browser, text editor (When you are typing in an editor, spellchecking, formatting of text and saving the text are done concurrently by multiple threads.) 3. Thread Scheduling: Threads are scheduled for execution based on their priority. Even though threads are executing within the runtime, all threads are assigned processor time slices by the operating system. 4. Threads context switching • OS saves current state of thread & switches to another thread of same process. • Doesn’t includes switching of memory address space. (But Program counter, registers & stack are included.) • Fast switching as compared to process switching • CPU’s cache state is preserved. 5. How each thread get access to the CPU? • Each thread has its own program counter. • Depending upon the thread scheduling algorithm, OS schedule these threads. • OS will fetch instructions corresponding to PC of that thread and execute instruction. 6.

busy waiting, what if thread that had acquired the lock dies, then all other threads will be in infinite waiting. ii.Deadlocks iii. Debugging iv. Starvation of high priority threads. CodeHelp LEC-17: Conditional Variable and Semaphores for Threads synchronization 1.Conditional variable a. The condition variable is a synchronization primitive that lets the thread wait until a certain condition occurs. b.Works with a lock c.Thread can enter a wait state only when it has acquired a lock. When a thread enters the wait state, it will release the lock and wait until anotherthread notifies that the event has occurred. Once the waiting thread entersthe running state, it again acquires the lock immediately and starts executing. d.Why to use conditional variable? i.To avoid busy waiting. e.Contention is not here. 2.Semaphores a.Synchronization method. b.An integer that is equal to number of resources c.Multiple threads can go and execute C.S concurrently. d.Allows multiple program threads to access the finite instance of resourceswhereas mutex allows multiple threads to access a single shared resourceone at a time. e.Binary semaphore: value can be 0 or 1. i.Aka, mutex locks f.Counting semaphore i.Can range over an unrestricted domain. ii.Can be used to control access to a given resource consisting of a finitenumber of instances. g.To overcome the need for busy waiting, we can modify the definition ofthe wait () and signal () semaphore operations. When a process executes thewait () operation and finds that the semaphore value is not positive, it mustwait. However, rather than engaging in busy waiting, the process car blockitself. The block- operation places a process into a waiting queue associatedwith the semaphore, and the state of the process is switched to the Waitingstate.

busy waiting, the process car blockitself. The block- operation places a process into a waiting queue associatedwith the semaphore, and the state of the process is switched to the Waitingstate. Then control is transferred to the CPU scheduler, which selects another process to execute. h.A process that is blocked, waiting on a semaphore S, should be restarted when some other process executes a signal () operation. The process isrestarted by a wakeup () operation, which changes the process from thewaiting state to the ready state. The process is then placed in the readyqueue. CodeHelp

no useful work whi le switching. d. Speed varies from machine t o machine, depending on the mem ory speed, the number of registers that must be copied etc. 3. Orpha n proce ss a. The process whose parent process ha s been terminated and it is still running. b. Orphan processes are adopted by init process. c. Init is the first process of OS. 4. Zombie process / Defunct process a. A zombie process is a process whose execution is completed but it still has an entry in the process table. b. Zombie processes usually occur for child processes, as the parent process still needs to read its child’s exit status. Once this is done using the wait system call, the zombie process is eliminated from the process table. This is known as reaping the zombie process. c. It is because parent process may call wait () on child process for a longer time dur ation and child process got terminated much earlier. d. As entry in the process table can only be removed, after the parent process reads the exit status of child process. Hence, the child process remains a zombie till it is removed from the process table. CodeHelp

Compatibility: 64-bit CPU can run both 32-bit and 64-bit OS. While 32-bit CPU can only run 32-bit OS. e. Better Graphics performance: 8-bytes graphics calculations make graphics-intensive appsrun faster. CodeHelp Lec-8: Storage Devices Basics What are the different memory present in the computer system? 1. Register: Smallest unit of storage. It is a part of CPU itself. A register may hold an instruction, a storage address, or any data (such as bit sequence or individual characters). Registers are a type of computer memory used to quickly accept, store, and transfer data and instructions that are being used immediately by the CPU. 2. Cache: Additional memory system that temporarily stores frequently used instructions and data for quicker processing by the CPU. 3. Main Memory: RAM. 4. Secondary Memory: Storage media, on which computer can store data & programs. Comparison 1. Cost : a. Primary storages are costly. b. Registers are most expensive due to expensive semiconductors & labour. c.Secondary storages are cheaper than primary. 2. Access Speed: a. Primary has higher access speed than secondary memory. b. Registers has highest access speed, then comes cache, then main memory. 3. Storage size: a. Secondary has more space. 4. Volatility: a. Primary memory is volatile. b. Secondary is non-volatile. CodeHelp

number of processes in the memory. a. LTS controls degree of multi-programming. 4. Dispatcher: The module of OS that gives control of CPU to a process selected by STS. CodeHelp

a singl e computer. -Increases reliability, 1 CPU fails, othercan work -Better throughput. -Lesser process starvation, (if 1 CPU isworking on some process, other can beexecuted on other CPU. CodeHelp Distri bute d OS, RTOS -OS manages many b unches of resources, >=1 CPUs, >=1 memory, >=1 GPUs, etc -Loosely connected autonomous, inter connected computer node s. -collection of independent, networked, communicating, and physically separate computational nodes. -Real time error free, c omputations within tight-time boundaries. -Air Traffic control system, ROBOTS etc. CodeHelp

Generate the study guide JSON.
IMPORTANT: Only use the CONTEXT if it strictly belongs to the SUBJECT (Probability and Statistics). If the context is about a different subject (e.g., Operating Systems), IGNORE the context entirely and use your general knowledge.

2026-06-20 00:50:51,005 - INFO - -------------------------------------------------------
2026-06-20 00:50:53,989 - INFO - [PracticeEngine] Returning cached topics hierarchy for student 3
2026-06-20 00:50:54,053 - INFO - [PracticeEngine] Returning cached topics hierarchy for student 3
2026-06-20 00:50:54,407 - INFO - --- LLM PROMPT (Subject: Theory of Computation, Topic: Theory of Computation) ---
2026-06-20 00:50:54,407 - INFO - SYSTEM PROMPT:
You are teaching a first-year B.Tech CSE student.
Given the topic and context, generate a highly rigorous and extremely detailed technical study guide using ONLY valid JSON.

Your output must follow this strict JSON format:
{
    "notes": [
        {"type": "heading", "text": "Advanced Concept / Deep Dive"},
        {"type": "paragraph", "text": "In-depth technical explanation, covering edge cases, under-the-hood workings, and performance implications..."},
        {"type": "highlight", "variant": "constructive", "title": "Interview Pro-Tip", "text": "Crucial detail often asked in interviews..."},
        {"type": "code_block", "language": "python", "title": "Complex Implementation", "code": "def complex_algo(): pass"},
        {"type": "note", "text": "Advanced side note or historical context"}
    ],
    "revision": {
        "title": "Interview Cheat Sheet",
        "points": [
            {"id": 1, "text": "Advanced point 1"},
            {"id": 2, "text": "Advanced point 2"}
        ]
    }
}

RULES:
- `notes` array must use types: 'heading', 'paragraph', 'highlight' (variant: 'constructive' or 'destructive'), 'code_block' (include 'language', 'title', 'code'), or 'note'.
- The content MUST be highly rigorous and technically deep. Include complex edge cases, advanced theory, real-world system design implications, and interview-level insights. 
- NEVER generate basic, high-level, or "kidish" overviews. Assume the reader is preparing for a Senior or top-tier placement.
- Generate content ONLY within the context of the provided subject. Do not include concepts from other subjects. For example, if the topic is "Control Flow" and the subject is "Programming Fundamentals", focus on programming logic (if/else, loops) and DO NOT discuss Operating Systems concepts like semaphores or mutexes.
- `revision` should have 3-5 hard-hitting, concise bullet points.
- Do not use markdown fencing (e.g. ```json). Just return the raw JSON object.

2026-06-20 00:50:54,407 - INFO - USER PROMPT:
SUBJECT:
Theory of Computation

TOPIC:
Theory of Computation

CONTEXT:
Subject / Context: Theory of Computation
connected computer node s. -collection of independent, networked, communicating, and physically separate computational nodes. -Real time error free, c omputations within tight-time boundaries. -Air Traffic control system, ROBOTS etc. CodeHelp LEC-3: Multi-Tasking vs Multi-Threading Program : A Program is an executable file which contains a certain set of instructions written to complete the specific job or operation on your computer. •It’s a compiled code. Ready to be executed. •Stored in Disk Process : Program under execution. R esides in Computer’s primary memory (RAM). Thread: •Single sequence stream within a pr ocess. •An independent path of execution in a process. •Light-weight process. •Used to achieve parallelism by dividing a process’s tasks which are independent path of execution. •E.g., Multiple tabs in a browser, text editor (When you are typing in an editor, spell-checking, formatting of text and saving the text are done concurrently by multiplethreads.) Multi-Tasking Multi-Threading The execution of more than one task simultaneously is called as multitasking. A process is divided into several different sub-tasks called as threads, which has its own path of execution. This concept is called as multithreading. Concept of more than 1 processes being context switched. Concept of more than 1 thread. Threads are context switched. No. of CPU 1. No. of CP U >= 1. (Better to have more than 1) Isolation and memory protection exists. OS must allocate separate memory and resources to each program that CPU is executing. No isolation and memory prote ction , resources are shared among threads of that process. OS allocates memory to a process; multiple threads of that process share the same memory and resources allocated to the process.

a singl e computer. -Increases reliability, 1 CPU fails, othercan work -Better throughput. -Lesser process starvation, (if 1 CPU isworking on some process, other can beexecuted on other CPU. CodeHelp Distri bute d OS, RTOS -OS manages many b unches of resources, >=1 CPUs, >=1 memory, >=1 GPUs, etc -Loosely connected autonomous, inter connected computer node s. -collection of independent, networked, communicating, and physically separate computational nodes. -Real time error free, c omputations within tight-time boundaries. -Air Traffic control system, ROBOTS etc. CodeHelp

number of processes in the memory. a. LTS controls degree of multi-programming. 4. Dispatcher: The module of OS that gives control of CPU to a process selected by STS. CodeHelp

cycle is eliminated. b. Resource preemption i. To eliminate DL, we successively preempt some resources from processes and give these resources to other processes until DL cycle is broken. CodeHelp LEC-24: Memory Management Techniques | Contiguous Memory Allocation 1. In Multi- programming environment , we have multiple processes in the main memory ( Read y Queue) to keep the CPU utilization high and to make c omputer responsive to the users. 2. To realize this increa se in perfo rmance, however, we must keep several proce sses in the memory; that is, w e must sh are the main memory. As a result, we must manage main memory for all the diff eren t pro cesses. 3. Logical versus Physical Ad dress Space a. Logical Ad dress i.An address generated by the CPU . ii.The logical address is basically the address of an instruction or data used by a p rocess. iii. User can access log ical address of the process. iv. User has indire ct access to the physical ad dress through logical address. v.Logical address does not exist physically . Hence, aka, Vir tual address. vi. The set of all logical addresses that are generated by any program is referred to as Logical Address Space. vii. Range: 0 t o max . b. Physical Address i.An address loaded into the memory -address register of the physical mem ory. ii.User can never access the physical address of the Program . iii. The physical address is in the memory unit. It’s a location in the main memory physically. iv.

system -Batch -processing operating system -Multitasking operating system -Multi -processing operating system -Distributed system -Real time OS[CTSS, MIT, early 1960s] [Windows NT] [LOCUS ] [ATCS] LEC-2: Types of OS CodeHelp Single process OS, only 1 process executes at a time from the ready queue. [Oldest] Batch- processing OS, 1.Firstly, user prepares his job using punch cards. 2.Then, he submits the job to the computer operator. 3.Operator collects the jobs from different users and sort the jobs into batches with similar needs. 4.Then, operator submits the batches to the processor one by one. 5.All the jobs of one batch are executed together. -Priorities cannot be set, if a job comes with some higher priority. -May lead to starvation. (A batch may take more time to complete) -CPU may become idle in case of I/O operations. Multiprogramming increases CPU utilization by keeping multiple jobs (code and data) in the memory so that the CPU always has one to execute in case some job gets busy with I/O. -Single CPU -Context switching for processes. -Switch happens when current process goes to wait state. -CPU idle time reduced. Multitasking is a logical extension of multiprogramming. -Single CPU -Able to run more than one task simultaneously. -Context switching and time sharing used. -Increases responsiveness. -CPU idle time is further reduced. Multi -processing OS, more than 1 CPU in a singl e computer. -Increases reliability, 1 CPU fails, othercan work -Better throughput. -Lesser process starvation, (if 1 CPU isworking on some process, other can beexecuted on other CPU. CodeHelp

() operation. The process isrestarted by a wakeup () operation, which changes the process from thewaiting state to the ready state. The process is then placed in the readyqueue. CodeHelp Lec- 20: The Dining Philosophers problem 1. We have 5 philosophers. 2. They spend their life just being in two states: a. Thinking b. Eating 3. They sit on a circular table surrounded by 5 chairs (1 each), in the center of table is a bowl of noodles, and the table is laid with 5 single forks. 4.Thinking state: When a ph. Thinks, he doesn’t interact with others. 5.Eating state: When a ph. Gets hungry, he tries to pick up the 2 forks adjacent to him (Left and Right). He can pick one fork at a time. 6. One can’t pick up a fork if it is already taken. 7. When ph. Has both forks at the same time, he eats without releasing forks. 8. Solution can be given using semaphores. a. Each fork is a binary semaphore. b. A ph. Calls wait() operation to acquire a fork. c.Release fork by calling signal(). d.Semaphore fork[5]{1}; 9. Although the semaphore solution makes sure that no two neighbors are eating simultaneously but it could still create Deadlock . 10. Suppose that all 5 ph. Become hungry at the same time and each picks up their left fork, then All fork semaphores would be 0. 11. When each ph. Tries to grab his right fork, he will be waiting for ever (Deadlock) 12. We must use some methods to avoid Deadlock and make the solution work a. Allow at most 4 ph. To be sitting simultaneously. b. Allow a ph. To pick up his fork only if both forks are available and to do this, he must pick them up in a critical section (atomically). CodeHelp

Complex Preemption No No Yes No Yes Yes Yes Yes Convoy effect Yes Yes No Yes Yes No Yes Yes Overhead No No Yes No Yes Yes Yes Yes CodeHelpµ⑧ LEC- 15: Introduction to Co ncurrency 1. Concurrency is the execution of the multiple instruction sequences at the same time. It happens in the operating system when there are several process threads running in parallel. 2. Thread: • Single sequence stream within a process. • An independent path of execution in a process. • Light-weight process. • Used to achieve parallelism by dividing a process’s tasks which are independent path of execution. • E.g., Multiple tabs in a browser, text editor (When you are typing in an editor, spellchecking, formatting of text and saving the text are done concurrently by multiple threads.) 3. Thread Scheduling: Threads are scheduled for execution based on their priority. Even though threads are executing within the runtime, all threads are assigned processor time slices by the operating system. 4. Threads context switching • OS saves current state of thread & switches to another thread of same process. • Doesn’t includes switching of memory address space. (But Program counter, registers & stack are included.) • Fast switching as compared to process switching • CPU’s cache state is preserved. 5. How each thread get access to the CPU? • Each thread has its own program counter. • Depending upon the thread scheduling algorithm, OS schedule these threads. • OS will fetch instructions corresponding to PC of that thread and execute instruction. 6.

only be removed, after the parent process reads the exit status of child process. Hence, the child process remains a zombie till it is removed from the process table. CodeHelp LEC-12: Intro to Process Scheduling | FCFS | Convoy Effect 1. Process Scheduling a. Basis of Multi- programming OS. b. By switching the CP U among processes, the OS can make the computer more productive. c. Many processes are kept in memory at a time, when a process must wait or time quantum expires, the OS t akes the CPU away from that process & give s the CPU to another process & this pattern continues. 2. CPU Scheduler a. Whenever the CPU become idea l, OS must select one process from the ready queue to be executed . b. Done by STS. 3. Non- Preempt ive scheduling a. Once CPU has been allocated to a process, the process keeps the CPU u ntil it releases CPU either by terminating or b y switching to wait- state. b. Starvation, as a process with long burst time may starve le ss bu rst time process. c. Low CPU utili zation. 4. Preempt ive scheduling a. CPU is taken away from a proce ss after time quantum e xpires along with terminating or switching to wait- state. b. Less Starvation c. High CPU utilization. 5. Goals of CPU scheduling a. Maximum CPU utilization b. Minimum Turnaround time (TAT). c. Min. Wait- time d. Min. response time. e. Max. throughput of system. 6. Throughput: No. o f processes completed per unit time. 7. Arrival time (A T): Time when process is arrived at the ready queue. 8.

Generate the study guide JSON.
IMPORTANT: Only use the CONTEXT if it strictly belongs to the SUBJECT (Theory of Computation). If the context is about a different subject (e.g., Operating Systems), IGNORE the context entirely and use your general knowledge.

2026-06-20 00:50:54,407 - INFO - -------------------------------------------------------
2026-06-20 00:50:59,151 - INFO - [PracticeEngine] Returning cached topics hierarchy for student 3
2026-06-20 00:50:59,155 - INFO - [PracticeEngine] Returning cached topics hierarchy for student 3
2026-06-20 00:50:59,571 - INFO - --- LLM PROMPT (Subject: Web Development, Topic: Web Development) ---
2026-06-20 00:50:59,571 - INFO - SYSTEM PROMPT:
You are teaching a first-year B.Tech CSE student.
Given the topic and context, generate a highly rigorous and extremely detailed technical study guide using ONLY valid JSON.

Your output must follow this strict JSON format:
{
    "notes": [
        {"type": "heading", "text": "Advanced Concept / Deep Dive"},
        {"type": "paragraph", "text": "In-depth technical explanation, covering edge cases, under-the-hood workings, and performance implications..."},
        {"type": "highlight", "variant": "constructive", "title": "Interview Pro-Tip", "text": "Crucial detail often asked in interviews..."},
        {"type": "code_block", "language": "python", "title": "Complex Implementation", "code": "def complex_algo(): pass"},
        {"type": "note", "text": "Advanced side note or historical context"}
    ],
    "revision": {
        "title": "Interview Cheat Sheet",
        "points": [
            {"id": 1, "text": "Advanced point 1"},
            {"id": 2, "text": "Advanced point 2"}
        ]
    }
}

RULES:
- `notes` array must use types: 'heading', 'paragraph', 'highlight' (variant: 'constructive' or 'destructive'), 'code_block' (include 'language', 'title', 'code'), or 'note'.
- The content MUST be highly rigorous and technically deep. Include complex edge cases, advanced theory, real-world system design implications, and interview-level insights. 
- NEVER generate basic, high-level, or "kidish" overviews. Assume the reader is preparing for a Senior or top-tier placement.
- Generate content ONLY within the context of the provided subject. Do not include concepts from other subjects. For example, if the topic is "Control Flow" and the subject is "Programming Fundamentals", focus on programming logic (if/else, loops) and DO NOT discuss Operating Systems concepts like semaphores or mutexes.
- `revision` should have 3-5 hard-hitting, concise bullet points.
- Do not use markdown fencing (e.g. ```json). Just return the raw JSON object.

2026-06-20 00:50:59,572 - INFO - USER PROMPT:
SUBJECT:
Web Development

TOPIC:
Web Development

CONTEXT:
Subject / Context: Web Development
a singl e computer. -Increases reliability, 1 CPU fails, othercan work -Better throughput. -Lesser process starvation, (if 1 CPU isworking on some process, other can beexecuted on other CPU. CodeHelp Distri bute d OS, RTOS -OS manages many b unches of resources, >=1 CPUs, >=1 memory, >=1 GPUs, etc -Loosely connected autonomous, inter connected computer node s. -collection of independent, networked, communicating, and physically separate computational nodes. -Real time error free, c omputations within tight-time boundaries. -Air Traffic control system, ROBOTS etc. CodeHelp

KESHAV GUPTA (+91) 9625122267 keshavg2539@gmail.com linkedin.com/in/keshav-gupta2539 github.com/keshavg125 EDUCATION Indian Institute of Information Technology, Kota 2022 – 2026 Bachelor of Technology in Electronics and Communication Engineering [ECE] WORK EXPERIENCE AI ML Intern – Edunet Foundation (Microsoft-AICTE Program) Apr 2025 – May 2025 •Engineered an end-to-end NLP application by designing a data pipeline for text extraction, preprocessing, and performing sentiment analysis using Hugging Face transformer models. •Conducted statistical analysis on chat logs, performing data modeling to identify key engagement drivers and visualize communication patterns for stakeholder review via a Streamlit dashboard. PROJECTS Whisper-Small Fine-Tuning for Hindi ASR (Deep Learning) •Improved ASR accuracy by 50.1% (reducing WER to 42.01%) by designing a complete ETL pipeline and fine-tuning the ‘openai/whisper-small‘ model on a custom Hindi dataset. •Accelerated model training and inference on GPU hardware using Hugging Face ‘transformers‘ and mixed-precision (FP16), preparing the model for production-level deployment. Customer Churn Prediction (Predictive Modeling) •Developed a predictive modeling framework that achieved 79% accuracy and 64% recall , providing a reliable tool for identifying at-risk customers from a large-scale Telco dataset. •Executed comprehensive feature engineering and selection, then applied SMOTE to rectify significant class imbalance, boosting model performance for business intelligence applications. •Optimized machine learning models (XGBoost, LightGBM) using hyperparameter tuning (GridSearchCV) and validated model performance using a suite of metrics including ROC/AUC curves.

imbalance, boosting model performance for business intelligence applications. •Optimized machine learning models (XGBoost, LightGBM) using hyperparameter tuning (GridSearchCV) and validated model performance using a suite of metrics including ROC/AUC curves. Twitter Sentiment Analysis (Natural Language Processing) •Made a Transformer-based deep learning model for large-scale text classification, achieving 81.37% test accuracy on a 1.6M tweet dataset. •Implemented regularization techniques including early stopping and learning rate scheduling to mitigate overfitting and improve model generalization on unseen data. •Performed statistical analysis and model comparison between RNN (LSTM) and Transformer architectures to inform model selection for large-scale NLP tasks. TECHNICAL SKILLS Languages & Databases: Python, C++, C, SQL, JavaScript, HTML/CSS ML Libraries Frameworks: Scikit-learn, TensorFlow, PyTorch, Pandas, NumPy, Matplotlib, Seaborn, OpenCV, Stream- lit, LightGBM, XGBoost, Hugging Face Transformers Tools, Platforms & Cloud: Git, GitHub, Docker, CI/CD, Azure, AWS (S3, EC2), Google Colab, Jupyter Notebook, REST APIs ML Concepts: Data Science, Data Analysis, Data Visualization, ETL Pipelines, Predictive Modeling, NLP, ASR, Com- puter Vision, Generative AI, Supervised Unsupervised Learning, Classification, Regression, Statistical Analysis, Feature Engineering, Hyperparameter Tuning, Model Evaluation Validation CERTIFICATIONS •Machine Learning Specialization by Andrew Ng - Coursera •Generative AI Prompt Engineering (24+ hours) - Udemy LEADERSHIP EXTRACURRICULAR Logistics Secretary, CACS Creative Arts and Cultural Society, IIIT Kota •Led a 30-member team to manage logistics and operations for cultural events with over 500 attendees. Social Media Lead Event Manager, Incognito, Kernel, Fit India Clubs •Managed promotions and digital strategies across three clubs, boosting student engagement by 25%.

connected computer node s. -collection of independent, networked, communicating, and physically separate computational nodes. -Real time error free, c omputations within tight-time boundaries. -Air Traffic control system, ROBOTS etc. CodeHelp LEC-3: Multi-Tasking vs Multi-Threading Program : A Program is an executable file which contains a certain set of instructions written to complete the specific job or operation on your computer. •It’s a compiled code. Ready to be executed. •Stored in Disk Process : Program under execution. R esides in Computer’s primary memory (RAM). Thread: •Single sequence stream within a pr ocess. •An independent path of execution in a process. •Light-weight process. •Used to achieve parallelism by dividing a process’s tasks which are independent path of execution. •E.g., Multiple tabs in a browser, text editor (When you are typing in an editor, spell-checking, formatting of text and saving the text are done concurrently by multiplethreads.) Multi-Tasking Multi-Threading The execution of more than one task simultaneously is called as multitasking. A process is divided into several different sub-tasks called as threads, which has its own path of execution. This concept is called as multithreading. Concept of more than 1 processes being context switched. Concept of more than 1 thread. Threads are context switched. No. of CPU 1. No. of CP U >= 1. (Better to have more than 1) Isolation and memory protection exists. OS must allocate separate memory and resources to each program that CPU is executing. No isolation and memory prote ction , resources are shared among threads of that process. OS allocates memory to a process; multiple threads of that process share the same memory and resources allocated to the process.

is now in memory. vi. Restart the instruction that was interrupted by the trap. The process can now access the page as through it had always been in memory. CodeHelp i. j. Pure Demand Paging i. In extreme case, we can start executing a process with no pages in memory. When OS sets the instruction pointer to the first instruction of the pr ocess, which is not in the memory. The process immediately faults for the page and page is brought in the memory. ii. Never bring a page into memory until it is required. k. We use locality of reference to bring out reasonable performance from demand paging. 11. Advantages of Virtual memory a. The degree of multi- programming will be increased. b. User can run large apps with less real physical memory. 12. Disadvantages of Virtual Memory a. The system can become slower as swapping takes time. b. Thrashing may occur. CodeHelp

many processes, who need to use a resource for a short time, are blocked by one process holding that resource for a long time. i.This cause poor resource management. CodeHelp

no useful work whi le switching. d. Speed varies from machine t o machine, depending on the mem ory speed, the number of registers that must be copied etc. 3. Orpha n proce ss a. The process whose parent process ha s been terminated and it is still running. b. Orphan processes are adopted by init process. c. Init is the first process of OS. 4. Zombie process / Defunct process a. A zombie process is a process whose execution is completed but it still has an entry in the process table. b. Zombie processes usually occur for child processes, as the parent process still needs to read its child’s exit status. Once this is done using the wait system call, the zombie process is eliminated from the process table. This is known as reaping the zombie process. c. It is because parent process may call wait () on child process for a longer time dur ation and child process got terminated much earlier. d. As entry in the process table can only be removed, after the parent process reads the exit status of child process. Hence, the child process remains a zombie till it is removed from the process table. CodeHelp

number of processes in the memory. a. LTS controls degree of multi-programming. 4. Dispatcher: The module of OS that gives control of CPU to a process selected by STS. CodeHelp

Generate the study guide JSON.
IMPORTANT: Only use the CONTEXT if it strictly belongs to the SUBJECT (Web Development). If the context is about a different subject (e.g., Operating Systems), IGNORE the context entirely and use your general knowledge.

2026-06-20 00:50:59,572 - INFO - -------------------------------------------------------
2026-06-20 00:51:02,045 - INFO - [PracticeEngine] Returning cached topics hierarchy for student 3
2026-06-20 00:51:02,106 - INFO - [PracticeEngine] Returning cached topics hierarchy for student 3
2026-06-20 00:51:02,791 - INFO - --- LLM PROMPT (Subject: Web Development, Topic: HTML/CSS) ---
2026-06-20 00:51:02,792 - INFO - SYSTEM PROMPT:
You are teaching a first-year B.Tech CSE student.
Given the topic and context, generate a highly rigorous and extremely detailed technical study guide using ONLY valid JSON.

Your output must follow this strict JSON format:
{
    "notes": [
        {"type": "heading", "text": "Advanced Concept / Deep Dive"},
        {"type": "paragraph", "text": "In-depth technical explanation, covering edge cases, under-the-hood workings, and performance implications..."},
        {"type": "highlight", "variant": "constructive", "title": "Interview Pro-Tip", "text": "Crucial detail often asked in interviews..."},
        {"type": "code_block", "language": "python", "title": "Complex Implementation", "code": "def complex_algo(): pass"},
        {"type": "note", "text": "Advanced side note or historical context"}
    ],
    "revision": {
        "title": "Interview Cheat Sheet",
        "points": [
            {"id": 1, "text": "Advanced point 1"},
            {"id": 2, "text": "Advanced point 2"}
        ]
    }
}

RULES:
- `notes` array must use types: 'heading', 'paragraph', 'highlight' (variant: 'constructive' or 'destructive'), 'code_block' (include 'language', 'title', 'code'), or 'note'.
- The content MUST be highly rigorous and technically deep. Include complex edge cases, advanced theory, real-world system design implications, and interview-level insights. 
- NEVER generate basic, high-level, or "kidish" overviews. Assume the reader is preparing for a Senior or top-tier placement.
- Generate content ONLY within the context of the provided subject. Do not include concepts from other subjects. For example, if the topic is "Control Flow" and the subject is "Programming Fundamentals", focus on programming logic (if/else, loops) and DO NOT discuss Operating Systems concepts like semaphores or mutexes.
- `revision` should have 3-5 hard-hitting, concise bullet points.
- Do not use markdown fencing (e.g. ```json). Just return the raw JSON object.

2026-06-20 00:51:02,792 - INFO - USER PROMPT:
SUBJECT:
Web Development

TOPIC:
HTML/CSS

CONTEXT:
Subject / Context: Web Development
a singl e computer. -Increases reliability, 1 CPU fails, othercan work -Better throughput. -Lesser process starvation, (if 1 CPU isworking on some process, other can beexecuted on other CPU. CodeHelp Distri bute d OS, RTOS -OS manages many b unches of resources, >=1 CPUs, >=1 memory, >=1 GPUs, etc -Loosely connected autonomous, inter connected computer node s. -collection of independent, networked, communicating, and physically separate computational nodes. -Real time error free, c omputations within tight-time boundaries. -Air Traffic control system, ROBOTS etc. CodeHelp

is now in memory. vi. Restart the instruction that was interrupted by the trap. The process can now access the page as through it had always been in memory. CodeHelp i. j. Pure Demand Paging i. In extreme case, we can start executing a process with no pages in memory. When OS sets the instruction pointer to the first instruction of the pr ocess, which is not in the memory. The process immediately faults for the page and page is brought in the memory. ii. Never bring a page into memory until it is required. k. We use locality of reference to bring out reasonable performance from demand paging. 11. Advantages of Virtual memory a. The degree of multi- programming will be increased. b. User can run large apps with less real physical memory. 12. Disadvantages of Virtual Memory a. The system can become slower as swapping takes time. b. Thrashing may occur. CodeHelp

KESHAV GUPTA (+91) 9625122267 keshavg2539@gmail.com linkedin.com/in/keshav-gupta2539 github.com/keshavg125 EDUCATION Indian Institute of Information Technology, Kota 2022 – 2026 Bachelor of Technology in Electronics and Communication Engineering [ECE] WORK EXPERIENCE AI ML Intern – Edunet Foundation (Microsoft-AICTE Program) Apr 2025 – May 2025 •Engineered an end-to-end NLP application by designing a data pipeline for text extraction, preprocessing, and performing sentiment analysis using Hugging Face transformer models. •Conducted statistical analysis on chat logs, performing data modeling to identify key engagement drivers and visualize communication patterns for stakeholder review via a Streamlit dashboard. PROJECTS Whisper-Small Fine-Tuning for Hindi ASR (Deep Learning) •Improved ASR accuracy by 50.1% (reducing WER to 42.01%) by designing a complete ETL pipeline and fine-tuning the ‘openai/whisper-small‘ model on a custom Hindi dataset. •Accelerated model training and inference on GPU hardware using Hugging Face ‘transformers‘ and mixed-precision (FP16), preparing the model for production-level deployment. Customer Churn Prediction (Predictive Modeling) •Developed a predictive modeling framework that achieved 79% accuracy and 64% recall , providing a reliable tool for identifying at-risk customers from a large-scale Telco dataset. •Executed comprehensive feature engineering and selection, then applied SMOTE to rectify significant class imbalance, boosting model performance for business intelligence applications. •Optimized machine learning models (XGBoost, LightGBM) using hyperparameter tuning (GridSearchCV) and validated model performance using a suite of metrics including ROC/AUC curves.

recently used is always o n the bottom. d. As entri es mi ght be removed from the middle of the stack, so Doubly linked list can be used. d. Counting-b ased page replacement – Keep a counter of the number o f references that have been made to each page. (Reference counting) CodeHelp i.Least frequently used ( LFU) 1. Actively used pages should have a large reference count. 2. Replace page with the smallest count. ii.Most frequently used (MFU ) 1. Bas ed on the argument that the page with the smallest count was probably just brought in and has yet to be used. iii. Neither MFU nor LFU replacement is common. CodeHelp

Complex Preemption No No Yes No Yes Yes Yes Yes Convoy effect Yes Yes No Yes Yes No Yes Yes Overhead No No Yes No Yes Yes Yes Yes CodeHelpµ⑧ LEC- 15: Introduction to Co ncurrency 1. Concurrency is the execution of the multiple instruction sequences at the same time. It happens in the operating system when there are several process threads running in parallel. 2. Thread: • Single sequence stream within a process. • An independent path of execution in a process. • Light-weight process. • Used to achieve parallelism by dividing a process’s tasks which are independent path of execution. • E.g., Multiple tabs in a browser, text editor (When you are typing in an editor, spellchecking, formatting of text and saving the text are done concurrently by multiple threads.) 3. Thread Scheduling: Threads are scheduled for execution based on their priority. Even though threads are executing within the runtime, all threads are assigned processor time slices by the operating system. 4. Threads context switching • OS saves current state of thread & switches to another thread of same process. • Doesn’t includes switching of memory address space. (But Program counter, registers & stack are included.) • Fast switching as compared to process switching • CPU’s cache state is preserved. 5. How each thread get access to the CPU? • Each thread has its own program counter. • Depending upon the thread scheduling algorithm, OS schedule these threads. • OS will fetch instructions corresponding to PC of that thread and execute instruction. 6.

User can run large apps with less real physical memory. 12. Disadvantages of Virtual Memory a. The system can become slower as swapping takes time. b. Thrashing may occur. CodeHelp LEC-29: Page Replacement Algorithms 1. Whenever Page Fault occurs, that is, a process tries to access a page which is not currently present in a frame and OS must bring the page from swap -space to a frame. 2. OS must do page replacement to accommodate new page into a free frame, but there might be a possibility the system is working in high utilization and all the frames are busy, in that case OS must replace one of the pages allocated into some frame with the new page. 3. The page replacement algorithm decides which memory page is to be replaced. Some allocated page is swapped out from the frame and new page is swapped into the freed frame. 4. Types of Page Replacement Algorithm: (AIM is to have minimum page faults) a. FIFO i.Allocate frame to the page as it comes into the memory by replacing the oldest page. ii.Easy to implement. iii. Performance is not always good 1. The page replaced may be an initialization module that was used long time ago (Good replacement candidate) 2. The page may contain a heavily used variable that was initialized early and is in content use. ( Will again cause page fault) iv. Belady’s anomaly is present. 1. In the case of LRU and optimal page replacement algorithms, it is seen that the number of page faults will be reduced if we increase the number of frames.

many processes, who need to use a resource for a short time, are blocked by one process holding that resource for a long time. i.This cause poor resource management. CodeHelp

, resources are shared among threads of that process. OS allocates memory to a process; multiple threads of that process share the same memory and resources allocated to the process. Thread Scheduling: Threads are scheduled for execution based on their priority. Even though threads are executing within the runtime, all threads are assigned processor time slices by the operating system. Difference between Thread Context Switch ing and Process Context Switch ing: Thread Context switching Process context switching OS saves current state of thread & switches to another thread of same process. OS saves current state of process & switches to another process by restoring its state. CodeHelp Doesn ’t includes switching of memory address space. (But Program counter, registers & stack are include d.) Includes switching of memory address space. Fast switching. Slow switching. CPU’s cache state is preserved. CPU’s cache state is flushed. CodeHelp

Generate the study guide JSON.
IMPORTANT: Only use the CONTEXT if it strictly belongs to the SUBJECT (Web Development). If the context is about a different subject (e.g., Operating Systems), IGNORE the context entirely and use your general knowledge.

2026-06-20 00:51:02,792 - INFO - -------------------------------------------------------
2026-06-22 12:19:35,173 - ERROR - [PracticeEngine] Failed to save topics cache to disk: [Errno 13] Permission denied: '/home/galaxy/Desktop/Student_System/Backend/services/topics_cache.json'
2026-06-22 12:19:35,326 - INFO - [PracticeEngine] Returning cached topics hierarchy for student 3
2026-06-22 12:19:35,421 - INFO - [PracticeEngine] Returning cached topics hierarchy for student 3
2026-06-22 12:19:35,533 - INFO - [PracticeEngine] Returning cached topics hierarchy for student 3
2026-06-22 12:20:08,233 - INFO - [PracticeEngine] Returning cached topics hierarchy for student 3
2026-06-22 12:20:08,290 - INFO - [PracticeEngine] Returning cached topics hierarchy for student 3
2026-06-22 12:20:16,116 - INFO - [PracticeEngine] Returning cached topics hierarchy for student 3
2026-06-22 12:21:07,461 - INFO - [PracticeEngine] Returning cached topics hierarchy for student 3
2026-06-22 12:21:07,531 - INFO - [PracticeEngine] Returning cached topics hierarchy for student 3
2026-06-22 12:21:07,630 - INFO - [PracticeEngine] Returning cached topics hierarchy for student 3
2026-06-22 12:21:07,729 - INFO - [PracticeEngine] Returning cached topics hierarchy for student 3
2026-06-22 12:21:13,022 - INFO - [PracticeEngine] Returning cached topics hierarchy for student 3
2026-06-22 12:21:13,033 - INFO - [PracticeEngine] Returning cached topics hierarchy for student 3
2026-06-22 12:21:20,588 - INFO - [PracticeEngine] Returning cached topics hierarchy for student 3
2026-06-22 12:21:20,639 - INFO - [PracticeEngine] Returning cached topics hierarchy for student 3
2026-06-22 12:21:41,967 - INFO - [PracticeEngine] Returning cached topics hierarchy for student 3
2026-06-22 12:21:42,030 - INFO - [PracticeEngine] Returning cached topics hierarchy for student 3
2026-06-22 12:22:02,761 - INFO - [PracticeEngine] Returning cached topics hierarchy for student 3
2026-06-22 12:22:02,835 - INFO - [PracticeEngine] Returning cached topics hierarchy for student 3
2026-06-22 12:22:02,919 - INFO - [PracticeEngine] Returning cached topics hierarchy for student 3
2026-06-22 12:22:03,020 - INFO - [PracticeEngine] Returning cached topics hierarchy for student 3
2026-06-22 12:22:42,491 - INFO - [PracticeEngine] Returning cached topics hierarchy for student 3
2026-06-22 12:22:42,555 - INFO - [PracticeEngine] Returning cached topics hierarchy for student 3
2026-06-22 12:24:04,203 - INFO - [PracticeEngine] Returning cached topics hierarchy for student 3
2026-06-22 12:24:04,292 - INFO - [PracticeEngine] Returning cached topics hierarchy for student 3
2026-06-22 12:24:04,334 - INFO - [PracticeEngine] Returning cached topics hierarchy for student 3
2026-06-22 12:24:04,542 - INFO - [PracticeEngine] Returning cached topics hierarchy for student 3
2026-06-22 12:25:13,389 - INFO - [PracticeEngine] Returning cached topics hierarchy for student 3
2026-06-22 12:25:13,467 - INFO - [PracticeEngine] Returning cached topics hierarchy for student 3
2026-06-22 12:25:13,565 - INFO - [PracticeEngine] Returning cached topics hierarchy for student 3
2026-06-22 12:25:13,705 - INFO - [PracticeEngine] Returning cached topics hierarchy for student 3
2026-06-22 12:25:18,456 - INFO - [PracticeEngine] Returning cached topics hierarchy for student 3
2026-06-22 12:25:18,456 - INFO - [PracticeEngine] Returning cached topics hierarchy for student 3
2026-06-22 12:25:22,120 - INFO - [PracticeEngine] Returning cached topics hierarchy for student 3
2026-06-22 12:25:22,133 - INFO - [PracticeEngine] Returning cached topics hierarchy for student 3
2026-06-22 12:25:26,549 - INFO - [PracticeEngine] Returning cached topics hierarchy for student 3
2026-06-22 12:25:26,625 - INFO - [PracticeEngine] Returning cached topics hierarchy for student 3
2026-06-22 12:28:44,709 - INFO - [PracticeEngine] Returning cached topics hierarchy for student 3
2026-06-22 12:28:44,869 - INFO - [PracticeEngine] Returning cached topics hierarchy for student 3
2026-06-22 12:28:51,138 - INFO - [PracticeEngine] Returning cached topics hierarchy for student 3
2026-06-22 12:28:51,228 - INFO - [PracticeEngine] Returning cached topics hierarchy for student 3
2026-06-22 12:28:51,318 - INFO - [PracticeEngine] Returning cached topics hierarchy for student 3
2026-06-22 12:28:51,469 - INFO - [PracticeEngine] Returning cached topics hierarchy for student 3
2026-06-22 12:29:31,117 - INFO - [PracticeEngine] Returning cached topics hierarchy for student 3
2026-06-22 12:29:31,171 - INFO - [PracticeEngine] Returning cached topics hierarchy for student 3
2026-06-22 12:29:32,081 - INFO - [PracticeEngine] Returning cached topics hierarchy for student 3
2026-06-22 12:29:32,087 - INFO - [PracticeEngine] Returning cached topics hierarchy for student 3
2026-06-22 12:29:34,936 - INFO - [PracticeEngine] Returning cached topics hierarchy for student 3
2026-06-22 12:29:35,085 - INFO - [PracticeEngine] Returning cached topics hierarchy for student 3
2026-06-22 12:35:07,373 - INFO - [PracticeEngine] Returning cached topics hierarchy for student 3
2026-06-22 12:36:21,187 - INFO - [PracticeEngine] Returning cached topics hierarchy for student 3
2026-06-22 12:36:21,191 - INFO - [PracticeEngine] Returning cached topics hierarchy for student 3
2026-06-22 12:36:54,443 - INFO - [PracticeEngine] Returning cached topics hierarchy for student 3
2026-06-22 12:36:54,539 - INFO - [PracticeEngine] Returning cached topics hierarchy for student 3
2026-06-22 12:37:04,817 - INFO - [PracticeEngine] Returning cached topics hierarchy for student 3
2026-06-22 12:37:04,900 - INFO - [PracticeEngine] Returning cached topics hierarchy for student 3
2026-06-22 12:37:05,006 - INFO - [PracticeEngine] Returning cached topics hierarchy for student 3
2026-06-22 12:37:05,179 - INFO - [PracticeEngine] Returning cached topics hierarchy for student 3
2026-06-22 12:37:10,029 - INFO - [PracticeEngine] Returning cached topics hierarchy for student 3
2026-06-22 12:37:10,126 - INFO - [PracticeEngine] Returning cached topics hierarchy for student 3
2026-06-22 12:49:50,597 - ERROR - [PracticeEngine] Failed to save topics cache to disk: [Errno 13] Permission denied: '/home/galaxy/Desktop/Student_System/Backend/services/topics_cache.json'
2026-06-22 12:49:50,619 - INFO - [PracticeEngine] Returning cached topics hierarchy for student 3
2026-06-22 12:50:08,702 - INFO - [PracticeEngine] Returning cached topics hierarchy for student 3
2026-06-22 12:50:08,787 - INFO - [PracticeEngine] Returning cached topics hierarchy for student 3
2026-06-22 12:50:08,873 - INFO - [PracticeEngine] Returning cached topics hierarchy for student 3
2026-06-22 12:50:09,011 - INFO - [PracticeEngine] Returning cached topics hierarchy for student 3
2026-06-22 12:50:13,050 - INFO - [PracticeEngine] Returning cached topics hierarchy for student 3
2026-06-22 12:50:13,145 - INFO - [PracticeEngine] Returning cached topics hierarchy for student 3
2026-06-22 12:51:22,252 - INFO - [Practice] Starting session: mode=topic, topic=Variables and Data Types, difficulty=easy
2026-06-22 12:53:07,503 - INFO - [PracticeEngine] Returning cached topics hierarchy for student 3
2026-06-22 12:53:07,577 - INFO - [PracticeEngine] Returning cached topics hierarchy for student 3
2026-06-22 12:53:07,622 - INFO - [PracticeEngine] Returning cached topics hierarchy for student 3
2026-06-22 12:53:07,787 - INFO - [PracticeEngine] Returning cached topics hierarchy for student 3
2026-06-22 12:53:17,639 - INFO - [PracticeEngine] Returning cached topics hierarchy for student 3
2026-06-22 12:53:17,712 - INFO - [PracticeEngine] Returning cached topics hierarchy for student 3
2026-06-22 12:53:31,650 - INFO - [Practice] Starting session: mode=topic, topic=Variables and Data Types, difficulty=easy
2026-06-22 12:54:45,351 - INFO - [PracticeEngine] Returning cached topics hierarchy for student 3
2026-06-22 12:54:45,414 - INFO - [PracticeEngine] Returning cached topics hierarchy for student 3
2026-06-22 12:54:45,465 - INFO - [PracticeEngine] Returning cached topics hierarchy for student 3
2026-06-22 12:54:45,627 - INFO - [PracticeEngine] Returning cached topics hierarchy for student 3
2026-06-22 12:55:13,324 - INFO - [PracticeEngine] Returning cached topics hierarchy for student 3
2026-06-22 12:55:13,387 - INFO - [PracticeEngine] Returning cached topics hierarchy for student 3
2026-06-22 12:55:16,568 - INFO - [PracticeEngine] Returning cached topics hierarchy for student 3
2026-06-22 12:55:16,573 - INFO - [PracticeEngine] Returning cached topics hierarchy for student 3
2026-06-22 12:55:52,755 - INFO - [PracticeEngine] Returning cached topics hierarchy for student 3
2026-06-22 12:55:52,761 - INFO - [PracticeEngine] Returning cached topics hierarchy for student 3
2026-06-22 13:00:02,960 - INFO - [PracticeEngine] Returning cached topics hierarchy for student 3
2026-06-22 13:00:02,965 - INFO - [PracticeEngine] Returning cached topics hierarchy for student 3
2026-06-22 13:00:54,511 - INFO - [PracticeEngine] Returning cached topics hierarchy for student 3
2026-06-22 13:00:54,579 - INFO - [PracticeEngine] Returning cached topics hierarchy for student 3
2026-06-22 13:00:54,659 - INFO - [PracticeEngine] Returning cached topics hierarchy for student 3
2026-06-22 13:00:54,759 - INFO - [PracticeEngine] Returning cached topics hierarchy for student 3
2026-06-22 13:00:58,228 - INFO - [PracticeEngine] Returning cached topics hierarchy for student 3
2026-06-22 13:00:58,232 - INFO - [PracticeEngine] Returning cached topics hierarchy for student 3
2026-06-22 13:01:01,028 - INFO - [PracticeEngine] Returning cached topics hierarchy for student 3
2026-06-22 13:01:01,030 - INFO - [PracticeEngine] Returning cached topics hierarchy for student 3
2026-06-22 13:01:46,989 - INFO - [PracticeEngine] Returning cached topics hierarchy for student 3
2026-06-22 13:01:47,070 - INFO - [PracticeEngine] Returning cached topics hierarchy for student 3
2026-06-22 13:01:47,166 - INFO - [PracticeEngine] Returning cached topics hierarchy for student 3
2026-06-22 13:01:47,310 - INFO - [PracticeEngine] Returning cached topics hierarchy for student 3
2026-06-22 13:01:49,402 - INFO - [PracticeEngine] Returning cached topics hierarchy for student 3
2026-06-22 13:01:49,410 - INFO - [PracticeEngine] Returning cached topics hierarchy for student 3
2026-06-22 13:02:32,128 - INFO - [PracticeEngine] Returning cached topics hierarchy for student 3
2026-06-22 13:02:32,133 - INFO - [PracticeEngine] Returning cached topics hierarchy for student 3
2026-06-22 13:08:54,193 - INFO - [PracticeEngine] Returning cached topics hierarchy for student 3
2026-06-22 13:08:54,198 - INFO - [PracticeEngine] Returning cached topics hierarchy for student 3
2026-06-22 13:10:46,152 - INFO - [PracticeEngine] Returning cached topics hierarchy for student 3
2026-06-22 13:10:46,157 - INFO - [PracticeEngine] Returning cached topics hierarchy for student 3
2026-06-22 13:11:04,470 - INFO - [PracticeEngine] Returning cached topics hierarchy for student 3
2026-06-22 13:11:04,548 - INFO - [PracticeEngine] Returning cached topics hierarchy for student 3
2026-06-22 13:11:04,681 - INFO - [PracticeEngine] Returning cached topics hierarchy for student 3
2026-06-22 13:11:04,864 - INFO - [PracticeEngine] Returning cached topics hierarchy for student 3
2026-06-22 07:58:59,507 - INFO - [PracticeEngine] Returning cached topics hierarchy for student 3
2026-06-22 07:58:59,572 - INFO - [PracticeEngine] Returning cached topics hierarchy for student 3
2026-06-22 07:58:59,642 - INFO - --- LLM PROMPT (Subject: Programming Fundamentals, Topic: Variables and Data Types) ---
2026-06-22 07:58:59,642 - INFO - SYSTEM PROMPT:
You are teaching a first-year B.Tech CSE student.
Given the topic and context, generate a highly rigorous and extremely detailed technical study guide using ONLY valid JSON.

Your output must follow this strict JSON format:
{
    "notes": [
        {"type": "heading", "text": "Advanced Concept / Deep Dive"},
        {"type": "paragraph", "text": "In-depth technical explanation, covering edge cases, under-the-hood workings, and performance implications..."},
        {"type": "highlight", "variant": "constructive", "title": "Interview Pro-Tip", "text": "Crucial detail often asked in interviews..."},
        {"type": "code_block", "language": "python", "title": "Complex Implementation", "code": "def complex_algo(): pass"},
        {"type": "note", "text": "Advanced side note or historical context"}
    ],
    "revision": {
        "title": "Interview Cheat Sheet",
        "points": [
            {"id": 1, "text": "Advanced point 1"},
            {"id": 2, "text": "Advanced point 2"}
        ]
    }
}

RULES:
- `notes` array must use types: 'heading', 'paragraph', 'highlight' (variant: 'constructive' or 'destructive'), 'code_block' (include 'language', 'title', 'code'), or 'note'.
- The content MUST be highly rigorous and technically deep. Include complex edge cases, advanced theory, real-world system design implications, and interview-level insights. 
- NEVER generate basic, high-level, or "kidish" overviews. Assume the reader is preparing for a Senior or top-tier placement.
- Generate content ONLY within the context of the provided subject. Do not include concepts from other subjects. For example, if the topic is "Control Flow" and the subject is "Programming Fundamentals", focus on programming logic (if/else, loops) and DO NOT discuss Operating Systems concepts like semaphores or mutexes.
- `revision` should have 3-5 hard-hitting, concise bullet points.
- Do not use markdown fencing (e.g. ```json). Just return the raw JSON object.

2026-06-22 07:58:59,642 - INFO - USER PROMPT:
SUBJECT:
Programming Fundamentals

TOPIC:
Variables and Data Types

CONTEXT:
Subject / Context: Programming Fundamentals
(Curriculum topic — use highly rigorous general knowledge for a college level curriculum)

Generate the study guide JSON.
IMPORTANT: Only use the CONTEXT if it strictly belongs to the SUBJECT (Programming Fundamentals). If the context is about a different subject (e.g., Operating Systems), IGNORE the context entirely and use your general knowledge.

Generate notes ONLY within the context of Programming Fundamentals.
Do NOT discuss Operating Systems concepts such as processes, threads, synchronization, semaphores, deadlocks, scheduling, memory management, segmentation, or paging.

2026-06-22 07:58:59,642 - INFO - -------------------------------------------------------
2026-06-22 07:58:59,660 - INFO - [PracticeEngine] Returning cached topics hierarchy for student 3
2026-06-22 07:58:59,838 - INFO - [PracticeEngine] Returning cached topics hierarchy for student 3
2026-06-22 07:59:01,002 - ERROR - [PracticeEngine] LLM 'GPT-4o-mini' failed: Error code: 429 - {'error': {'message': 'Rate limit exceeded. Try again later.', 'type': 'rate_limit_error', 'code': 'rate_limit_exceeded'}}
2026-06-22 07:59:02,844 - INFO - [PracticeEngine] Returning cached topics hierarchy for student 3
2026-06-22 07:59:02,860 - INFO - [PracticeEngine] Returning cached topics hierarchy for student 3
2026-06-22 07:59:03,002 - INFO - --- LLM PROMPT (Subject: Programming Fundamentals, Topic: Input Output Operations) ---
2026-06-22 07:59:03,003 - INFO - SYSTEM PROMPT:
You are teaching a first-year B.Tech CSE student.
Given the topic and context, generate a highly rigorous and extremely detailed technical study guide using ONLY valid JSON.

Your output must follow this strict JSON format:
{
    "notes": [
        {"type": "heading", "text": "Advanced Concept / Deep Dive"},
        {"type": "paragraph", "text": "In-depth technical explanation, covering edge cases, under-the-hood workings, and performance implications..."},
        {"type": "highlight", "variant": "constructive", "title": "Interview Pro-Tip", "text": "Crucial detail often asked in interviews..."},
        {"type": "code_block", "language": "python", "title": "Complex Implementation", "code": "def complex_algo(): pass"},
        {"type": "note", "text": "Advanced side note or historical context"}
    ],
    "revision": {
        "title": "Interview Cheat Sheet",
        "points": [
            {"id": 1, "text": "Advanced point 1"},
            {"id": 2, "text": "Advanced point 2"}
        ]
    }
}

RULES:
- `notes` array must use types: 'heading', 'paragraph', 'highlight' (variant: 'constructive' or 'destructive'), 'code_block' (include 'language', 'title', 'code'), or 'note'.
- The content MUST be highly rigorous and technically deep. Include complex edge cases, advanced theory, real-world system design implications, and interview-level insights. 
- NEVER generate basic, high-level, or "kidish" overviews. Assume the reader is preparing for a Senior or top-tier placement.
- Generate content ONLY within the context of the provided subject. Do not include concepts from other subjects. For example, if the topic is "Control Flow" and the subject is "Programming Fundamentals", focus on programming logic (if/else, loops) and DO NOT discuss Operating Systems concepts like semaphores or mutexes.
- `revision` should have 3-5 hard-hitting, concise bullet points.
- Do not use markdown fencing (e.g. ```json). Just return the raw JSON object.

2026-06-22 07:59:03,003 - INFO - USER PROMPT:
SUBJECT:
Programming Fundamentals

TOPIC:
Input Output Operations

CONTEXT:
Subject / Context: Programming Fundamentals
(Curriculum topic — use highly rigorous general knowledge for a college level curriculum)

Generate the study guide JSON.
IMPORTANT: Only use the CONTEXT if it strictly belongs to the SUBJECT (Programming Fundamentals). If the context is about a different subject (e.g., Operating Systems), IGNORE the context entirely and use your general knowledge.

Generate notes ONLY within the context of Programming Fundamentals.
Do NOT discuss Operating Systems concepts such as processes, threads, synchronization, semaphores, deadlocks, scheduling, memory management, segmentation, or paging.
Allowed concepts: printf, scanf, standard streams, reading, writing, formatting strings.

2026-06-22 07:59:03,003 - INFO - -------------------------------------------------------
2026-06-22 07:59:04,306 - ERROR - [PracticeEngine] LLM 'GPT-4o-mini' failed: Error code: 429 - {'error': {'message': 'Rate limit exceeded. Try again later.', 'type': 'rate_limit_error', 'code': 'rate_limit_exceeded'}}
2026-06-22 07:59:10,769 - ERROR - [PracticeEngine] LLM 'Llama' failed: Connection error.
2026-06-22 07:59:10,769 - ERROR - [PracticeEngine] All LLM providers failed!
2026-06-22 07:59:14,748 - ERROR - [PracticeEngine] LLM 'Llama' failed: Connection error.
2026-06-22 07:59:14,749 - ERROR - [PracticeEngine] All LLM providers failed!
2026-06-22 07:59:19,538 - INFO - [PracticeEngine] Returning cached topics hierarchy for student 3
2026-06-22 07:59:19,613 - INFO - [PracticeEngine] Returning cached topics hierarchy for student 3
2026-06-22 07:59:19,636 - INFO - [PracticeEngine] Returning cached topics hierarchy for student 3
2026-06-22 07:59:19,806 - INFO - [PracticeEngine] Returning cached topics hierarchy for student 3
2026-06-22 07:59:22,944 - INFO - [PracticeEngine] Returning cached topics hierarchy for student 3
2026-06-22 07:59:22,948 - INFO - [PracticeEngine] Returning cached topics hierarchy for student 3
2026-06-22 07:59:25,219 - INFO - [PracticeEngine] Returning cached topics hierarchy for student 3
2026-06-22 07:59:25,223 - INFO - [PracticeEngine] Returning cached topics hierarchy for student 3
2026-06-22 07:59:28,574 - INFO - [PracticeEngine] Returning cached topics hierarchy for student 3
2026-06-22 07:59:28,578 - INFO - [PracticeEngine] Returning cached topics hierarchy for student 3
2026-06-22 08:00:03,687 - INFO - [PracticeEngine] Returning cached topics hierarchy for student 3
2026-06-22 08:00:03,698 - INFO - [PracticeEngine] Returning cached topics hierarchy for student 3
2026-06-22 08:04:45,307 - INFO - [PracticeEngine] Returning cached topics hierarchy for student 3
2026-06-22 08:04:45,375 - INFO - [PracticeEngine] Returning cached topics hierarchy for student 3
2026-06-22 08:04:45,458 - INFO - [PracticeEngine] Returning cached topics hierarchy for student 3
2026-06-22 08:04:45,655 - INFO - [PracticeEngine] Returning cached topics hierarchy for student 3
2026-06-22 08:04:49,528 - INFO - [PracticeEngine] Returning cached topics hierarchy for student 3
2026-06-22 08:04:49,532 - INFO - [PracticeEngine] Returning cached topics hierarchy for student 3
2026-06-22 08:04:50,975 - INFO - [PracticeEngine] Returning cached topics hierarchy for student 3
2026-06-22 08:04:50,978 - INFO - [PracticeEngine] Returning cached topics hierarchy for student 3
2026-06-22 08:04:51,123 - INFO - --- LLM PROMPT (Subject: Programming Fundamentals, Topic: Operators) ---
2026-06-22 08:04:51,123 - INFO - SYSTEM PROMPT:
You are teaching a first-year B.Tech CSE student.
Given the topic and context, generate a highly rigorous and extremely detailed technical study guide using ONLY valid JSON.

Your output must follow this strict JSON format:
{
    "notes": [
        {"type": "heading", "text": "Advanced Concept / Deep Dive"},
        {"type": "paragraph", "text": "In-depth technical explanation, covering edge cases, under-the-hood workings, and performance implications..."},
        {"type": "highlight", "variant": "constructive", "title": "Interview Pro-Tip", "text": "Crucial detail often asked in interviews..."},
        {"type": "code_block", "language": "python", "title": "Complex Implementation", "code": "def complex_algo(): pass"},
        {"type": "note", "text": "Advanced side note or historical context"}
    ],
    "revision": {
        "title": "Interview Cheat Sheet",
        "points": [
            {"id": 1, "text": "Advanced point 1"},
            {"id": 2, "text": "Advanced point 2"}
        ]
    }
}

RULES:
- `notes` array must use types: 'heading', 'paragraph', 'highlight' (variant: 'constructive' or 'destructive'), 'code_block' (include 'language', 'title', 'code'), or 'note'.
- The content MUST be highly rigorous and technically deep. Include complex edge cases, advanced theory, real-world system design implications, and interview-level insights. 
- NEVER generate basic, high-level, or "kidish" overviews. Assume the reader is preparing for a Senior or top-tier placement.
- Generate content ONLY within the context of the provided subject. Do not include concepts from other subjects. For example, if the topic is "Control Flow" and the subject is "Programming Fundamentals", focus on programming logic (if/else, loops) and DO NOT discuss Operating Systems concepts like semaphores or mutexes.
- `revision` should have 3-5 hard-hitting, concise bullet points.
- Do not use markdown fencing (e.g. ```json). Just return the raw JSON object.

2026-06-22 08:04:51,123 - INFO - USER PROMPT:
SUBJECT:
Programming Fundamentals

TOPIC:
Operators

CONTEXT:
Subject / Context: Programming Fundamentals
(Curriculum topic — use highly rigorous general knowledge for a college level curriculum)

Generate the study guide JSON.
IMPORTANT: Only use the CONTEXT if it strictly belongs to the SUBJECT (Programming Fundamentals). If the context is about a different subject (e.g., Operating Systems), IGNORE the context entirely and use your general knowledge.

Generate notes ONLY within the context of Programming Fundamentals.
Do NOT discuss Operating Systems concepts such as processes, threads, synchronization, semaphores, deadlocks, scheduling, memory management, segmentation, or paging.

2026-06-22 08:04:51,123 - INFO - -------------------------------------------------------
2026-06-22 08:04:52,347 - ERROR - [PracticeEngine] LLM 'GPT-4o-mini' failed: Error code: 429 - {'error': {'message': 'Rate limit exceeded. Try again later.', 'type': 'rate_limit_error', 'code': 'rate_limit_exceeded'}}
2026-06-22 08:05:02,570 - ERROR - [PracticeEngine] LLM 'Llama' failed: Connection error.
2026-06-22 08:05:02,571 - ERROR - [PracticeEngine] All LLM providers failed!
2026-06-22 08:05:33,793 - INFO - [PracticeEngine] Returning cached topics hierarchy for student 3
2026-06-22 08:05:33,815 - INFO - [PracticeEngine] Returning cached topics hierarchy for student 3
2026-06-22 08:06:43,638 - INFO - [PracticeEngine] Returning cached topics hierarchy for student 3
2026-06-22 08:06:43,704 - INFO - [PracticeEngine] Returning cached topics hierarchy for student 3
2026-06-22 08:06:43,742 - INFO - [PracticeEngine] Returning cached topics hierarchy for student 3
2026-06-22 08:06:43,921 - INFO - [PracticeEngine] Returning cached topics hierarchy for student 3
2026-06-22 08:06:49,993 - INFO - [PracticeEngine] Returning cached topics hierarchy for student 3
2026-06-22 08:06:50,058 - INFO - [PracticeEngine] Returning cached topics hierarchy for student 3
2026-06-22 08:06:50,079 - INFO - [PracticeEngine] Returning cached topics hierarchy for student 3
2026-06-22 08:06:50,261 - INFO - [PracticeEngine] Returning cached topics hierarchy for student 3
2026-06-22 08:06:54,697 - INFO - [PracticeEngine] Returning cached topics hierarchy for student 3
2026-06-22 08:06:54,707 - INFO - [PracticeEngine] Returning cached topics hierarchy for student 3
2026-06-22 08:06:58,564 - INFO - [PracticeEngine] Returning cached topics hierarchy for student 3
2026-06-22 08:06:58,568 - INFO - [PracticeEngine] Returning cached topics hierarchy for student 3
2026-06-22 08:07:00,243 - INFO - [PracticeEngine] Returning cached topics hierarchy for student 3
2026-06-22 08:07:00,247 - INFO - [PracticeEngine] Returning cached topics hierarchy for student 3
2026-06-22 08:07:00,367 - INFO - --- LLM PROMPT (Subject: Programming Fundamentals, Topic: Conditional Statements) ---
2026-06-22 08:07:00,367 - INFO - SYSTEM PROMPT:
You are teaching a first-year B.Tech CSE student.
Given the topic and context, generate a highly rigorous and extremely detailed technical study guide using ONLY valid JSON.

Your output must follow this strict JSON format:
{
    "notes": [
        {"type": "heading", "text": "Advanced Concept / Deep Dive"},
        {"type": "paragraph", "text": "In-depth technical explanation, covering edge cases, under-the-hood workings, and performance implications..."},
        {"type": "highlight", "variant": "constructive", "title": "Interview Pro-Tip", "text": "Crucial detail often asked in interviews..."},
        {"type": "code_block", "language": "python", "title": "Complex Implementation", "code": "def complex_algo(): pass"},
        {"type": "note", "text": "Advanced side note or historical context"}
    ],
    "revision": {
        "title": "Interview Cheat Sheet",
        "points": [
            {"id": 1, "text": "Advanced point 1"},
            {"id": 2, "text": "Advanced point 2"}
        ]
    }
}

RULES:
- `notes` array must use types: 'heading', 'paragraph', 'highlight' (variant: 'constructive' or 'destructive'), 'code_block' (include 'language', 'title', 'code'), or 'note'.
- The content MUST be highly rigorous and technically deep. Include complex edge cases, advanced theory, real-world system design implications, and interview-level insights. 
- NEVER generate basic, high-level, or "kidish" overviews. Assume the reader is preparing for a Senior or top-tier placement.
- Generate content ONLY within the context of the provided subject. Do not include concepts from other subjects. For example, if the topic is "Control Flow" and the subject is "Programming Fundamentals", focus on programming logic (if/else, loops) and DO NOT discuss Operating Systems concepts like semaphores or mutexes.
- `revision` should have 3-5 hard-hitting, concise bullet points.
- Do not use markdown fencing (e.g. ```json). Just return the raw JSON object.

2026-06-22 08:07:00,367 - INFO - USER PROMPT:
SUBJECT:
Programming Fundamentals

TOPIC:
Conditional Statements

CONTEXT:
Subject / Context: Programming Fundamentals
(Curriculum topic — use highly rigorous general knowledge for a college level curriculum)

Generate the study guide JSON.
IMPORTANT: Only use the CONTEXT if it strictly belongs to the SUBJECT (Programming Fundamentals). If the context is about a different subject (e.g., Operating Systems), IGNORE the context entirely and use your general knowledge.

Generate notes ONLY within the context of Programming Fundamentals.
Do NOT discuss Operating Systems concepts such as processes, threads, synchronization, semaphores, deadlocks, scheduling, memory management, segmentation, or paging.
Allowed concepts: if, if-else, nested if, switch-case, comparison operators, logical operators, decision making.

2026-06-22 08:07:00,367 - INFO - -------------------------------------------------------
2026-06-22 08:07:01,500 - INFO - [PracticeEngine] Returning cached topics hierarchy for student 3
2026-06-22 08:07:01,548 - INFO - [PracticeEngine] Returning cached topics hierarchy for student 3
2026-06-22 08:07:03,685 - INFO - [PracticeEngine] Returning cached topics hierarchy for student 3
2026-06-22 08:07:03,705 - INFO - [PracticeEngine] Returning cached topics hierarchy for student 3
2026-06-22 08:07:23,912 - INFO - --- LLM PROMPT (Subject: Programming Fundamentals, Topic: Conditional Statements) ---
2026-06-22 08:07:23,912 - INFO - SYSTEM PROMPT:
You are teaching a first-year B.Tech CSE student.
Given the topic and context, generate a highly rigorous and extremely detailed technical study guide using ONLY valid JSON.

Your output must follow this strict JSON format:
{
    "notes": [
        {"type": "heading", "text": "Advanced Concept / Deep Dive"},
        {"type": "paragraph", "text": "In-depth technical explanation, covering edge cases, under-the-hood workings, and performance implications..."},
        {"type": "highlight", "variant": "constructive", "title": "Interview Pro-Tip", "text": "Crucial detail often asked in interviews..."},
        {"type": "code_block", "language": "python", "title": "Complex Implementation", "code": "def complex_algo(): pass"},
        {"type": "note", "text": "Advanced side note or historical context"}
    ],
    "revision": {
        "title": "Interview Cheat Sheet",
        "points": [
            {"id": 1, "text": "Advanced point 1"},
            {"id": 2, "text": "Advanced point 2"}
        ]
    }
}

RULES:
- `notes` array must use types: 'heading', 'paragraph', 'highlight' (variant: 'constructive' or 'destructive'), 'code_block' (include 'language', 'title', 'code'), or 'note'.
- The content MUST be highly rigorous and technically deep. Include complex edge cases, advanced theory, real-world system design implications, and interview-level insights. 
- NEVER generate basic, high-level, or "kidish" overviews. Assume the reader is preparing for a Senior or top-tier placement.
- Generate content ONLY within the context of the provided subject. Do not include concepts from other subjects. For example, if the topic is "Control Flow" and the subject is "Programming Fundamentals", focus on programming logic (if/else, loops) and DO NOT discuss Operating Systems concepts like semaphores or mutexes.
- `revision` should have 3-5 hard-hitting, concise bullet points.
- Do not use markdown fencing (e.g. ```json). Just return the raw JSON object.

2026-06-22 08:07:23,912 - INFO - USER PROMPT:
SUBJECT:
Programming Fundamentals

TOPIC:
Conditional Statements

CONTEXT:
Subject / Context: Programming Fundamentals
(Curriculum topic — use highly rigorous general knowledge for a college level curriculum)

Generate the study guide JSON.
IMPORTANT: Only use the CONTEXT if it strictly belongs to the SUBJECT (Programming Fundamentals). If the context is about a different subject (e.g., Operating Systems), IGNORE the context entirely and use your general knowledge.

Generate notes ONLY within the context of Programming Fundamentals.
Do NOT discuss Operating Systems concepts such as processes, threads, synchronization, semaphores, deadlocks, scheduling, memory management, segmentation, or paging.
Allowed concepts: if, if-else, nested if, switch-case, comparison operators, logical operators, decision making.

2026-06-22 08:07:23,912 - INFO - -------------------------------------------------------
2026-06-22 08:08:41,090 - INFO - [PracticeEngine] Returning cached topics hierarchy for student 3
2026-06-22 08:08:41,138 - INFO - [PracticeEngine] Returning cached topics hierarchy for student 3
2026-06-22 08:08:56,680 - INFO - [PracticeEngine] Returning cached topics hierarchy for student 3
2026-06-22 08:08:56,733 - INFO - [PracticeEngine] Returning cached topics hierarchy for student 3
2026-06-22 08:11:22,422 - INFO - [PracticeEngine] Returning cached topics hierarchy for student 3
2026-06-22 08:11:22,524 - INFO - [PracticeEngine] Returning cached topics hierarchy for student 3
2026-06-22 08:11:22,552 - INFO - [PracticeEngine] Returning cached topics hierarchy for student 3
2026-06-22 08:11:22,728 - INFO - [PracticeEngine] Returning cached topics hierarchy for student 3
2026-06-22 08:11:38,045 - INFO - [PracticeEngine] Returning cached topics hierarchy for student 3
2026-06-22 08:11:38,128 - INFO - [PracticeEngine] Returning cached topics hierarchy for student 3
2026-06-22 08:11:38,240 - INFO - [PracticeEngine] Returning cached topics hierarchy for student 3
2026-06-22 08:11:38,429 - INFO - [PracticeEngine] Returning cached topics hierarchy for student 3
2026-06-22 08:11:41,899 - INFO - [PracticeEngine] Returning cached topics hierarchy for student 3
2026-06-22 08:11:41,903 - INFO - [PracticeEngine] Returning cached topics hierarchy for student 3
2026-06-22 08:11:43,990 - INFO - [PracticeEngine] Returning cached topics hierarchy for student 3
2026-06-22 08:11:43,993 - INFO - [PracticeEngine] Returning cached topics hierarchy for student 3
2026-06-22 08:11:45,854 - INFO - [PracticeEngine] Returning cached topics hierarchy for student 3
2026-06-22 08:11:45,857 - INFO - [PracticeEngine] Returning cached topics hierarchy for student 3
2026-06-22 08:14:14,167 - INFO - [PracticeEngine] Returning cached topics hierarchy for student 3
2026-06-22 08:14:14,239 - INFO - [PracticeEngine] Returning cached topics hierarchy for student 3
2026-06-22 08:14:14,324 - INFO - [PracticeEngine] Returning cached topics hierarchy for student 3
2026-06-22 08:14:14,563 - INFO - [PracticeEngine] Returning cached topics hierarchy for student 3
2026-06-22 08:16:40,468 - INFO - [PracticeEngine] Returning cached topics hierarchy for student 3
2026-06-22 08:16:40,554 - INFO - [PracticeEngine] Returning cached topics hierarchy for student 3
2026-06-22 08:16:40,637 - INFO - [PracticeEngine] Returning cached topics hierarchy for student 3
2026-06-22 08:16:40,837 - INFO - [PracticeEngine] Returning cached topics hierarchy for student 3
2026-06-22 08:16:43,515 - INFO - [PracticeEngine] Returning cached topics hierarchy for student 3
2026-06-22 08:16:43,519 - INFO - [PracticeEngine] Returning cached topics hierarchy for student 3
2026-06-22 08:16:45,146 - INFO - [PracticeEngine] Returning cached topics hierarchy for student 3
2026-06-22 08:16:45,147 - INFO - [PracticeEngine] Returning cached topics hierarchy for student 3
2026-06-22 08:20:19,010 - INFO - [PracticeEngine] Returning cached topics hierarchy for student 3
2026-06-22 08:20:19,062 - INFO - [PracticeEngine] Returning cached topics hierarchy for student 3
2026-06-22 08:20:20,906 - INFO - [PracticeEngine] Returning cached topics hierarchy for student 3
2026-06-22 08:20:20,912 - INFO - [PracticeEngine] Returning cached topics hierarchy for student 3
2026-06-22 08:20:24,263 - INFO - [PracticeEngine] Returning cached topics hierarchy for student 3
2026-06-22 08:20:24,275 - INFO - [PracticeEngine] Returning cached topics hierarchy for student 3
2026-06-22 08:20:24,392 - INFO - --- LLM PROMPT (Subject: Programming Fundamentals, Topic: Loops) ---
2026-06-22 08:20:24,392 - INFO - SYSTEM PROMPT:
You are teaching a first-year B.Tech CSE student.
Given the topic and context, generate a highly rigorous and extremely detailed technical study guide using ONLY valid JSON.

Your output must follow this strict JSON format:
{
    "notes": [
        {"type": "heading", "text": "Advanced Concept / Deep Dive"},
        {"type": "paragraph", "text": "In-depth technical explanation, covering edge cases, under-the-hood workings, and performance implications..."},
        {"type": "highlight", "variant": "constructive", "title": "Interview Pro-Tip", "text": "Crucial detail often asked in interviews..."},
        {"type": "code_block", "language": "python", "title": "Complex Implementation", "code": "def complex_algo(): pass"},
        {"type": "note", "text": "Advanced side note or historical context"}
    ],
    "revision": {
        "title": "Interview Cheat Sheet",
        "points": [
            {"id": 1, "text": "Advanced point 1"},
            {"id": 2, "text": "Advanced point 2"}
        ]
    }
}

RULES:
- `notes` array must use types: 'heading', 'paragraph', 'highlight' (variant: 'constructive' or 'destructive'), 'code_block' (include 'language', 'title', 'code'), or 'note'.
- The content MUST be highly rigorous and technically deep. Include complex edge cases, advanced theory, real-world system design implications, and interview-level insights. 
- NEVER generate basic, high-level, or "kidish" overviews. Assume the reader is preparing for a Senior or top-tier placement.
- Generate content ONLY within the context of the provided subject. Do not include concepts from other subjects. For example, if the topic is "Control Flow" and the subject is "Programming Fundamentals", focus on programming logic (if/else, loops) and DO NOT discuss Operating Systems concepts like semaphores or mutexes.
- `revision` should have 3-5 hard-hitting, concise bullet points.
- Do not use markdown fencing (e.g. ```json). Just return the raw JSON object.

2026-06-22 08:20:24,392 - INFO - USER PROMPT:
SUBJECT:
Programming Fundamentals

TOPIC:
Loops

CONTEXT:
Subject / Context: Programming Fundamentals
(Curriculum topic — use highly rigorous general knowledge for a college level curriculum)

Generate the study guide JSON.
IMPORTANT: Only use the CONTEXT if it strictly belongs to the SUBJECT (Programming Fundamentals). If the context is about a different subject (e.g., Operating Systems), IGNORE the context entirely and use your general knowledge.

Generate notes ONLY within the context of Programming Fundamentals.
Do NOT discuss Operating Systems concepts such as processes, threads, synchronization, semaphores, deadlocks, scheduling, memory management, segmentation, or paging.

2026-06-22 08:20:24,392 - INFO - -------------------------------------------------------
2026-06-22 08:21:34,170 - INFO - [PracticeEngine] Returning cached topics hierarchy for student 3
2026-06-22 08:21:34,223 - INFO - [PracticeEngine] Returning cached topics hierarchy for student 3
2026-06-22 08:23:55,215 - INFO - [PracticeEngine] Returning cached topics hierarchy for student 3
2026-06-22 08:23:55,292 - INFO - [PracticeEngine] Returning cached topics hierarchy for student 3
2026-06-22 08:23:55,499 - INFO - [PracticeEngine] Returning cached topics hierarchy for student 3
2026-06-22 08:23:55,566 - INFO - [PracticeEngine] Returning cached topics hierarchy for student 3
2026-06-22 08:24:04,897 - INFO - [PracticeEngine] Returning cached topics hierarchy for student 3
2026-06-22 08:24:04,976 - INFO - [PracticeEngine] Returning cached topics hierarchy for student 3
2026-06-22 08:24:04,980 - INFO - --- LLM PROMPT (Subject: Programming Fundamentals, Topic: Variables and Data Types) ---
2026-06-22 08:24:04,980 - INFO - SYSTEM PROMPT:
You are teaching a first-year B.Tech CSE student.
Given the topic and context, generate a highly rigorous and extremely detailed technical study guide using ONLY valid JSON.

Your output must follow this strict JSON format:
{
    "notes": [
        {"type": "heading", "text": "Advanced Concept / Deep Dive"},
        {"type": "paragraph", "text": "In-depth technical explanation, covering edge cases, under-the-hood workings, and performance implications..."},
        {"type": "highlight", "variant": "constructive", "title": "Interview Pro-Tip", "text": "Crucial detail often asked in interviews..."},
        {"type": "code_block", "language": "python", "title": "Complex Implementation", "code": "def complex_algo(): pass"},
        {"type": "note", "text": "Advanced side note or historical context"}
    ],
    "revision": {
        "title": "Interview Cheat Sheet",
        "points": [
            {"id": 1, "text": "Advanced point 1"},
            {"id": 2, "text": "Advanced point 2"}
        ]
    }
}

RULES:
- `notes` array must use types: 'heading', 'paragraph', 'highlight' (variant: 'constructive' or 'destructive'), 'code_block' (include 'language', 'title', 'code'), or 'note'.
- The content MUST be highly rigorous and technically deep. Include complex edge cases, advanced theory, real-world system design implications, and interview-level insights. 
- NEVER generate basic, high-level, or "kidish" overviews. Assume the reader is preparing for a Senior or top-tier placement.
- Generate content ONLY within the context of the provided subject. Do not include concepts from other subjects. For example, if the topic is "Control Flow" and the subject is "Programming Fundamentals", focus on programming logic (if/else, loops) and DO NOT discuss Operating Systems concepts like semaphores or mutexes.
- `revision` should have 3-5 hard-hitting, concise bullet points.
- Do not use markdown fencing (e.g. ```json). Just return the raw JSON object.

2026-06-22 08:24:04,980 - INFO - USER PROMPT:
SUBJECT:
Programming Fundamentals

TOPIC:
Variables and Data Types

CONTEXT:
Subject / Context: Programming Fundamentals
(Curriculum topic — use highly rigorous general knowledge for a college level curriculum)

Generate the study guide JSON.
IMPORTANT: Only use the CONTEXT if it strictly belongs to the SUBJECT (Programming Fundamentals). If the context is about a different subject (e.g., Operating Systems), IGNORE the context entirely and use your general knowledge.

Generate notes ONLY within the context of Programming Fundamentals.
Do NOT discuss Operating Systems concepts such as processes, threads, synchronization, semaphores, deadlocks, scheduling, memory management, segmentation, or paging.

2026-06-22 08:24:04,981 - INFO - -------------------------------------------------------
2026-06-22 08:24:05,001 - INFO - [PracticeEngine] Returning cached topics hierarchy for student 3
2026-06-22 08:24:05,196 - INFO - [PracticeEngine] Returning cached topics hierarchy for student 3
2026-06-22 08:24:25,170 - INFO - --- LLM PROMPT (Subject: Programming Fundamentals, Topic: Variables and Data Types) ---
2026-06-22 08:24:25,171 - INFO - SYSTEM PROMPT:
You are teaching a first-year B.Tech CSE student.
Given the topic and context, generate a highly rigorous and extremely detailed technical study guide using ONLY valid JSON.

Your output must follow this strict JSON format:
{
    "notes": [
        {"type": "heading", "text": "Advanced Concept / Deep Dive"},
        {"type": "paragraph", "text": "In-depth technical explanation, covering edge cases, under-the-hood workings, and performance implications..."},
        {"type": "highlight", "variant": "constructive", "title": "Interview Pro-Tip", "text": "Crucial detail often asked in interviews..."},
        {"type": "code_block", "language": "python", "title": "Complex Implementation", "code": "def complex_algo(): pass"},
        {"type": "note", "text": "Advanced side note or historical context"}
    ],
    "revision": {
        "title": "Interview Cheat Sheet",
        "points": [
            {"id": 1, "text": "Advanced point 1"},
            {"id": 2, "text": "Advanced point 2"}
        ]
    }
}

RULES:
- `notes` array must use types: 'heading', 'paragraph', 'highlight' (variant: 'constructive' or 'destructive'), 'code_block' (include 'language', 'title', 'code'), or 'note'.
- The content MUST be highly rigorous and technically deep. Include complex edge cases, advanced theory, real-world system design implications, and interview-level insights. 
- NEVER generate basic, high-level, or "kidish" overviews. Assume the reader is preparing for a Senior or top-tier placement.
- Generate content ONLY within the context of the provided subject. Do not include concepts from other subjects. For example, if the topic is "Control Flow" and the subject is "Programming Fundamentals", focus on programming logic (if/else, loops) and DO NOT discuss Operating Systems concepts like semaphores or mutexes.
- `revision` should have 3-5 hard-hitting, concise bullet points.
- Do not use markdown fencing (e.g. ```json). Just return the raw JSON object.

2026-06-22 08:24:25,171 - INFO - USER PROMPT:
SUBJECT:
Programming Fundamentals

TOPIC:
Variables and Data Types

CONTEXT:
Subject / Context: Programming Fundamentals
(Curriculum topic — use highly rigorous general knowledge for a college level curriculum)

Generate the study guide JSON.
IMPORTANT: Only use the CONTEXT if it strictly belongs to the SUBJECT (Programming Fundamentals). If the context is about a different subject (e.g., Operating Systems), IGNORE the context entirely and use your general knowledge.

Generate notes ONLY within the context of Programming Fundamentals.
Do NOT discuss Operating Systems concepts such as processes, threads, synchronization, semaphores, deadlocks, scheduling, memory management, segmentation, or paging.

2026-06-22 08:24:25,171 - INFO - -------------------------------------------------------
2026-06-22 08:24:26,537 - ERROR - [PracticeEngine] LLM 'GPT-4o-mini' failed: Error code: 429 - {'error': {'message': 'Rate limit exceeded. Try again later.', 'type': 'rate_limit_error', 'code': 'rate_limit_exceeded'}}
2026-06-22 08:24:36,983 - ERROR - [PracticeEngine] LLM 'Llama' failed: Connection error.
2026-06-22 08:24:36,984 - ERROR - [PracticeEngine] All LLM providers failed!
2026-06-22 08:24:52,472 - INFO - [PracticeEngine] Returning cached topics hierarchy for student 3
2026-06-22 08:24:52,477 - INFO - [PracticeEngine] Returning cached topics hierarchy for student 3
2026-06-22 08:24:58,490 - INFO - [Practice] Starting session: mode=topic, topic=Variables and Data Types, difficulty=easy
2026-06-22 08:25:38,908 - INFO - [PracticeEngine] Returning cached topics hierarchy for student 3
2026-06-22 08:25:38,978 - INFO - [PracticeEngine] Returning cached topics hierarchy for student 3
2026-06-22 08:25:39,193 - INFO - [PracticeEngine] Returning cached topics hierarchy for student 3
2026-06-22 08:25:39,275 - INFO - [PracticeEngine] Returning cached topics hierarchy for student 3
2026-06-22 08:25:48,892 - INFO - [PracticeEngine] Returning cached topics hierarchy for student 3
2026-06-22 08:25:48,950 - INFO - [PracticeEngine] Returning cached topics hierarchy for student 3
2026-06-22 08:25:48,963 - INFO - --- LLM PROMPT (Subject: Programming Fundamentals, Topic: Variables and Data Types) ---
2026-06-22 08:25:48,963 - INFO - SYSTEM PROMPT:
You are teaching a first-year B.Tech CSE student.
Given the topic and context, generate a highly rigorous and extremely detailed technical study guide using ONLY valid JSON.

Your output must follow this strict JSON format:
{
    "notes": [
        {"type": "heading", "text": "Advanced Concept / Deep Dive"},
        {"type": "paragraph", "text": "In-depth technical explanation, covering edge cases, under-the-hood workings, and performance implications..."},
        {"type": "highlight", "variant": "constructive", "title": "Interview Pro-Tip", "text": "Crucial detail often asked in interviews..."},
        {"type": "code_block", "language": "python", "title": "Complex Implementation", "code": "def complex_algo(): pass"},
        {"type": "note", "text": "Advanced side note or historical context"}
    ],
    "revision": {
        "title": "Interview Cheat Sheet",
        "points": [
            {"id": 1, "text": "Advanced point 1"},
            {"id": 2, "text": "Advanced point 2"}
        ]
    }
}

RULES:
- `notes` array must use types: 'heading', 'paragraph', 'highlight' (variant: 'constructive' or 'destructive'), 'code_block' (include 'language', 'title', 'code'), or 'note'.
- The content MUST be highly rigorous and technically deep. Include complex edge cases, advanced theory, real-world system design implications, and interview-level insights. 
- NEVER generate basic, high-level, or "kidish" overviews. Assume the reader is preparing for a Senior or top-tier placement.
- Generate content ONLY within the context of the provided subject. Do not include concepts from other subjects. For example, if the topic is "Control Flow" and the subject is "Programming Fundamentals", focus on programming logic (if/else, loops) and DO NOT discuss Operating Systems concepts like semaphores or mutexes.
- `revision` should have 3-5 hard-hitting, concise bullet points.
- Do not use markdown fencing (e.g. ```json). Just return the raw JSON object.

2026-06-22 08:25:48,963 - INFO - USER PROMPT:
SUBJECT:
Programming Fundamentals

TOPIC:
Variables and Data Types

CONTEXT:
Subject / Context: Programming Fundamentals
(Curriculum topic — use highly rigorous general knowledge for a college level curriculum)

Generate the study guide JSON.
IMPORTANT: Only use the CONTEXT if it strictly belongs to the SUBJECT (Programming Fundamentals). If the context is about a different subject (e.g., Operating Systems), IGNORE the context entirely and use your general knowledge.

Generate notes ONLY within the context of Programming Fundamentals.
Do NOT discuss Operating Systems concepts such as processes, threads, synchronization, semaphores, deadlocks, scheduling, memory management, segmentation, or paging.

2026-06-22 08:25:48,963 - INFO - -------------------------------------------------------
2026-06-22 08:25:48,986 - INFO - [PracticeEngine] Returning cached topics hierarchy for student 3
2026-06-22 08:25:49,167 - INFO - [PracticeEngine] Returning cached topics hierarchy for student 3
2026-06-22 08:26:09,162 - INFO - --- LLM PROMPT (Subject: Programming Fundamentals, Topic: Variables and Data Types) ---
2026-06-22 08:26:09,163 - INFO - SYSTEM PROMPT:
You are teaching a first-year B.Tech CSE student.
Given the topic and context, generate a highly rigorous and extremely detailed technical study guide using ONLY valid JSON.

Your output must follow this strict JSON format:
{
    "notes": [
        {"type": "heading", "text": "Advanced Concept / Deep Dive"},
        {"type": "paragraph", "text": "In-depth technical explanation, covering edge cases, under-the-hood workings, and performance implications..."},
        {"type": "highlight", "variant": "constructive", "title": "Interview Pro-Tip", "text": "Crucial detail often asked in interviews..."},
        {"type": "code_block", "language": "python", "title": "Complex Implementation", "code": "def complex_algo(): pass"},
        {"type": "note", "text": "Advanced side note or historical context"}
    ],
    "revision": {
        "title": "Interview Cheat Sheet",
        "points": [
            {"id": 1, "text": "Advanced point 1"},
            {"id": 2, "text": "Advanced point 2"}
        ]
    }
}

RULES:
- `notes` array must use types: 'heading', 'paragraph', 'highlight' (variant: 'constructive' or 'destructive'), 'code_block' (include 'language', 'title', 'code'), or 'note'.
- The content MUST be highly rigorous and technically deep. Include complex edge cases, advanced theory, real-world system design implications, and interview-level insights. 
- NEVER generate basic, high-level, or "kidish" overviews. Assume the reader is preparing for a Senior or top-tier placement.
- Generate content ONLY within the context of the provided subject. Do not include concepts from other subjects. For example, if the topic is "Control Flow" and the subject is "Programming Fundamentals", focus on programming logic (if/else, loops) and DO NOT discuss Operating Systems concepts like semaphores or mutexes.
- `revision` should have 3-5 hard-hitting, concise bullet points.
- Do not use markdown fencing (e.g. ```json). Just return the raw JSON object.

2026-06-22 08:26:09,163 - INFO - USER PROMPT:
SUBJECT:
Programming Fundamentals

TOPIC:
Variables and Data Types

CONTEXT:
Subject / Context: Programming Fundamentals
(Curriculum topic — use highly rigorous general knowledge for a college level curriculum)

Generate the study guide JSON.
IMPORTANT: Only use the CONTEXT if it strictly belongs to the SUBJECT (Programming Fundamentals). If the context is about a different subject (e.g., Operating Systems), IGNORE the context entirely and use your general knowledge.

Generate notes ONLY within the context of Programming Fundamentals.
Do NOT discuss Operating Systems concepts such as processes, threads, synchronization, semaphores, deadlocks, scheduling, memory management, segmentation, or paging.

2026-06-22 08:26:09,163 - INFO - -------------------------------------------------------
2026-06-22 08:26:55,266 - WARNING - Validation failed on attempt 1. Found OS terminology: ['thread', 'synchronization']. Regenerating...
2026-06-22 08:31:23,331 - INFO - [PracticeEngine] Returning cached topics hierarchy for student 3
2026-06-22 08:31:23,336 - INFO - CACHE HIT (Fast Return): topic='Patent Strategy and Circumvention Prevention', subject='None'
2026-06-22 08:31:23,428 - INFO - [PracticeEngine] Returning cached topics hierarchy for student 3
2026-06-22 08:31:23,430 - INFO - CACHE HIT: topic='Patent Strategy and Circumvention Prevention', subject='None'
2026-06-22 08:31:23,433 - INFO - CACHE HIT (Fast Return): topic='Patent Strategy and Circumvention Prevention', subject='None'
2026-06-22 08:31:23,571 - INFO - [PracticeEngine] Returning cached topics hierarchy for student 3
2026-06-22 08:31:23,573 - INFO - CACHE HIT (Fast Return): topic='Patent Strategy and Circumvention Prevention', subject='None'
2026-06-22 08:31:23,576 - INFO - CACHE HIT: topic='Patent Strategy and Circumvention Prevention', subject='None'
2026-06-22 08:31:23,659 - INFO - [PracticeEngine] Returning cached topics hierarchy for student 3
2026-06-22 08:31:23,662 - INFO - CACHE HIT (Fast Return): topic='Patent Strategy and Circumvention Prevention', subject='None'
2026-06-22 08:31:29,415 - INFO - [PracticeEngine] Returning cached topics hierarchy for student 3
2026-06-22 08:31:29,415 - INFO - [PracticeEngine] Returning cached topics hierarchy for student 3
2026-06-22 08:31:29,418 - INFO - CACHE HIT (Fast Return): topic='Programming Fundamentals', subject='None'
2026-06-22 08:31:29,547 - INFO - --- LLM PROMPT (Subject: Programming Fundamentals, Topic: Programming Fundamentals) ---
2026-06-22 08:31:29,547 - INFO - SYSTEM PROMPT:
You are teaching a first-year B.Tech CSE student.
Given the topic and context, generate a highly rigorous and extremely detailed technical study guide using ONLY valid JSON.

Your output must follow this strict JSON format:
{
    "notes": [
        {"type": "heading", "text": "Advanced Concept / Deep Dive"},
        {"type": "paragraph", "text": "In-depth technical explanation, covering edge cases, under-the-hood workings, and performance implications..."},
        {"type": "highlight", "variant": "constructive", "title": "Interview Pro-Tip", "text": "Crucial detail often asked in interviews..."},
        {"type": "code_block", "language": "python", "title": "Complex Implementation", "code": "def complex_algo(): pass"},
        {"type": "note", "text": "Advanced side note or historical context"}
    ],
    "revision": {
        "title": "Interview Cheat Sheet",
        "points": [
            {"id": 1, "text": "Advanced point 1"},
            {"id": 2, "text": "Advanced point 2"}
        ]
    }
}

RULES:
- `notes` array must use types: 'heading', 'paragraph', 'highlight' (variant: 'constructive' or 'destructive'), 'code_block' (include 'language', 'title', 'code'), or 'note'.
- The content MUST be highly rigorous and technically deep. Include complex edge cases, advanced theory, real-world system design implications, and interview-level insights. 
- NEVER generate basic, high-level, or "kidish" overviews. Assume the reader is preparing for a Senior or top-tier placement.
- Generate content ONLY within the context of the provided subject. Do not include concepts from other subjects. For example, if the topic is "Control Flow" and the subject is "Programming Fundamentals", focus on programming logic (if/else, loops) and DO NOT discuss Operating Systems concepts like semaphores or mutexes.
- `revision` should have 3-5 hard-hitting, concise bullet points.
- Do not use markdown fencing (e.g. ```json). Just return the raw JSON object.

2026-06-22 08:31:29,548 - INFO - USER PROMPT:
SUBJECT:
Programming Fundamentals

TOPIC:
Programming Fundamentals

CONTEXT:
Subject / Context: Programming Fundamentals
(Curriculum topic — use highly rigorous general knowledge for a college level curriculum)

Generate the study guide JSON.
IMPORTANT: Only use the CONTEXT if it strictly belongs to the SUBJECT (Programming Fundamentals). If the context is about a different subject (e.g., Operating Systems), IGNORE the context entirely and use your general knowledge.

Generate notes ONLY within the context of Programming Fundamentals.
Do NOT discuss Operating Systems concepts such as processes, threads, synchronization, semaphores, deadlocks, scheduling, memory management, segmentation, or paging.

2026-06-22 08:31:29,548 - INFO - -------------------------------------------------------
2026-06-22 08:31:44,333 - INFO - [PracticeEngine] Returning cached topics hierarchy for student 3
2026-06-22 08:31:44,387 - INFO - [PracticeEngine] Returning cached topics hierarchy for student 3
2026-06-22 08:31:44,527 - INFO - --- LLM PROMPT (Subject: Programming Fundamentals, Topic: Variables and Data Types) ---
2026-06-22 08:31:44,527 - INFO - SYSTEM PROMPT:
You are teaching a first-year B.Tech CSE student.
Given the topic and context, generate a highly rigorous and extremely detailed technical study guide using ONLY valid JSON.

Your output must follow this strict JSON format:
{
    "notes": [
        {"type": "heading", "text": "Advanced Concept / Deep Dive"},
        {"type": "paragraph", "text": "In-depth technical explanation, covering edge cases, under-the-hood workings, and performance implications..."},
        {"type": "highlight", "variant": "constructive", "title": "Interview Pro-Tip", "text": "Crucial detail often asked in interviews..."},
        {"type": "code_block", "language": "python", "title": "Complex Implementation", "code": "def complex_algo(): pass"},
        {"type": "note", "text": "Advanced side note or historical context"}
    ],
    "revision": {
        "title": "Interview Cheat Sheet",
        "points": [
            {"id": 1, "text": "Advanced point 1"},
            {"id": 2, "text": "Advanced point 2"}
        ]
    }
}

RULES:
- `notes` array must use types: 'heading', 'paragraph', 'highlight' (variant: 'constructive' or 'destructive'), 'code_block' (include 'language', 'title', 'code'), or 'note'.
- The content MUST be highly rigorous and technically deep. Include complex edge cases, advanced theory, real-world system design implications, and interview-level insights. 
- NEVER generate basic, high-level, or "kidish" overviews. Assume the reader is preparing for a Senior or top-tier placement.
- Generate content ONLY within the context of the provided subject. Do not include concepts from other subjects. For example, if the topic is "Control Flow" and the subject is "Programming Fundamentals", focus on programming logic (if/else, loops) and DO NOT discuss Operating Systems concepts like semaphores or mutexes.
- `revision` should have 3-5 hard-hitting, concise bullet points.
- Do not use markdown fencing (e.g. ```json). Just return the raw JSON object.

2026-06-22 08:31:44,527 - INFO - USER PROMPT:
SUBJECT:
Programming Fundamentals

TOPIC:
Variables and Data Types

CONTEXT:
Subject / Context: Programming Fundamentals
(Curriculum topic — use highly rigorous general knowledge for a college level curriculum)

Generate the study guide JSON.
IMPORTANT: Only use the CONTEXT if it strictly belongs to the SUBJECT (Programming Fundamentals). If the context is about a different subject (e.g., Operating Systems), IGNORE the context entirely and use your general knowledge.

Generate notes ONLY within the context of Programming Fundamentals.
Do NOT discuss Operating Systems concepts such as processes, threads, synchronization, semaphores, deadlocks, scheduling, memory management, segmentation, or paging.

2026-06-22 08:31:44,527 - INFO - -------------------------------------------------------
2026-06-22 08:32:40,476 - INFO - CACHE MISS: topic='Programming Fundamentals', subject='Programming Fundamentals'
2026-06-22 08:32:41,363 - INFO - CACHE MISS: topic='Variables and Data Types', subject='Programming Fundamentals'
2026-06-22 08:33:01,059 - INFO - [PracticeEngine] Returning cached topics hierarchy for student 3
2026-06-22 08:33:01,128 - INFO - [PracticeEngine] Returning cached topics hierarchy for student 3
2026-06-22 08:33:01,264 - INFO - --- LLM PROMPT (Subject: Programming Fundamentals, Topic: Input Output Operations) ---
2026-06-22 08:33:01,264 - INFO - SYSTEM PROMPT:
You are teaching a first-year B.Tech CSE student.
Given the topic and context, generate a highly rigorous and extremely detailed technical study guide using ONLY valid JSON.

Your output must follow this strict JSON format:
{
    "notes": [
        {"type": "heading", "text": "Advanced Concept / Deep Dive"},
        {"type": "paragraph", "text": "In-depth technical explanation, covering edge cases, under-the-hood workings, and performance implications..."},
        {"type": "highlight", "variant": "constructive", "title": "Interview Pro-Tip", "text": "Crucial detail often asked in interviews..."},
        {"type": "code_block", "language": "python", "title": "Complex Implementation", "code": "def complex_algo(): pass"},
        {"type": "note", "text": "Advanced side note or historical context"}
    ],
    "revision": {
        "title": "Interview Cheat Sheet",
        "points": [
            {"id": 1, "text": "Advanced point 1"},
            {"id": 2, "text": "Advanced point 2"}
        ]
    }
}

RULES:
- `notes` array must use types: 'heading', 'paragraph', 'highlight' (variant: 'constructive' or 'destructive'), 'code_block' (include 'language', 'title', 'code'), or 'note'.
- The content MUST be highly rigorous and technically deep. Include complex edge cases, advanced theory, real-world system design implications, and interview-level insights. 
- NEVER generate basic, high-level, or "kidish" overviews. Assume the reader is preparing for a Senior or top-tier placement.
- Generate content ONLY within the context of the provided subject. Do not include concepts from other subjects. For example, if the topic is "Control Flow" and the subject is "Programming Fundamentals", focus on programming logic (if/else, loops) and DO NOT discuss Operating Systems concepts like semaphores or mutexes.
- `revision` should have 3-5 hard-hitting, concise bullet points.
- Do not use markdown fencing (e.g. ```json). Just return the raw JSON object.

2026-06-22 08:33:01,265 - INFO - USER PROMPT:
SUBJECT:
Programming Fundamentals

TOPIC:
Input Output Operations

CONTEXT:
Subject / Context: Programming Fundamentals
(Curriculum topic — use highly rigorous general knowledge for a college level curriculum)

Generate the study guide JSON.
IMPORTANT: Only use the CONTEXT if it strictly belongs to the SUBJECT (Programming Fundamentals). If the context is about a different subject (e.g., Operating Systems), IGNORE the context entirely and use your general knowledge.

Generate notes ONLY within the context of Programming Fundamentals.
Do NOT discuss Operating Systems concepts such as processes, threads, synchronization, semaphores, deadlocks, scheduling, memory management, segmentation, or paging.
Allowed concepts: printf, scanf, standard streams, reading, writing, formatting strings.

2026-06-22 08:33:01,265 - INFO - -------------------------------------------------------
2026-06-22 08:33:02,632 - ERROR - [PracticeEngine] LLM 'GPT-4o-mini' failed: Error code: 429 - {'error': {'message': 'Rate limit exceeded. Try again later.', 'type': 'rate_limit_error', 'code': 'rate_limit_exceeded'}}
2026-06-22 08:33:07,549 - INFO - [PracticeEngine] Returning cached topics hierarchy for student 3
2026-06-22 08:33:07,617 - INFO - [PracticeEngine] Returning cached topics hierarchy for student 3
2026-06-22 08:33:07,619 - INFO - CACHE HIT (Fast Return): topic='Variables and Data Types', subject='Programming Fundamentals'
2026-06-22 08:33:07,767 - INFO - CACHE HIT: topic='Variables and Data Types', subject='Programming Fundamentals'
2026-06-22 08:33:12,815 - ERROR - [PracticeEngine] LLM 'Llama' failed: Connection error.
2026-06-22 08:33:12,815 - ERROR - [PracticeEngine] All LLM providers failed!
2026-06-22 08:33:12,816 - INFO - CACHE MISS: topic='Input Output Operations', subject='Programming Fundamentals'
2026-06-22 08:33:48,212 - INFO - [PracticeEngine] Returning cached topics hierarchy for student 3
2026-06-22 08:33:48,214 - INFO - CACHE HIT (Fast Return): topic='Variables and Data Types', subject='Programming Fundamentals'
2026-06-22 08:33:48,288 - INFO - [PracticeEngine] Returning cached topics hierarchy for student 3
2026-06-22 08:33:48,290 - INFO - CACHE HIT (Fast Return): topic='Variables and Data Types', subject='Programming Fundamentals'
2026-06-22 08:33:48,302 - INFO - CACHE HIT: topic='Variables and Data Types', subject='Programming Fundamentals'
2026-06-22 08:33:48,336 - INFO - [PracticeEngine] Returning cached topics hierarchy for student 3
2026-06-22 08:33:48,463 - INFO - CACHE HIT: topic='Variables and Data Types', subject='Programming Fundamentals'
2026-06-22 08:33:48,514 - INFO - [PracticeEngine] Returning cached topics hierarchy for student 3
2026-06-22 08:33:53,749 - INFO - [PracticeEngine] Returning cached topics hierarchy for student 3
2026-06-22 08:33:53,749 - INFO - [PracticeEngine] Returning cached topics hierarchy for student 3
2026-06-22 08:33:53,903 - INFO - --- LLM PROMPT (Subject: Programming Fundamentals, Topic: Input Output Operations) ---
2026-06-22 08:33:53,903 - INFO - SYSTEM PROMPT:
You are teaching a first-year B.Tech CSE student.
Given the topic and context, generate a highly rigorous and extremely detailed technical study guide using ONLY valid JSON.

Your output must follow this strict JSON format:
{
    "notes": [
        {"type": "heading", "text": "Advanced Concept / Deep Dive"},
        {"type": "paragraph", "text": "In-depth technical explanation, covering edge cases, under-the-hood workings, and performance implications..."},
        {"type": "highlight", "variant": "constructive", "title": "Interview Pro-Tip", "text": "Crucial detail often asked in interviews..."},
        {"type": "code_block", "language": "python", "title": "Complex Implementation", "code": "def complex_algo(): pass"},
        {"type": "note", "text": "Advanced side note or historical context"}
    ],
    "revision": {
        "title": "Interview Cheat Sheet",
        "points": [
            {"id": 1, "text": "Advanced point 1"},
            {"id": 2, "text": "Advanced point 2"}
        ]
    }
}

RULES:
- `notes` array must use types: 'heading', 'paragraph', 'highlight' (variant: 'constructive' or 'destructive'), 'code_block' (include 'language', 'title', 'code'), or 'note'.
- The content MUST be highly rigorous and technically deep. Include complex edge cases, advanced theory, real-world system design implications, and interview-level insights. 
- NEVER generate basic, high-level, or "kidish" overviews. Assume the reader is preparing for a Senior or top-tier placement.
- Generate content ONLY within the context of the provided subject. Do not include concepts from other subjects. For example, if the topic is "Control Flow" and the subject is "Programming Fundamentals", focus on programming logic (if/else, loops) and DO NOT discuss Operating Systems concepts like semaphores or mutexes.
- `revision` should have 3-5 hard-hitting, concise bullet points.
- Do not use markdown fencing (e.g. ```json). Just return the raw JSON object.

2026-06-22 08:33:53,903 - INFO - USER PROMPT:
SUBJECT:
Programming Fundamentals

TOPIC:
Input Output Operations

CONTEXT:
Subject / Context: Programming Fundamentals
(Curriculum topic — use highly rigorous general knowledge for a college level curriculum)

Generate the study guide JSON.
IMPORTANT: Only use the CONTEXT if it strictly belongs to the SUBJECT (Programming Fundamentals). If the context is about a different subject (e.g., Operating Systems), IGNORE the context entirely and use your general knowledge.

Generate notes ONLY within the context of Programming Fundamentals.
Do NOT discuss Operating Systems concepts such as processes, threads, synchronization, semaphores, deadlocks, scheduling, memory management, segmentation, or paging.
Allowed concepts: printf, scanf, standard streams, reading, writing, formatting strings.

2026-06-22 08:33:53,903 - INFO - -------------------------------------------------------
2026-06-22 08:34:38,906 - INFO - CACHE MISS: topic='Input Output Operations', subject='Programming Fundamentals'
2026-06-22 08:35:17,033 - INFO - [PracticeEngine] Returning cached topics hierarchy for student 3
2026-06-22 08:35:17,055 - INFO - [PracticeEngine] Returning cached topics hierarchy for student 3
2026-06-22 08:35:17,058 - INFO - CACHE HIT (Fast Return): topic='Variables and Data Types', subject='Programming Fundamentals'
2026-06-22 08:35:17,240 - INFO - CACHE HIT: topic='Variables and Data Types', subject='Programming Fundamentals'
2026-06-22 08:35:19,094 - INFO - [PracticeEngine] Returning cached topics hierarchy for student 3
2026-06-22 08:35:19,100 - INFO - [PracticeEngine] Returning cached topics hierarchy for student 3
2026-06-22 08:35:19,102 - INFO - CACHE HIT (Fast Return): topic='Input Output Operations', subject='Programming Fundamentals'
2026-06-22 08:35:19,258 - INFO - CACHE HIT: topic='Input Output Operations', subject='Programming Fundamentals'
2026-06-22 08:35:52,748 - INFO - [PracticeEngine] Returning cached topics hierarchy for student 3
2026-06-22 08:35:52,754 - INFO - CACHE HIT (Fast Return): topic='Variables and Data Types', subject='Programming Fundamentals'
2026-06-22 08:35:52,834 - INFO - [PracticeEngine] Returning cached topics hierarchy for student 3
2026-06-22 08:35:52,837 - INFO - CACHE HIT (Fast Return): topic='Variables and Data Types', subject='Programming Fundamentals'
2026-06-22 08:35:52,906 - INFO - CACHE HIT: topic='Variables and Data Types', subject='Programming Fundamentals'
2026-06-22 08:35:52,959 - INFO - [PracticeEngine] Returning cached topics hierarchy for student 3
2026-06-22 08:35:53,093 - INFO - CACHE HIT: topic='Variables and Data Types', subject='Programming Fundamentals'
2026-06-22 08:35:53,148 - INFO - [PracticeEngine] Returning cached topics hierarchy for student 3
2026-06-22 08:35:57,623 - INFO - [PracticeEngine] Returning cached topics hierarchy for student 3
2026-06-22 08:35:57,625 - INFO - CACHE HIT (Fast Return): topic='Variables and Data Types', subject='Programming Fundamentals'
2026-06-22 08:35:57,681 - INFO - [PracticeEngine] Returning cached topics hierarchy for student 3
2026-06-22 08:35:57,683 - INFO - CACHE HIT (Fast Return): topic='Variables and Data Types', subject='Programming Fundamentals'
2026-06-22 08:35:57,696 - INFO - CACHE HIT: topic='Variables and Data Types', subject='Programming Fundamentals'
2026-06-22 08:35:57,743 - INFO - [PracticeEngine] Returning cached topics hierarchy for student 3
2026-06-22 08:35:57,866 - INFO - CACHE HIT: topic='Variables and Data Types', subject='Programming Fundamentals'
2026-06-22 08:35:57,920 - INFO - [PracticeEngine] Returning cached topics hierarchy for student 3
2026-06-22 08:37:03,281 - INFO - [PracticeEngine] Returning cached topics hierarchy for student 3
2026-06-22 08:37:03,283 - INFO - CACHE HIT (Fast Return): topic='Patent Strategy and Circumvention Prevention', subject='None'
2026-06-22 08:37:03,380 - INFO - [PracticeEngine] Returning cached topics hierarchy for student 3
2026-06-22 08:37:03,383 - INFO - CACHE HIT (Fast Return): topic='Patent Strategy and Circumvention Prevention', subject='None'
2026-06-22 08:37:03,453 - INFO - CACHE HIT: topic='Patent Strategy and Circumvention Prevention', subject='None'
2026-06-22 08:37:03,639 - INFO - [PracticeEngine] Returning cached topics hierarchy for student 3
2026-06-22 08:37:03,639 - INFO - CACHE HIT: topic='Patent Strategy and Circumvention Prevention', subject='None'
2026-06-22 08:37:03,644 - INFO - CACHE HIT (Fast Return): topic='Patent Strategy and Circumvention Prevention', subject='None'
2026-06-22 08:37:03,738 - INFO - [PracticeEngine] Returning cached topics hierarchy for student 3
2026-06-22 08:37:03,742 - INFO - CACHE HIT (Fast Return): topic='Patent Strategy and Circumvention Prevention', subject='None'
2026-06-22 08:37:08,293 - INFO - [PracticeEngine] Returning cached topics hierarchy for student 3
2026-06-22 08:37:08,293 - INFO - [PracticeEngine] Returning cached topics hierarchy for student 3
2026-06-22 08:37:08,295 - INFO - CACHE HIT (Fast Return): topic='Programming Fundamentals', subject='Programming Fundamentals'
2026-06-22 08:37:08,295 - INFO - CACHE HIT (Fast Return): topic='Programming Fundamentals', subject='None'
2026-06-22 08:37:08,438 - INFO - CACHE HIT: topic='Programming Fundamentals', subject='Programming Fundamentals'
2026-06-22 08:37:10,612 - INFO - [PracticeEngine] Returning cached topics hierarchy for student 3
2026-06-22 08:37:10,618 - INFO - [PracticeEngine] Returning cached topics hierarchy for student 3
2026-06-22 08:37:10,620 - INFO - CACHE HIT (Fast Return): topic='Variables and Data Types', subject='Programming Fundamentals'
2026-06-22 08:37:10,763 - INFO - CACHE HIT: topic='Variables and Data Types', subject='Programming Fundamentals'
2026-06-22 08:39:46,011 - INFO - [PracticeEngine] Returning cached topics hierarchy for student 3
2026-06-22 08:39:46,016 - INFO - CACHE HIT (Fast Return): topic='Variables and Data Types', subject='Programming Fundamentals'
2026-06-22 08:39:46,079 - INFO - [PracticeEngine] Returning cached topics hierarchy for student 3
2026-06-22 08:39:46,081 - INFO - CACHE HIT (Fast Return): topic='Variables and Data Types', subject='Programming Fundamentals'
2026-06-22 08:39:46,092 - INFO - CACHE HIT: topic='Variables and Data Types', subject='Programming Fundamentals'
2026-06-22 08:39:46,158 - INFO - [PracticeEngine] Returning cached topics hierarchy for student 3
2026-06-22 08:39:46,284 - INFO - CACHE HIT: topic='Variables and Data Types', subject='Programming Fundamentals'
2026-06-22 08:39:46,368 - INFO - [PracticeEngine] Returning cached topics hierarchy for student 3
2026-06-22 08:47:32,603 - INFO - [PracticeEngine] Returning cached topics hierarchy for student 3
2026-06-22 08:47:32,608 - INFO - CACHE HIT (Fast Return): topic='Variables and Data Types', subject='Programming Fundamentals'
2026-06-22 08:47:32,673 - INFO - [PracticeEngine] Returning cached topics hierarchy for student 3
2026-06-22 08:47:32,675 - INFO - CACHE HIT (Fast Return): topic='Variables and Data Types', subject='Programming Fundamentals'
2026-06-22 08:47:32,705 - INFO - CACHE HIT: topic='Variables and Data Types', subject='Programming Fundamentals'
2026-06-22 08:47:32,715 - INFO - [PracticeEngine] Returning cached topics hierarchy for student 3
2026-06-22 08:47:32,863 - INFO - CACHE HIT: topic='Variables and Data Types', subject='Programming Fundamentals'
2026-06-22 08:47:32,917 - INFO - [PracticeEngine] Returning cached topics hierarchy for student 3
2026-06-22 09:08:15,802 - INFO - [PracticeEngine] Returning cached topics hierarchy for student 3
2026-06-22 09:08:15,891 - INFO - [PracticeEngine] Returning cached topics hierarchy for student 3
2026-06-22 09:08:15,999 - INFO - [PracticeEngine] Returning cached topics hierarchy for student 3
2026-06-22 09:08:16,197 - INFO - [PracticeEngine] Returning cached topics hierarchy for student 3
2026-06-22 09:08:16,607 - INFO - --- LLM PROMPT (Subject: None, Topic: Day 1: Complexity Fundamentals & Competitive Coding Setup) ---
2026-06-22 09:08:16,607 - INFO - SYSTEM PROMPT:
You are teaching a first-year B.Tech CSE student.
Given the topic and context, generate a highly rigorous and extremely detailed technical study guide using ONLY valid JSON.

Your output must follow this strict JSON format:
{
    "notes": [
        {"type": "heading", "text": "Advanced Concept / Deep Dive"},
        {"type": "paragraph", "text": "In-depth technical explanation, covering edge cases, under-the-hood workings, and performance implications..."},
        {"type": "highlight", "variant": "constructive", "title": "Interview Pro-Tip", "text": "Crucial detail often asked in interviews..."},
        {"type": "code_block", "language": "python", "title": "Complex Implementation", "code": "def complex_algo(): pass"},
        {"type": "note", "text": "Advanced side note or historical context"}
    ],
    "revision": {
        "title": "Interview Cheat Sheet",
        "points": [
            {"id": 1, "text": "Advanced point 1"},
            {"id": 2, "text": "Advanced point 2"}
        ]
    }
}

RULES:
- `notes` array must use types: 'heading', 'paragraph', 'highlight' (variant: 'constructive' or 'destructive'), 'code_block' (include 'language', 'title', 'code'), or 'note'.
- The content MUST be highly rigorous and technically deep. Include complex edge cases, advanced theory, real-world system design implications, and interview-level insights. 
- NEVER generate basic, high-level, or "kidish" overviews. Assume the reader is preparing for a Senior or top-tier placement.
- Generate content ONLY within the context of the provided subject. Do not include concepts from other subjects. For example, if the topic is "Control Flow" and the subject is "Programming Fundamentals", focus on programming logic (if/else, loops) and DO NOT discuss Operating Systems concepts like semaphores or mutexes.
- `revision` should have 3-5 hard-hitting, concise bullet points.
- Do not use markdown fencing (e.g. ```json). Just return the raw JSON object.

2026-06-22 09:08:16,608 - INFO - USER PROMPT:
SUBJECT:
None

TOPIC:
Day 1: Complexity Fundamentals & Competitive Coding Setup

CONTEXT:
Subject / Context: General Computer Science
(No relevant content found in documents — use general knowledge for a college level curriculum)

Generate the study guide JSON.
IMPORTANT: Only use the CONTEXT if it strictly belongs to the SUBJECT (None). If the context is about a different subject (e.g., Operating Systems), IGNORE the context entirely and use your general knowledge.

2026-06-22 09:08:16,608 - INFO - -------------------------------------------------------
2026-06-22 09:08:18,117 - ERROR - [PracticeEngine] LLM 'GPT-4o-mini' failed: Error code: 429 - {'error': {'message': 'Rate limit exceeded. Try again later.', 'type': 'rate_limit_error', 'code': 'rate_limit_exceeded'}}
2026-06-22 09:08:28,508 - ERROR - [PracticeEngine] LLM 'Llama' failed: Connection error.
2026-06-22 09:08:28,508 - ERROR - [PracticeEngine] All LLM providers failed!
2026-06-22 09:08:28,508 - INFO - CACHE MISS: topic='Day 1: Complexity Fundamentals & Competitive Coding Setup', subject='None'
2026-06-22 09:08:28,959 - INFO - --- LLM PROMPT (Subject: None, Topic: Day 1: Complexity Fundamentals & Competitive Coding Setup) ---
2026-06-22 09:08:28,959 - INFO - SYSTEM PROMPT:
You are teaching a first-year B.Tech CSE student.
Given the topic and context, generate a highly rigorous and extremely detailed technical study guide using ONLY valid JSON.

Your output must follow this strict JSON format:
{
    "notes": [
        {"type": "heading", "text": "Advanced Concept / Deep Dive"},
        {"type": "paragraph", "text": "In-depth technical explanation, covering edge cases, under-the-hood workings, and performance implications..."},
        {"type": "highlight", "variant": "constructive", "title": "Interview Pro-Tip", "text": "Crucial detail often asked in interviews..."},
        {"type": "code_block", "language": "python", "title": "Complex Implementation", "code": "def complex_algo(): pass"},
        {"type": "note", "text": "Advanced side note or historical context"}
    ],
    "revision": {
        "title": "Interview Cheat Sheet",
        "points": [
            {"id": 1, "text": "Advanced point 1"},
            {"id": 2, "text": "Advanced point 2"}
        ]
    }
}

RULES:
- `notes` array must use types: 'heading', 'paragraph', 'highlight' (variant: 'constructive' or 'destructive'), 'code_block' (include 'language', 'title', 'code'), or 'note'.
- The content MUST be highly rigorous and technically deep. Include complex edge cases, advanced theory, real-world system design implications, and interview-level insights. 
- NEVER generate basic, high-level, or "kidish" overviews. Assume the reader is preparing for a Senior or top-tier placement.
- Generate content ONLY within the context of the provided subject. Do not include concepts from other subjects. For example, if the topic is "Control Flow" and the subject is "Programming Fundamentals", focus on programming logic (if/else, loops) and DO NOT discuss Operating Systems concepts like semaphores or mutexes.
- `revision` should have 3-5 hard-hitting, concise bullet points.
- Do not use markdown fencing (e.g. ```json). Just return the raw JSON object.

2026-06-22 09:08:28,960 - INFO - USER PROMPT:
SUBJECT:
None

TOPIC:
Day 1: Complexity Fundamentals & Competitive Coding Setup

CONTEXT:
Subject / Context: General Computer Science
(No relevant content found in documents — use general knowledge for a college level curriculum)

Generate the study guide JSON.
IMPORTANT: Only use the CONTEXT if it strictly belongs to the SUBJECT (None). If the context is about a different subject (e.g., Operating Systems), IGNORE the context entirely and use your general knowledge.

2026-06-22 09:08:28,960 - INFO - -------------------------------------------------------
2026-06-22 09:08:30,314 - ERROR - [PracticeEngine] LLM 'GPT-4o-mini' failed: Error code: 429 - {'error': {'message': 'Rate limit exceeded. Try again later.', 'type': 'rate_limit_error', 'code': 'rate_limit_exceeded'}}
2026-06-22 09:08:40,508 - ERROR - [PracticeEngine] LLM 'Llama' failed: Connection error.
2026-06-22 09:08:40,508 - ERROR - [PracticeEngine] All LLM providers failed!
2026-06-22 09:08:40,508 - INFO - CACHE MISS: topic='Day 1: Complexity Fundamentals & Competitive Coding Setup', subject='None'
2026-06-22 09:11:20,141 - INFO - [PracticeEngine] Returning cached topics hierarchy for student 3
2026-06-22 09:11:20,220 - INFO - [PracticeEngine] Returning cached topics hierarchy for student 3
2026-06-22 09:11:20,238 - INFO - --- LLM PROMPT (Subject: roadmap-week-1, Topic: Day 1: Complexity Fundamentals & Competitive Coding Setup) ---
2026-06-22 09:11:20,238 - INFO - SYSTEM PROMPT:
You are teaching a first-year B.Tech CSE student.
Given the topic and context, generate a highly rigorous and extremely detailed technical study guide using ONLY valid JSON.

Your output must follow this strict JSON format:
{
    "notes": [
        {"type": "heading", "text": "Advanced Concept / Deep Dive"},
        {"type": "paragraph", "text": "In-depth technical explanation, covering edge cases, under-the-hood workings, and performance implications..."},
        {"type": "highlight", "variant": "constructive", "title": "Interview Pro-Tip", "text": "Crucial detail often asked in interviews..."},
        {"type": "code_block", "language": "python", "title": "Complex Implementation", "code": "def complex_algo(): pass"},
        {"type": "note", "text": "Advanced side note or historical context"}
    ],
    "revision": {
        "title": "Interview Cheat Sheet",
        "points": [
            {"id": 1, "text": "Advanced point 1"},
            {"id": 2, "text": "Advanced point 2"}
        ]
    }
}

RULES:
- `notes` array must use types: 'heading', 'paragraph', 'highlight' (variant: 'constructive' or 'destructive'), 'code_block' (include 'language', 'title', 'code'), or 'note'.
- The content MUST be highly rigorous and technically deep. Include complex edge cases, advanced theory, real-world system design implications, and interview-level insights. 
- NEVER generate basic, high-level, or "kidish" overviews. Assume the reader is preparing for a Senior or top-tier placement.
- Generate content ONLY within the context of the provided subject. Do not include concepts from other subjects. For example, if the topic is "Control Flow" and the subject is "Programming Fundamentals", focus on programming logic (if/else, loops) and DO NOT discuss Operating Systems concepts like semaphores or mutexes.
- `revision` should have 3-5 hard-hitting, concise bullet points.
- Do not use markdown fencing (e.g. ```json). Just return the raw JSON object.

2026-06-22 09:11:20,238 - INFO - USER PROMPT:
SUBJECT:
roadmap-week-1

TOPIC:
Day 1: Complexity Fundamentals & Competitive Coding Setup

CONTEXT:
Subject / Context: roadmap-week-1
(No relevant content found in documents — use general knowledge for a college level curriculum)

Generate the study guide JSON.
IMPORTANT: Only use the CONTEXT if it strictly belongs to the SUBJECT (roadmap-week-1). If the context is about a different subject (e.g., Operating Systems), IGNORE the context entirely and use your general knowledge.

2026-06-22 09:11:20,239 - INFO - -------------------------------------------------------
2026-06-22 09:11:20,258 - INFO - [PracticeEngine] Returning cached topics hierarchy for student 3
2026-06-22 09:11:20,456 - INFO - [PracticeEngine] Returning cached topics hierarchy for student 3
2026-06-22 09:11:40,416 - INFO - --- LLM PROMPT (Subject: roadmap-week-1, Topic: Day 1: Complexity Fundamentals & Competitive Coding Setup) ---
2026-06-22 09:11:40,416 - INFO - SYSTEM PROMPT:
You are teaching a first-year B.Tech CSE student.
Given the topic and context, generate a highly rigorous and extremely detailed technical study guide using ONLY valid JSON.

Your output must follow this strict JSON format:
{
    "notes": [
        {"type": "heading", "text": "Advanced Concept / Deep Dive"},
        {"type": "paragraph", "text": "In-depth technical explanation, covering edge cases, under-the-hood workings, and performance implications..."},
        {"type": "highlight", "variant": "constructive", "title": "Interview Pro-Tip", "text": "Crucial detail often asked in interviews..."},
        {"type": "code_block", "language": "python", "title": "Complex Implementation", "code": "def complex_algo(): pass"},
        {"type": "note", "text": "Advanced side note or historical context"}
    ],
    "revision": {
        "title": "Interview Cheat Sheet",
        "points": [
            {"id": 1, "text": "Advanced point 1"},
            {"id": 2, "text": "Advanced point 2"}
        ]
    }
}

RULES:
- `notes` array must use types: 'heading', 'paragraph', 'highlight' (variant: 'constructive' or 'destructive'), 'code_block' (include 'language', 'title', 'code'), or 'note'.
- The content MUST be highly rigorous and technically deep. Include complex edge cases, advanced theory, real-world system design implications, and interview-level insights. 
- NEVER generate basic, high-level, or "kidish" overviews. Assume the reader is preparing for a Senior or top-tier placement.
- Generate content ONLY within the context of the provided subject. Do not include concepts from other subjects. For example, if the topic is "Control Flow" and the subject is "Programming Fundamentals", focus on programming logic (if/else, loops) and DO NOT discuss Operating Systems concepts like semaphores or mutexes.
- `revision` should have 3-5 hard-hitting, concise bullet points.
- Do not use markdown fencing (e.g. ```json). Just return the raw JSON object.

2026-06-22 09:11:40,416 - INFO - USER PROMPT:
SUBJECT:
roadmap-week-1

TOPIC:
Day 1: Complexity Fundamentals & Competitive Coding Setup

CONTEXT:
Subject / Context: roadmap-week-1
(No relevant content found in documents — use general knowledge for a college level curriculum)

Generate the study guide JSON.
IMPORTANT: Only use the CONTEXT if it strictly belongs to the SUBJECT (roadmap-week-1). If the context is about a different subject (e.g., Operating Systems), IGNORE the context entirely and use your general knowledge.

2026-06-22 09:11:40,416 - INFO - -------------------------------------------------------
2026-06-22 09:12:02,986 - INFO - CACHE MISS: topic='Day 1: Complexity Fundamentals & Competitive Coding Setup', subject='roadmap-week-1'
2026-06-22 09:12:27,841 - INFO - CACHE MISS: topic='Day 1: Complexity Fundamentals & Competitive Coding Setup', subject='roadmap-week-1'
2026-06-22 09:13:58,503 - INFO - [PracticeEngine] Returning cached topics hierarchy for student 3
2026-06-22 09:13:58,505 - INFO - CACHE HIT (Fast Return): topic='Day 1: Complexity Fundamentals & Competitive Coding Setup', subject='roadmap-week-1'
2026-06-22 09:14:00,141 - INFO - [PracticeEngine] Returning cached topics hierarchy for student 3
2026-06-22 09:14:00,143 - INFO - CACHE HIT (Fast Return): topic='Day 1: Complexity Fundamentals & Competitive Coding Setup', subject='roadmap-week-1'
2026-06-22 09:14:00,215 - INFO - [PracticeEngine] Returning cached topics hierarchy for student 3
2026-06-22 09:14:00,218 - INFO - CACHE HIT (Fast Return): topic='Day 1: Complexity Fundamentals & Competitive Coding Setup', subject='roadmap-week-1'
2026-06-22 09:14:00,228 - INFO - CACHE HIT: topic='Day 1: Complexity Fundamentals & Competitive Coding Setup', subject='roadmap-week-1'
2026-06-22 09:14:00,279 - INFO - [PracticeEngine] Returning cached topics hierarchy for student 3
2026-06-22 09:14:00,408 - INFO - CACHE HIT: topic='Day 1: Complexity Fundamentals & Competitive Coding Setup', subject='roadmap-week-1'
2026-06-22 09:14:00,469 - INFO - [PracticeEngine] Returning cached topics hierarchy for student 3
2026-06-22 09:21:27,267 - INFO - [PracticeEngine] Returning cached topics hierarchy for student 3
2026-06-22 09:21:27,345 - INFO - [PracticeEngine] Returning cached topics hierarchy for student 3
2026-06-22 09:21:27,431 - INFO - [PracticeEngine] Returning cached topics hierarchy for student 3
2026-06-22 09:21:27,635 - INFO - [PracticeEngine] Returning cached topics hierarchy for student 3
2026-06-22 09:21:27,791 - INFO - --- LLM PROMPT (Subject: None, Topic: Day 1: Complexity Fundamentals & Competitive Coding Setup) ---
2026-06-22 09:21:27,791 - INFO - SYSTEM PROMPT:
You are teaching a first-year B.Tech CSE student.
Given the topic and context, generate a highly rigorous and extremely detailed technical study guide using ONLY valid JSON.

Your output must follow this strict JSON format:
{
    "notes": [
        {"type": "heading", "text": "Advanced Concept / Deep Dive"},
        {"type": "paragraph", "text": "In-depth technical explanation, covering edge cases, under-the-hood workings, and performance implications..."},
        {"type": "highlight", "variant": "constructive", "title": "Interview Pro-Tip", "text": "Crucial detail often asked in interviews..."},
        {"type": "code_block", "language": "python", "title": "Complex Implementation", "code": "def complex_algo(): pass"},
        {"type": "note", "text": "Advanced side note or historical context"}
    ],
    "revision": {
        "title": "Interview Cheat Sheet",
        "points": [
            {"id": 1, "text": "Advanced point 1"},
            {"id": 2, "text": "Advanced point 2"}
        ]
    }
}

RULES:
- `notes` array must use types: 'heading', 'paragraph', 'highlight' (variant: 'constructive' or 'destructive'), 'code_block' (include 'language', 'title', 'code'), or 'note'.
- The content MUST be highly rigorous and technically deep. Include complex edge cases, advanced theory, real-world system design implications, and interview-level insights. 
- NEVER generate basic, high-level, or "kidish" overviews. Assume the reader is preparing for a Senior or top-tier placement.
- Generate content ONLY within the context of the provided subject. Do not include concepts from other subjects. For example, if the topic is "Control Flow" and the subject is "Programming Fundamentals", focus on programming logic (if/else, loops) and DO NOT discuss Operating Systems concepts like semaphores or mutexes.
- `revision` should have 3-5 hard-hitting, concise bullet points.
- Do not use markdown fencing (e.g. ```json). Just return the raw JSON object.

2026-06-22 09:21:27,791 - INFO - USER PROMPT:
SUBJECT:
None

TOPIC:
Day 1: Complexity Fundamentals & Competitive Coding Setup

CONTEXT:
Subject / Context: General Computer Science
(No relevant content found in documents — use general knowledge for a college level curriculum)

Generate the study guide JSON.
IMPORTANT: Only use the CONTEXT if it strictly belongs to the SUBJECT (None). If the context is about a different subject (e.g., Operating Systems), IGNORE the context entirely and use your general knowledge.

2026-06-22 09:21:27,791 - INFO - -------------------------------------------------------
2026-06-22 09:21:47,546 - INFO - --- LLM PROMPT (Subject: None, Topic: Day 1: Complexity Fundamentals & Competitive Coding Setup) ---
2026-06-22 09:21:47,546 - INFO - SYSTEM PROMPT:
You are teaching a first-year B.Tech CSE student.
Given the topic and context, generate a highly rigorous and extremely detailed technical study guide using ONLY valid JSON.

Your output must follow this strict JSON format:
{
    "notes": [
        {"type": "heading", "text": "Advanced Concept / Deep Dive"},
        {"type": "paragraph", "text": "In-depth technical explanation, covering edge cases, under-the-hood workings, and performance implications..."},
        {"type": "highlight", "variant": "constructive", "title": "Interview Pro-Tip", "text": "Crucial detail often asked in interviews..."},
        {"type": "code_block", "language": "python", "title": "Complex Implementation", "code": "def complex_algo(): pass"},
        {"type": "note", "text": "Advanced side note or historical context"}
    ],
    "revision": {
        "title": "Interview Cheat Sheet",
        "points": [
            {"id": 1, "text": "Advanced point 1"},
            {"id": 2, "text": "Advanced point 2"}
        ]
    }
}

RULES:
- `notes` array must use types: 'heading', 'paragraph', 'highlight' (variant: 'constructive' or 'destructive'), 'code_block' (include 'language', 'title', 'code'), or 'note'.
- The content MUST be highly rigorous and technically deep. Include complex edge cases, advanced theory, real-world system design implications, and interview-level insights. 
- NEVER generate basic, high-level, or "kidish" overviews. Assume the reader is preparing for a Senior or top-tier placement.
- Generate content ONLY within the context of the provided subject. Do not include concepts from other subjects. For example, if the topic is "Control Flow" and the subject is "Programming Fundamentals", focus on programming logic (if/else, loops) and DO NOT discuss Operating Systems concepts like semaphores or mutexes.
- `revision` should have 3-5 hard-hitting, concise bullet points.
- Do not use markdown fencing (e.g. ```json). Just return the raw JSON object.

2026-06-22 09:21:47,546 - INFO - USER PROMPT:
SUBJECT:
None

TOPIC:
Day 1: Complexity Fundamentals & Competitive Coding Setup

CONTEXT:
Subject / Context: General Computer Science
(No relevant content found in documents — use general knowledge for a college level curriculum)

Generate the study guide JSON.
IMPORTANT: Only use the CONTEXT if it strictly belongs to the SUBJECT (None). If the context is about a different subject (e.g., Operating Systems), IGNORE the context entirely and use your general knowledge.

2026-06-22 09:21:47,546 - INFO - -------------------------------------------------------
2026-06-22 09:21:48,931 - ERROR - [PracticeEngine] LLM 'GPT-4o-mini' failed: Error code: 429 - {'error': {'message': 'Rate limit exceeded. Try again later.', 'type': 'rate_limit_error', 'code': 'rate_limit_exceeded'}}
2026-06-22 09:21:59,086 - ERROR - [PracticeEngine] LLM 'Llama' failed: Connection error.
2026-06-22 09:21:59,087 - ERROR - [PracticeEngine] All LLM providers failed!
2026-06-22 09:21:59,087 - INFO - CACHE MISS: topic='Day 1: Complexity Fundamentals & Competitive Coding Setup', subject='None'
2026-06-22 09:22:04,316 - INFO - [PracticeEngine] Returning cached topics hierarchy for student 3
2026-06-22 09:22:04,362 - INFO - [PracticeEngine] Returning cached topics hierarchy for student 3
2026-06-22 09:22:04,507 - INFO - --- LLM PROMPT (Subject: roadmap-week-1, Topic: Time & Space Complexity) ---
2026-06-22 09:22:04,507 - INFO - SYSTEM PROMPT:
You are teaching a first-year B.Tech CSE student.
Given the topic and context, generate a highly rigorous and extremely detailed technical study guide using ONLY valid JSON.

Your output must follow this strict JSON format:
{
    "notes": [
        {"type": "heading", "text": "Advanced Concept / Deep Dive"},
        {"type": "paragraph", "text": "In-depth technical explanation, covering edge cases, under-the-hood workings, and performance implications..."},
        {"type": "highlight", "variant": "constructive", "title": "Interview Pro-Tip", "text": "Crucial detail often asked in interviews..."},
        {"type": "code_block", "language": "python", "title": "Complex Implementation", "code": "def complex_algo(): pass"},
        {"type": "note", "text": "Advanced side note or historical context"}
    ],
    "revision": {
        "title": "Interview Cheat Sheet",
        "points": [
            {"id": 1, "text": "Advanced point 1"},
            {"id": 2, "text": "Advanced point 2"}
        ]
    }
}

RULES:
- `notes` array must use types: 'heading', 'paragraph', 'highlight' (variant: 'constructive' or 'destructive'), 'code_block' (include 'language', 'title', 'code'), or 'note'.
- The content MUST be highly rigorous and technically deep. Include complex edge cases, advanced theory, real-world system design implications, and interview-level insights. 
- NEVER generate basic, high-level, or "kidish" overviews. Assume the reader is preparing for a Senior or top-tier placement.
- Generate content ONLY within the context of the provided subject. Do not include concepts from other subjects. For example, if the topic is "Control Flow" and the subject is "Programming Fundamentals", focus on programming logic (if/else, loops) and DO NOT discuss Operating Systems concepts like semaphores or mutexes.
- `revision` should have 3-5 hard-hitting, concise bullet points.
- Do not use markdown fencing (e.g. ```json). Just return the raw JSON object.

2026-06-22 09:22:04,507 - INFO - USER PROMPT:
SUBJECT:
roadmap-week-1

TOPIC:
Time & Space Complexity

CONTEXT:
Subject / Context: roadmap-week-1
(No relevant content found in documents — use general knowledge for a college level curriculum)

Generate the study guide JSON.
IMPORTANT: Only use the CONTEXT if it strictly belongs to the SUBJECT (roadmap-week-1). If the context is about a different subject (e.g., Operating Systems), IGNORE the context entirely and use your general knowledge.

2026-06-22 09:22:04,507 - INFO - -------------------------------------------------------
2026-06-22 09:22:31,492 - INFO - CACHE MISS: topic='Day 1: Complexity Fundamentals & Competitive Coding Setup', subject='None'
2026-06-22 09:23:06,184 - INFO - [PracticeEngine] Returning cached topics hierarchy for student 3
2026-06-22 09:23:06,187 - INFO - CACHE HIT (Fast Return): topic='Day 1: Complexity Fundamentals & Competitive Coding Setup', subject='None'
2026-06-22 09:23:06,265 - INFO - [PracticeEngine] Returning cached topics hierarchy for student 3
2026-06-22 09:23:06,267 - INFO - CACHE HIT: topic='Day 1: Complexity Fundamentals & Competitive Coding Setup', subject='None'
2026-06-22 09:23:06,270 - INFO - CACHE HIT (Fast Return): topic='Day 1: Complexity Fundamentals & Competitive Coding Setup', subject='None'
2026-06-22 09:23:06,337 - INFO - [PracticeEngine] Returning cached topics hierarchy for student 3
2026-06-22 09:23:06,540 - INFO - CACHE HIT: topic='Day 1: Complexity Fundamentals & Competitive Coding Setup', subject='None'
2026-06-22 09:23:06,580 - INFO - [PracticeEngine] Returning cached topics hierarchy for student 3
2026-06-22 09:23:27,395 - INFO - CACHE MISS: topic='Time & Space Complexity', subject='roadmap-week-1'
2026-06-22 09:24:26,580 - INFO - [PracticeEngine] Returning cached topics hierarchy for student 3
2026-06-22 09:24:26,583 - INFO - CACHE HIT (Fast Return): topic='Variables and Data Types', subject='Programming Fundamentals'
2026-06-22 09:24:26,652 - INFO - [PracticeEngine] Returning cached topics hierarchy for student 3
2026-06-22 09:24:26,654 - INFO - CACHE HIT (Fast Return): topic='Variables and Data Types', subject='Programming Fundamentals'
2026-06-22 09:24:26,670 - INFO - CACHE HIT: topic='Variables and Data Types', subject='Programming Fundamentals'
2026-06-22 09:24:26,692 - INFO - [PracticeEngine] Returning cached topics hierarchy for student 3
2026-06-22 09:24:26,864 - INFO - CACHE HIT: topic='Variables and Data Types', subject='Programming Fundamentals'
2026-06-22 09:24:26,866 - INFO - [PracticeEngine] Returning cached topics hierarchy for student 3
2026-06-22 09:24:46,771 - INFO - [PracticeEngine] Returning cached topics hierarchy for student 3
2026-06-22 09:24:46,773 - INFO - CACHE HIT (Fast Return): topic='Day 1: Complexity Fundamentals & Competitive Coding Setup', subject='None'
2026-06-22 09:24:46,817 - INFO - [PracticeEngine] Returning cached topics hierarchy for student 3
2026-06-22 09:24:46,819 - INFO - CACHE HIT (Fast Return): topic='Day 1: Complexity Fundamentals & Competitive Coding Setup', subject='roadmap-week-1'
2026-06-22 09:24:46,959 - INFO - CACHE HIT: topic='Day 1: Complexity Fundamentals & Competitive Coding Setup', subject='roadmap-week-1'
2026-06-22 09:40:15,941 - INFO - [PracticeEngine] Returning cached topics hierarchy for student 3
2026-06-22 09:40:16,019 - INFO - [PracticeEngine] Returning cached topics hierarchy for student 3
2026-06-22 09:40:16,225 - INFO - [PracticeEngine] Returning cached topics hierarchy for student 3
2026-06-22 09:40:16,317 - INFO - [PracticeEngine] Returning cached topics hierarchy for student 3
2026-06-22 09:40:16,531 - INFO - --- LLM PROMPT (Subject: None, Topic: Day 6: Stacks & Queues – Monotonic & Deque Patterns) ---
2026-06-22 09:40:16,531 - INFO - SYSTEM PROMPT:
You are teaching a first-year B.Tech CSE student.
Given the topic and context, generate a highly rigorous and extremely detailed technical study guide using ONLY valid JSON.

Your output must follow this strict JSON format:
{
    "notes": [
        {"type": "heading", "text": "Advanced Concept / Deep Dive"},
        {"type": "paragraph", "text": "In-depth technical explanation, covering edge cases, under-the-hood workings, and performance implications..."},
        {"type": "highlight", "variant": "constructive", "title": "Interview Pro-Tip", "text": "Crucial detail often asked in interviews..."},
        {"type": "code_block", "language": "python", "title": "Complex Implementation", "code": "def complex_algo(): pass"},
        {"type": "note", "text": "Advanced side note or historical context"}
    ],
    "revision": {
        "title": "Interview Cheat Sheet",
        "points": [
            {"id": 1, "text": "Advanced point 1"},
            {"id": 2, "text": "Advanced point 2"}
        ]
    }
}

RULES:
- `notes` array must use types: 'heading', 'paragraph', 'highlight' (variant: 'constructive' or 'destructive'), 'code_block' (include 'language', 'title', 'code'), or 'note'.
- The content MUST be highly rigorous and technically deep. Include complex edge cases, advanced theory, real-world system design implications, and interview-level insights. 
- NEVER generate basic, high-level, or "kidish" overviews. Assume the reader is preparing for a Senior or top-tier placement.
- Generate content ONLY within the context of the provided subject. Do not include concepts from other subjects. For example, if the topic is "Control Flow" and the subject is "Programming Fundamentals", focus on programming logic (if/else, loops) and DO NOT discuss Operating Systems concepts like semaphores or mutexes.
- `revision` should have 3-5 hard-hitting, concise bullet points.
- Do not use markdown fencing (e.g. ```json). Just return the raw JSON object.

2026-06-22 09:40:16,531 - INFO - USER PROMPT:
SUBJECT:
None

TOPIC:
Day 6: Stacks & Queues – Monotonic & Deque Patterns

CONTEXT:
Subject / Context: General Computer Science
(No relevant content found in documents — use general knowledge for a college level curriculum)

Generate the study guide JSON.
IMPORTANT: Only use the CONTEXT if it strictly belongs to the SUBJECT (None). If the context is about a different subject (e.g., Operating Systems), IGNORE the context entirely and use your general knowledge.

2026-06-22 09:40:16,531 - INFO - -------------------------------------------------------
2026-06-22 09:40:17,903 - ERROR - [PracticeEngine] LLM 'GPT-4o-mini' failed: Error code: 429 - {'error': {'message': 'Rate limit exceeded. Try again later.', 'type': 'rate_limit_error', 'code': 'rate_limit_exceeded'}}
2026-06-22 09:40:28,044 - ERROR - [PracticeEngine] LLM 'Llama' failed: Connection error.
2026-06-22 09:40:28,044 - ERROR - [PracticeEngine] All LLM providers failed!
2026-06-22 09:40:28,044 - INFO - CACHE MISS: topic='Day 6: Stacks & Queues – Monotonic & Deque Patterns', subject='None'
2026-06-22 09:40:28,548 - INFO - --- LLM PROMPT (Subject: None, Topic: Day 6: Stacks & Queues – Monotonic & Deque Patterns) ---
2026-06-22 09:40:28,548 - INFO - SYSTEM PROMPT:
You are teaching a first-year B.Tech CSE student.
Given the topic and context, generate a highly rigorous and extremely detailed technical study guide using ONLY valid JSON.

Your output must follow this strict JSON format:
{
    "notes": [
        {"type": "heading", "text": "Advanced Concept / Deep Dive"},
        {"type": "paragraph", "text": "In-depth technical explanation, covering edge cases, under-the-hood workings, and performance implications..."},
        {"type": "highlight", "variant": "constructive", "title": "Interview Pro-Tip", "text": "Crucial detail often asked in interviews..."},
        {"type": "code_block", "language": "python", "title": "Complex Implementation", "code": "def complex_algo(): pass"},
        {"type": "note", "text": "Advanced side note or historical context"}
    ],
    "revision": {
        "title": "Interview Cheat Sheet",
        "points": [
            {"id": 1, "text": "Advanced point 1"},
            {"id": 2, "text": "Advanced point 2"}
        ]
    }
}

RULES:
- `notes` array must use types: 'heading', 'paragraph', 'highlight' (variant: 'constructive' or 'destructive'), 'code_block' (include 'language', 'title', 'code'), or 'note'.
- The content MUST be highly rigorous and technically deep. Include complex edge cases, advanced theory, real-world system design implications, and interview-level insights. 
- NEVER generate basic, high-level, or "kidish" overviews. Assume the reader is preparing for a Senior or top-tier placement.
- Generate content ONLY within the context of the provided subject. Do not include concepts from other subjects. For example, if the topic is "Control Flow" and the subject is "Programming Fundamentals", focus on programming logic (if/else, loops) and DO NOT discuss Operating Systems concepts like semaphores or mutexes.
- `revision` should have 3-5 hard-hitting, concise bullet points.
- Do not use markdown fencing (e.g. ```json). Just return the raw JSON object.

2026-06-22 09:40:28,548 - INFO - USER PROMPT:
SUBJECT:
None

TOPIC:
Day 6: Stacks & Queues – Monotonic & Deque Patterns

CONTEXT:
Subject / Context: General Computer Science
(No relevant content found in documents — use general knowledge for a college level curriculum)

Generate the study guide JSON.
IMPORTANT: Only use the CONTEXT if it strictly belongs to the SUBJECT (None). If the context is about a different subject (e.g., Operating Systems), IGNORE the context entirely and use your general knowledge.

2026-06-22 09:40:28,548 - INFO - -------------------------------------------------------
2026-06-22 09:41:22,794 - INFO - CACHE MISS: topic='Day 6: Stacks & Queues – Monotonic & Deque Patterns', subject='None'
2026-06-22 10:07:02,799 - INFO - [PracticeEngine] Returning cached topics hierarchy for student 3
2026-06-22 10:07:02,802 - INFO - CACHE HIT (Fast Return): topic='Variables and Data Types', subject='Programming Fundamentals'
2026-06-22 10:07:02,873 - INFO - [PracticeEngine] Returning cached topics hierarchy for student 3
2026-06-22 10:07:02,876 - INFO - CACHE HIT (Fast Return): topic='Variables and Data Types', subject='Programming Fundamentals'
2026-06-22 10:07:02,939 - INFO - CACHE HIT: topic='Variables and Data Types', subject='Programming Fundamentals'
2026-06-22 10:07:02,989 - INFO - [PracticeEngine] Returning cached topics hierarchy for student 3
2026-06-22 10:07:03,134 - INFO - CACHE HIT: topic='Variables and Data Types', subject='Programming Fundamentals'
2026-06-22 10:07:03,193 - INFO - [PracticeEngine] Returning cached topics hierarchy for student 3
2026-06-22 10:07:20,531 - INFO - [PracticeEngine] Returning cached topics hierarchy for student 3
2026-06-22 10:07:20,534 - INFO - CACHE HIT (Fast Return): topic='Day 1: Complexity Fundamentals & Competitive Coding Setup', subject='None'
2026-06-22 10:07:20,600 - INFO - [PracticeEngine] Returning cached topics hierarchy for student 3
2026-06-22 10:07:20,602 - INFO - CACHE HIT (Fast Return): topic='Day 1: Complexity Fundamentals & Competitive Coding Setup', subject='None'
2026-06-22 10:07:20,749 - INFO - CACHE HIT: topic='Day 1: Complexity Fundamentals & Competitive Coding Setup', subject='None'
2026-06-22 10:07:20,777 - INFO - [PracticeEngine] Returning cached topics hierarchy for student 3
2026-06-22 10:07:20,918 - INFO - CACHE HIT: topic='Day 1: Complexity Fundamentals & Competitive Coding Setup', subject='None'
2026-06-22 10:07:20,967 - INFO - [PracticeEngine] Returning cached topics hierarchy for student 3
2026-06-22 10:08:35,046 - INFO - [PracticeEngine] Returning cached topics hierarchy for student 3
2026-06-22 10:08:35,049 - INFO - CACHE HIT (Fast Return): topic='Variables and Data Types', subject='Programming Fundamentals'
2026-06-22 10:08:35,123 - INFO - CACHE HIT: topic='Variables and Data Types', subject='Programming Fundamentals'
2026-06-22 10:08:35,131 - INFO - [PracticeEngine] Returning cached topics hierarchy for student 3
2026-06-22 10:08:35,133 - INFO - CACHE HIT (Fast Return): topic='Variables and Data Types', subject='Programming Fundamentals'
2026-06-22 10:08:35,187 - INFO - [PracticeEngine] Returning cached topics hierarchy for student 3
2026-06-22 10:08:35,365 - INFO - [PracticeEngine] Returning cached topics hierarchy for student 3
2026-06-22 10:08:35,371 - INFO - CACHE HIT: topic='Variables and Data Types', subject='Programming Fundamentals'
2026-06-22 10:08:41,873 - INFO - [PracticeEngine] Returning cached topics hierarchy for student 3
2026-06-22 10:08:41,958 - INFO - [PracticeEngine] Returning cached topics hierarchy for student 3
2026-06-22 10:08:42,138 - INFO - [PracticeEngine] Returning cached topics hierarchy for student 3
2026-06-22 10:08:42,216 - INFO - [PracticeEngine] Returning cached topics hierarchy for student 3
2026-06-22 10:08:42,361 - INFO - --- LLM PROMPT (Subject: None, Topic: Day 7: Mock Interview & Review) ---
2026-06-22 10:08:42,361 - INFO - SYSTEM PROMPT:
You are teaching a first-year B.Tech CSE student.
Given the topic and context, generate a highly rigorous and extremely detailed technical study guide using ONLY valid JSON.

Your output must follow this strict JSON format:
{
    "notes": [
        {"type": "heading", "text": "Advanced Concept / Deep Dive"},
        {"type": "paragraph", "text": "In-depth technical explanation, covering edge cases, under-the-hood workings, and performance implications..."},
        {"type": "highlight", "variant": "constructive", "title": "Interview Pro-Tip", "text": "Crucial detail often asked in interviews..."},
        {"type": "code_block", "language": "python", "title": "Complex Implementation", "code": "def complex_algo(): pass"},
        {"type": "note", "text": "Advanced side note or historical context"}
    ],
    "revision": {
        "title": "Interview Cheat Sheet",
        "points": [
            {"id": 1, "text": "Advanced point 1"},
            {"id": 2, "text": "Advanced point 2"}
        ]
    }
}

RULES:
- `notes` array must use types: 'heading', 'paragraph', 'highlight' (variant: 'constructive' or 'destructive'), 'code_block' (include 'language', 'title', 'code'), or 'note'.
- The content MUST be highly rigorous and technically deep. Include complex edge cases, advanced theory, real-world system design implications, and interview-level insights. 
- NEVER generate basic, high-level, or "kidish" overviews. Assume the reader is preparing for a Senior or top-tier placement.
- Generate content ONLY within the context of the provided subject. Do not include concepts from other subjects. For example, if the topic is "Control Flow" and the subject is "Programming Fundamentals", focus on programming logic (if/else, loops) and DO NOT discuss Operating Systems concepts like semaphores or mutexes.
- `revision` should have 3-5 hard-hitting, concise bullet points.
- Do not use markdown fencing (e.g. ```json). Just return the raw JSON object.

2026-06-22 10:08:42,361 - INFO - USER PROMPT:
SUBJECT:
None

TOPIC:
Day 7: Mock Interview & Review

CONTEXT:
Subject / Context: General Computer Science
(No relevant content found in documents — use general knowledge for a college level curriculum)

Generate the study guide JSON.
IMPORTANT: Only use the CONTEXT if it strictly belongs to the SUBJECT (None). If the context is about a different subject (e.g., Operating Systems), IGNORE the context entirely and use your general knowledge.

2026-06-22 10:08:42,361 - INFO - -------------------------------------------------------
2026-06-22 10:09:02,209 - INFO - --- LLM PROMPT (Subject: None, Topic: Day 7: Mock Interview & Review) ---
2026-06-22 10:09:02,209 - INFO - SYSTEM PROMPT:
You are teaching a first-year B.Tech CSE student.
Given the topic and context, generate a highly rigorous and extremely detailed technical study guide using ONLY valid JSON.

Your output must follow this strict JSON format:
{
    "notes": [
        {"type": "heading", "text": "Advanced Concept / Deep Dive"},
        {"type": "paragraph", "text": "In-depth technical explanation, covering edge cases, under-the-hood workings, and performance implications..."},
        {"type": "highlight", "variant": "constructive", "title": "Interview Pro-Tip", "text": "Crucial detail often asked in interviews..."},
        {"type": "code_block", "language": "python", "title": "Complex Implementation", "code": "def complex_algo(): pass"},
        {"type": "note", "text": "Advanced side note or historical context"}
    ],
    "revision": {
        "title": "Interview Cheat Sheet",
        "points": [
            {"id": 1, "text": "Advanced point 1"},
            {"id": 2, "text": "Advanced point 2"}
        ]
    }
}

RULES:
- `notes` array must use types: 'heading', 'paragraph', 'highlight' (variant: 'constructive' or 'destructive'), 'code_block' (include 'language', 'title', 'code'), or 'note'.
- The content MUST be highly rigorous and technically deep. Include complex edge cases, advanced theory, real-world system design implications, and interview-level insights. 
- NEVER generate basic, high-level, or "kidish" overviews. Assume the reader is preparing for a Senior or top-tier placement.
- Generate content ONLY within the context of the provided subject. Do not include concepts from other subjects. For example, if the topic is "Control Flow" and the subject is "Programming Fundamentals", focus on programming logic (if/else, loops) and DO NOT discuss Operating Systems concepts like semaphores or mutexes.
- `revision` should have 3-5 hard-hitting, concise bullet points.
- Do not use markdown fencing (e.g. ```json). Just return the raw JSON object.

2026-06-22 10:09:02,209 - INFO - USER PROMPT:
SUBJECT:
None

TOPIC:
Day 7: Mock Interview & Review

CONTEXT:
Subject / Context: General Computer Science
(No relevant content found in documents — use general knowledge for a college level curriculum)

Generate the study guide JSON.
IMPORTANT: Only use the CONTEXT if it strictly belongs to the SUBJECT (None). If the context is about a different subject (e.g., Operating Systems), IGNORE the context entirely and use your general knowledge.

2026-06-22 10:09:02,209 - INFO - -------------------------------------------------------
2026-06-22 10:09:37,800 - INFO - CACHE MISS: topic='Day 7: Mock Interview & Review', subject='None'
2026-06-22 10:09:48,845 - INFO - [PracticeEngine] Returning cached topics hierarchy for student 3
2026-06-22 10:09:48,848 - INFO - CACHE HIT (Fast Return): topic='Day 7: Mock Interview & Review', subject='None'
2026-06-22 10:09:50,267 - INFO - [PracticeEngine] Returning cached topics hierarchy for student 3
2026-06-22 10:09:50,270 - INFO - CACHE HIT (Fast Return): topic='Day 7: Mock Interview & Review', subject='None'
2026-06-22 10:09:50,345 - INFO - [PracticeEngine] Returning cached topics hierarchy for student 3
2026-06-22 10:09:50,347 - INFO - CACHE HIT (Fast Return): topic='Day 7: Mock Interview & Review', subject='None'
2026-06-22 10:09:50,354 - INFO - CACHE HIT: topic='Day 7: Mock Interview & Review', subject='None'
2026-06-22 10:09:50,406 - INFO - [PracticeEngine] Returning cached topics hierarchy for student 3
2026-06-22 10:09:50,409 - INFO - CACHE HIT (Fast Return): topic='Day 7: Mock Interview & Review', subject='None'
2026-06-22 10:09:50,425 - INFO - CACHE HIT: topic='Day 7: Mock Interview & Review', subject='None'
2026-06-22 10:09:50,576 - INFO - [PracticeEngine] Returning cached topics hierarchy for student 3
2026-06-22 10:09:50,578 - INFO - CACHE HIT (Fast Return): topic='Day 7: Mock Interview & Review', subject='None'
2026-06-22 10:09:54,846 - INFO - CACHE MISS: topic='Day 7: Mock Interview & Review', subject='None'
2026-06-22 13:38:40,858 - INFO - [PracticeEngine] Returning cached topics hierarchy for student 3
2026-06-22 13:38:40,934 - INFO - [PracticeEngine] Returning cached topics hierarchy for student 3
2026-06-22 13:38:41,062 - INFO - [PracticeEngine] Returning cached topics hierarchy for student 3
2026-06-22 13:38:41,185 - INFO - [PracticeEngine] Returning cached topics hierarchy for student 3
2026-06-22 13:38:41,696 - INFO - --- LLM PROMPT (Subject: None, Topic: Time & Space Complexity) ---
2026-06-22 13:38:41,696 - INFO - SYSTEM PROMPT:
You are teaching a first-year B.Tech CSE student.
Given the topic and context, generate a highly rigorous and extremely detailed technical study guide using ONLY valid JSON.

Your output must follow this strict JSON format:
{
    "notes": [
        {"type": "heading", "text": "Advanced Concept / Deep Dive"},
        {"type": "paragraph", "text": "In-depth technical explanation, covering edge cases, under-the-hood workings, and performance implications..."},
        {"type": "highlight", "variant": "constructive", "title": "Interview Pro-Tip", "text": "Crucial detail often asked in interviews..."},
        {"type": "code_block", "language": "python", "title": "Complex Implementation", "code": "def complex_algo(): pass"},
        {"type": "note", "text": "Advanced side note or historical context"}
    ],
    "revision": {
        "title": "Interview Cheat Sheet",
        "points": [
            {"id": 1, "text": "Advanced point 1"},
            {"id": 2, "text": "Advanced point 2"}
        ]
    }
}

RULES:
- `notes` array must use types: 'heading', 'paragraph', 'highlight' (variant: 'constructive' or 'destructive'), 'code_block' (include 'language', 'title', 'code'), or 'note'.
- The content MUST be highly rigorous and technically deep. Include complex edge cases, advanced theory, real-world system design implications, and interview-level insights. 
- NEVER generate basic, high-level, or "kidish" overviews. Assume the reader is preparing for a Senior or top-tier placement.
- Generate content ONLY within the context of the provided subject. Do not include concepts from other subjects. For example, if the topic is "Control Flow" and the subject is "Programming Fundamentals", focus on programming logic (if/else, loops) and DO NOT discuss Operating Systems concepts like semaphores or mutexes.
- `revision` should have 3-5 hard-hitting, concise bullet points.
- Do not use markdown fencing (e.g. ```json). Just return the raw JSON object.

2026-06-22 13:38:41,696 - INFO - USER PROMPT:
SUBJECT:
None

TOPIC:
Time & Space Complexity

CONTEXT:
Subject / Context: General Computer Science
(No relevant content found in documents — use general knowledge for a college level curriculum)

Generate the study guide JSON.
IMPORTANT: Only use the CONTEXT if it strictly belongs to the SUBJECT (None). If the context is about a different subject (e.g., Operating Systems), IGNORE the context entirely and use your general knowledge.

2026-06-22 13:38:41,696 - INFO - -------------------------------------------------------
2026-06-22 13:38:45,695 - INFO - [PracticeEngine] Returning cached topics hierarchy for student 3
2026-06-22 13:38:45,701 - INFO - [PracticeEngine] Returning cached topics hierarchy for student 3
2026-06-22 13:39:01,110 - INFO - --- LLM PROMPT (Subject: None, Topic: Time & Space Complexity) ---
2026-06-22 13:39:01,110 - INFO - SYSTEM PROMPT:
You are teaching a first-year B.Tech CSE student.
Given the topic and context, generate a highly rigorous and extremely detailed technical study guide using ONLY valid JSON.

Your output must follow this strict JSON format:
{
    "notes": [
        {"type": "heading", "text": "Advanced Concept / Deep Dive"},
        {"type": "paragraph", "text": "In-depth technical explanation, covering edge cases, under-the-hood workings, and performance implications..."},
        {"type": "highlight", "variant": "constructive", "title": "Interview Pro-Tip", "text": "Crucial detail often asked in interviews..."},
        {"type": "code_block", "language": "python", "title": "Complex Implementation", "code": "def complex_algo(): pass"},
        {"type": "note", "text": "Advanced side note or historical context"}
    ],
    "revision": {
        "title": "Interview Cheat Sheet",
        "points": [
            {"id": 1, "text": "Advanced point 1"},
            {"id": 2, "text": "Advanced point 2"}
        ]
    }
}

RULES:
- `notes` array must use types: 'heading', 'paragraph', 'highlight' (variant: 'constructive' or 'destructive'), 'code_block' (include 'language', 'title', 'code'), or 'note'.
- The content MUST be highly rigorous and technically deep. Include complex edge cases, advanced theory, real-world system design implications, and interview-level insights. 
- NEVER generate basic, high-level, or "kidish" overviews. Assume the reader is preparing for a Senior or top-tier placement.
- Generate content ONLY within the context of the provided subject. Do not include concepts from other subjects. For example, if the topic is "Control Flow" and the subject is "Programming Fundamentals", focus on programming logic (if/else, loops) and DO NOT discuss Operating Systems concepts like semaphores or mutexes.
- `revision` should have 3-5 hard-hitting, concise bullet points.
- Do not use markdown fencing (e.g. ```json). Just return the raw JSON object.

2026-06-22 13:39:01,110 - INFO - USER PROMPT:
SUBJECT:
None

TOPIC:
Time & Space Complexity

CONTEXT:
Subject / Context: General Computer Science
(No relevant content found in documents — use general knowledge for a college level curriculum)

Generate the study guide JSON.
IMPORTANT: Only use the CONTEXT if it strictly belongs to the SUBJECT (None). If the context is about a different subject (e.g., Operating Systems), IGNORE the context entirely and use your general knowledge.

2026-06-22 13:39:01,111 - INFO - -------------------------------------------------------
2026-06-22 13:39:43,740 - INFO - CACHE MISS: topic='Time & Space Complexity', subject='None'
2026-06-22 13:39:57,260 - INFO - CACHE MISS: topic='Time & Space Complexity', subject='None'
2026-06-22 13:44:50,829 - INFO - [PracticeEngine] Returning cached topics hierarchy for student 3
2026-06-22 13:44:50,909 - INFO - [PracticeEngine] Returning cached topics hierarchy for student 3
2026-06-22 13:44:50,932 - INFO - --- LLM PROMPT (Subject: Database Management Systems, Topic: Database System Concepts) ---
2026-06-22 13:44:50,933 - INFO - SYSTEM PROMPT:
You are teaching a first-year B.Tech CSE student.
Given the topic and context, generate a highly rigorous and extremely detailed technical study guide using ONLY valid JSON.

Your output must follow this strict JSON format:
{
    "notes": [
        {"type": "heading", "text": "Advanced Concept / Deep Dive"},
        {"type": "paragraph", "text": "In-depth technical explanation, covering edge cases, under-the-hood workings, and performance implications..."},
        {"type": "highlight", "variant": "constructive", "title": "Interview Pro-Tip", "text": "Crucial detail often asked in interviews..."},
        {"type": "code_block", "language": "python", "title": "Complex Implementation", "code": "def complex_algo(): pass"},
        {"type": "note", "text": "Advanced side note or historical context"}
    ],
    "revision": {
        "title": "Interview Cheat Sheet",
        "points": [
            {"id": 1, "text": "Advanced point 1"},
            {"id": 2, "text": "Advanced point 2"}
        ]
    }
}

RULES:
- `notes` array must use types: 'heading', 'paragraph', 'highlight' (variant: 'constructive' or 'destructive'), 'code_block' (include 'language', 'title', 'code'), or 'note'.
- The content MUST be highly rigorous and technically deep. Include complex edge cases, advanced theory, real-world system design implications, and interview-level insights. 
- NEVER generate basic, high-level, or "kidish" overviews. Assume the reader is preparing for a Senior or top-tier placement.
- Generate content ONLY within the context of the provided subject. Do not include concepts from other subjects. For example, if the topic is "Control Flow" and the subject is "Programming Fundamentals", focus on programming logic (if/else, loops) and DO NOT discuss Operating Systems concepts like semaphores or mutexes.
- `revision` should have 3-5 hard-hitting, concise bullet points.
- Do not use markdown fencing (e.g. ```json). Just return the raw JSON object.

2026-06-22 13:44:50,933 - INFO - USER PROMPT:
SUBJECT:
Database Management Systems

TOPIC:
Database System Concepts

CONTEXT:
Subject / Context: Database Management Systems
(Curriculum topic — use highly rigorous general knowledge for a college level curriculum)

Generate the study guide JSON.
IMPORTANT: Only use the CONTEXT if it strictly belongs to the SUBJECT (Database Management Systems). If the context is about a different subject (e.g., Operating Systems), IGNORE the context entirely and use your general knowledge.

2026-06-22 13:44:50,933 - INFO - -------------------------------------------------------
2026-06-22 13:44:50,954 - INFO - [PracticeEngine] Returning cached topics hierarchy for student 3
2026-06-22 13:44:51,081 - INFO - [PracticeEngine] Returning cached topics hierarchy for student 3
2026-06-22 13:45:08,994 - INFO - [PracticeEngine] Returning cached topics hierarchy for student 3
2026-06-22 13:45:09,048 - INFO - [PracticeEngine] Returning cached topics hierarchy for student 3
2026-06-22 13:45:09,173 - INFO - --- LLM PROMPT (Subject: Database Management Systems, Topic: Database Management Systems) ---
2026-06-22 13:45:09,173 - INFO - SYSTEM PROMPT:
You are teaching a first-year B.Tech CSE student.
Given the topic and context, generate a highly rigorous and extremely detailed technical study guide using ONLY valid JSON.

Your output must follow this strict JSON format:
{
    "notes": [
        {"type": "heading", "text": "Advanced Concept / Deep Dive"},
        {"type": "paragraph", "text": "In-depth technical explanation, covering edge cases, under-the-hood workings, and performance implications..."},
        {"type": "highlight", "variant": "constructive", "title": "Interview Pro-Tip", "text": "Crucial detail often asked in interviews..."},
        {"type": "code_block", "language": "python", "title": "Complex Implementation", "code": "def complex_algo(): pass"},
        {"type": "note", "text": "Advanced side note or historical context"}
    ],
    "revision": {
        "title": "Interview Cheat Sheet",
        "points": [
            {"id": 1, "text": "Advanced point 1"},
            {"id": 2, "text": "Advanced point 2"}
        ]
    }
}

RULES:
- `notes` array must use types: 'heading', 'paragraph', 'highlight' (variant: 'constructive' or 'destructive'), 'code_block' (include 'language', 'title', 'code'), or 'note'.
- The content MUST be highly rigorous and technically deep. Include complex edge cases, advanced theory, real-world system design implications, and interview-level insights. 
- NEVER generate basic, high-level, or "kidish" overviews. Assume the reader is preparing for a Senior or top-tier placement.
- Generate content ONLY within the context of the provided subject. Do not include concepts from other subjects. For example, if the topic is "Control Flow" and the subject is "Programming Fundamentals", focus on programming logic (if/else, loops) and DO NOT discuss Operating Systems concepts like semaphores or mutexes.
- `revision` should have 3-5 hard-hitting, concise bullet points.
- Do not use markdown fencing (e.g. ```json). Just return the raw JSON object.

2026-06-22 13:45:09,173 - INFO - USER PROMPT:
SUBJECT:
Database Management Systems

TOPIC:
Database Management Systems

CONTEXT:
Subject / Context: Database Management Systems
(Curriculum topic — use highly rigorous general knowledge for a college level curriculum)

Generate the study guide JSON.
IMPORTANT: Only use the CONTEXT if it strictly belongs to the SUBJECT (Database Management Systems). If the context is about a different subject (e.g., Operating Systems), IGNORE the context entirely and use your general knowledge.

2026-06-22 13:45:09,173 - INFO - -------------------------------------------------------
2026-06-22 13:45:11,129 - INFO - --- LLM PROMPT (Subject: Database Management Systems, Topic: Database System Concepts) ---
2026-06-22 13:45:11,129 - INFO - SYSTEM PROMPT:
You are teaching a first-year B.Tech CSE student.
Given the topic and context, generate a highly rigorous and extremely detailed technical study guide using ONLY valid JSON.

Your output must follow this strict JSON format:
{
    "notes": [
        {"type": "heading", "text": "Advanced Concept / Deep Dive"},
        {"type": "paragraph", "text": "In-depth technical explanation, covering edge cases, under-the-hood workings, and performance implications..."},
        {"type": "highlight", "variant": "constructive", "title": "Interview Pro-Tip", "text": "Crucial detail often asked in interviews..."},
        {"type": "code_block", "language": "python", "title": "Complex Implementation", "code": "def complex_algo(): pass"},
        {"type": "note", "text": "Advanced side note or historical context"}
    ],
    "revision": {
        "title": "Interview Cheat Sheet",
        "points": [
            {"id": 1, "text": "Advanced point 1"},
            {"id": 2, "text": "Advanced point 2"}
        ]
    }
}

RULES:
- `notes` array must use types: 'heading', 'paragraph', 'highlight' (variant: 'constructive' or 'destructive'), 'code_block' (include 'language', 'title', 'code'), or 'note'.
- The content MUST be highly rigorous and technically deep. Include complex edge cases, advanced theory, real-world system design implications, and interview-level insights. 
- NEVER generate basic, high-level, or "kidish" overviews. Assume the reader is preparing for a Senior or top-tier placement.
- Generate content ONLY within the context of the provided subject. Do not include concepts from other subjects. For example, if the topic is "Control Flow" and the subject is "Programming Fundamentals", focus on programming logic (if/else, loops) and DO NOT discuss Operating Systems concepts like semaphores or mutexes.
- `revision` should have 3-5 hard-hitting, concise bullet points.
- Do not use markdown fencing (e.g. ```json). Just return the raw JSON object.

2026-06-22 13:45:11,129 - INFO - USER PROMPT:
SUBJECT:
Database Management Systems

TOPIC:
Database System Concepts

CONTEXT:
Subject / Context: Database Management Systems
(Curriculum topic — use highly rigorous general knowledge for a college level curriculum)

Generate the study guide JSON.
IMPORTANT: Only use the CONTEXT if it strictly belongs to the SUBJECT (Database Management Systems). If the context is about a different subject (e.g., Operating Systems), IGNORE the context entirely and use your general knowledge.

2026-06-22 13:45:11,129 - INFO - -------------------------------------------------------
2026-06-22 13:46:23,552 - INFO - CACHE MISS: topic='Database System Concepts', subject='Database Management Systems'
2026-06-22 13:46:30,103 - INFO - CACHE MISS: topic='Database System Concepts', subject='Database Management Systems'
2026-06-22 13:46:33,426 - INFO - CACHE MISS: topic='Database Management Systems', subject='Database Management Systems'
2026-06-23 11:51:02,537 - ERROR - [PracticeEngine] Failed to save topics cache to disk: [Errno 13] Permission denied: '/home/galaxy/Desktop/Student_System/Backend/services/topics_cache.json'
2026-06-23 11:51:02,837 - INFO - --- LLM PROMPT (Subject: Database Management Systems, Topic: Database System Concepts) ---
2026-06-23 11:51:02,837 - INFO - SYSTEM PROMPT:
You are teaching a first-year B.Tech CSE student.
Given the topic and context, generate a highly rigorous and extremely detailed technical study guide using ONLY valid JSON.

Your output must follow this strict JSON format:
{
    "notes": [
        {"type": "heading", "text": "Advanced Concept / Deep Dive"},
        {"type": "paragraph", "text": "In-depth technical explanation, covering edge cases, under-the-hood workings, and performance implications..."},
        {"type": "highlight", "variant": "constructive", "title": "Interview Pro-Tip", "text": "Crucial detail often asked in interviews..."},
        {"type": "code_block", "language": "python", "title": "Complex Implementation", "code": "def complex_algo(): pass"},
        {"type": "note", "text": "Advanced side note or historical context"}
    ],
    "revision": {
        "title": "Interview Cheat Sheet",
        "points": [
            {"id": 1, "text": "Advanced point 1"},
            {"id": 2, "text": "Advanced point 2"}
        ]
    }
}

RULES:
- `notes` array must use types: 'heading', 'paragraph', 'highlight' (variant: 'constructive' or 'destructive'), 'code_block' (include 'language', 'title', 'code'), or 'note'.
- The content MUST be highly rigorous and technically deep. Include complex edge cases, advanced theory, real-world system design implications, and interview-level insights. 
- NEVER generate basic, high-level, or "kidish" overviews. Assume the reader is preparing for a Senior or top-tier placement.
- Generate content ONLY within the context of the provided subject. Do not include concepts from other subjects. For example, if the topic is "Control Flow" and the subject is "Programming Fundamentals", focus on programming logic (if/else, loops) and DO NOT discuss Operating Systems concepts like semaphores or mutexes.
- `revision` should have 3-5 hard-hitting, concise bullet points.
- Do not use markdown fencing (e.g. ```json). Just return the raw JSON object.

2026-06-23 11:51:02,837 - INFO - USER PROMPT:
SUBJECT:
Database Management Systems

TOPIC:
Database System Concepts

CONTEXT:
Subject / Context: Database Management Systems
(Curriculum topic — use highly rigorous general knowledge for a college level curriculum)

Generate the study guide JSON.
IMPORTANT: Only use the CONTEXT if it strictly belongs to the SUBJECT (Database Management Systems). If the context is about a different subject (e.g., Operating Systems), IGNORE the context entirely and use your general knowledge.

2026-06-23 11:51:02,837 - INFO - -------------------------------------------------------
2026-06-23 11:51:02,986 - INFO - [PracticeEngine] Returning cached topics hierarchy for student 3
2026-06-23 11:51:03,183 - INFO - [PracticeEngine] Returning cached topics hierarchy for student 3
2026-06-23 11:51:14,451 - ERROR - [PracticeEngine] Failed to save topics cache to disk: [Errno 13] Permission denied: '/home/galaxy/Desktop/Student_System/Backend/services/topics_cache.json'
2026-06-23 11:51:17,866 - INFO - [PracticeEngine] Returning cached topics hierarchy for student 3
2026-06-23 11:51:17,873 - INFO - [PracticeEngine] Returning cached topics hierarchy for student 3
2026-06-23 11:51:18,155 - INFO - --- LLM PROMPT (Subject: Database Management Systems, Topic: Database Management Systems) ---
2026-06-23 11:51:18,155 - INFO - SYSTEM PROMPT:
You are teaching a first-year B.Tech CSE student.
Given the topic and context, generate a highly rigorous and extremely detailed technical study guide using ONLY valid JSON.

Your output must follow this strict JSON format:
{
    "notes": [
        {"type": "heading", "text": "Advanced Concept / Deep Dive"},
        {"type": "paragraph", "text": "In-depth technical explanation, covering edge cases, under-the-hood workings, and performance implications..."},
        {"type": "highlight", "variant": "constructive", "title": "Interview Pro-Tip", "text": "Crucial detail often asked in interviews..."},
        {"type": "code_block", "language": "python", "title": "Complex Implementation", "code": "def complex_algo(): pass"},
        {"type": "note", "text": "Advanced side note or historical context"}
    ],
    "revision": {
        "title": "Interview Cheat Sheet",
        "points": [
            {"id": 1, "text": "Advanced point 1"},
            {"id": 2, "text": "Advanced point 2"}
        ]
    }
}

RULES:
- `notes` array must use types: 'heading', 'paragraph', 'highlight' (variant: 'constructive' or 'destructive'), 'code_block' (include 'language', 'title', 'code'), or 'note'.
- The content MUST be highly rigorous and technically deep. Include complex edge cases, advanced theory, real-world system design implications, and interview-level insights. 
- NEVER generate basic, high-level, or "kidish" overviews. Assume the reader is preparing for a Senior or top-tier placement.
- Generate content ONLY within the context of the provided subject. Do not include concepts from other subjects. For example, if the topic is "Control Flow" and the subject is "Programming Fundamentals", focus on programming logic (if/else, loops) and DO NOT discuss Operating Systems concepts like semaphores or mutexes.
- `revision` should have 3-5 hard-hitting, concise bullet points.
- Do not use markdown fencing (e.g. ```json). Just return the raw JSON object.

2026-06-23 11:51:18,156 - INFO - USER PROMPT:
SUBJECT:
Database Management Systems

TOPIC:
Database Management Systems

CONTEXT:
Subject / Context: Database Management Systems
(Curriculum topic — use highly rigorous general knowledge for a college level curriculum)

Generate the study guide JSON.
IMPORTANT: Only use the CONTEXT if it strictly belongs to the SUBJECT (Database Management Systems). If the context is about a different subject (e.g., Operating Systems), IGNORE the context entirely and use your general knowledge.

2026-06-23 11:51:18,156 - INFO - -------------------------------------------------------
2026-06-23 11:51:34,729 - INFO - --- LLM PROMPT (Subject: Database Management Systems, Topic: Database System Concepts) ---
2026-06-23 11:51:34,730 - INFO - SYSTEM PROMPT:
You are teaching a first-year B.Tech CSE student.
Given the topic and context, generate a highly rigorous and extremely detailed technical study guide using ONLY valid JSON.

Your output must follow this strict JSON format:
{
    "notes": [
        {"type": "heading", "text": "Advanced Concept / Deep Dive"},
        {"type": "paragraph", "text": "In-depth technical explanation, covering edge cases, under-the-hood workings, and performance implications..."},
        {"type": "highlight", "variant": "constructive", "title": "Interview Pro-Tip", "text": "Crucial detail often asked in interviews..."},
        {"type": "code_block", "language": "python", "title": "Complex Implementation", "code": "def complex_algo(): pass"},
        {"type": "note", "text": "Advanced side note or historical context"}
    ],
    "revision": {
        "title": "Interview Cheat Sheet",
        "points": [
            {"id": 1, "text": "Advanced point 1"},
            {"id": 2, "text": "Advanced point 2"}
        ]
    }
}

RULES:
- `notes` array must use types: 'heading', 'paragraph', 'highlight' (variant: 'constructive' or 'destructive'), 'code_block' (include 'language', 'title', 'code'), or 'note'.
- The content MUST be highly rigorous and technically deep. Include complex edge cases, advanced theory, real-world system design implications, and interview-level insights. 
- NEVER generate basic, high-level, or "kidish" overviews. Assume the reader is preparing for a Senior or top-tier placement.
- Generate content ONLY within the context of the provided subject. Do not include concepts from other subjects. For example, if the topic is "Control Flow" and the subject is "Programming Fundamentals", focus on programming logic (if/else, loops) and DO NOT discuss Operating Systems concepts like semaphores or mutexes.
- `revision` should have 3-5 hard-hitting, concise bullet points.
- Do not use markdown fencing (e.g. ```json). Just return the raw JSON object.

2026-06-23 11:51:34,730 - INFO - USER PROMPT:
SUBJECT:
Database Management Systems

TOPIC:
Database System Concepts

CONTEXT:
Subject / Context: Database Management Systems
(Curriculum topic — use highly rigorous general knowledge for a college level curriculum)

Generate the study guide JSON.
IMPORTANT: Only use the CONTEXT if it strictly belongs to the SUBJECT (Database Management Systems). If the context is about a different subject (e.g., Operating Systems), IGNORE the context entirely and use your general knowledge.

2026-06-23 11:51:34,730 - INFO - -------------------------------------------------------
2026-06-23 11:51:45,747 - INFO - [PracticeEngine] Returning cached topics hierarchy for student 3
2026-06-23 11:51:45,752 - INFO - CACHE HIT (Fast Return): topic='Binary Trees', subject='None'
2026-06-23 11:51:46,003 - INFO - [PracticeEngine] Returning cached topics hierarchy for student 3
2026-06-23 11:51:46,006 - INFO - CACHE HIT (Fast Return): topic='Binary Trees', subject='None'
2026-06-23 11:51:46,015 - INFO - CACHE HIT: topic='Binary Trees', subject='None'
2026-06-23 11:51:46,195 - INFO - [PracticeEngine] Returning cached topics hierarchy for student 3
2026-06-23 11:51:46,197 - INFO - CACHE HIT (Fast Return): topic='Binary Trees', subject='None'
2026-06-23 11:51:46,208 - INFO - CACHE HIT: topic='Binary Trees', subject='None'
2026-06-23 11:51:46,333 - INFO - [PracticeEngine] Returning cached topics hierarchy for student 3
2026-06-23 11:51:46,336 - INFO - CACHE HIT (Fast Return): topic='Binary Trees', subject='None'
2026-06-23 11:51:56,575 - INFO - [PracticeEngine] Returning cached topics hierarchy for student 3
2026-06-23 11:51:56,714 - INFO - [PracticeEngine] Returning cached topics hierarchy for student 3
2026-06-23 11:51:56,774 - INFO - [PracticeEngine] Returning cached topics hierarchy for student 3
2026-06-23 11:51:56,985 - INFO - [PracticeEngine] Returning cached topics hierarchy for student 3
2026-06-23 11:52:16,890 - INFO - --- LLM PROMPT (Subject: Database Management Systems, Topic: Database System Concepts) ---
2026-06-23 11:52:16,891 - INFO - SYSTEM PROMPT:
You are teaching a first-year B.Tech CSE student.
Given the topic and context, generate a highly rigorous and extremely detailed technical study guide using ONLY valid JSON.

Your output must follow this strict JSON format:
{
    "notes": [
        {"type": "heading", "text": "Advanced Concept / Deep Dive"},
        {"type": "paragraph", "text": "In-depth technical explanation, covering edge cases, under-the-hood workings, and performance implications..."},
        {"type": "highlight", "variant": "constructive", "title": "Interview Pro-Tip", "text": "Crucial detail often asked in interviews..."},
        {"type": "code_block", "language": "python", "title": "Complex Implementation", "code": "def complex_algo(): pass"},
        {"type": "note", "text": "Advanced side note or historical context"}
    ],
    "revision": {
        "title": "Interview Cheat Sheet",
        "points": [
            {"id": 1, "text": "Advanced point 1"},
            {"id": 2, "text": "Advanced point 2"}
        ]
    }
}

RULES:
- `notes` array must use types: 'heading', 'paragraph', 'highlight' (variant: 'constructive' or 'destructive'), 'code_block' (include 'language', 'title', 'code'), or 'note'.
- The content MUST be highly rigorous and technically deep. Include complex edge cases, advanced theory, real-world system design implications, and interview-level insights. 
- NEVER generate basic, high-level, or "kidish" overviews. Assume the reader is preparing for a Senior or top-tier placement.
- Generate content ONLY within the context of the provided subject. Do not include concepts from other subjects. For example, if the topic is "Control Flow" and the subject is "Programming Fundamentals", focus on programming logic (if/else, loops) and DO NOT discuss Operating Systems concepts like semaphores or mutexes.
- `revision` should have 3-5 hard-hitting, concise bullet points.
- Do not use markdown fencing (e.g. ```json). Just return the raw JSON object.

2026-06-23 11:52:16,891 - INFO - USER PROMPT:
SUBJECT:
Database Management Systems

TOPIC:
Database System Concepts

CONTEXT:
Subject / Context: Database Management Systems
(Curriculum topic — use highly rigorous general knowledge for a college level curriculum)

Generate the study guide JSON.
IMPORTANT: Only use the CONTEXT if it strictly belongs to the SUBJECT (Database Management Systems). If the context is about a different subject (e.g., Operating Systems), IGNORE the context entirely and use your general knowledge.

2026-06-23 11:52:16,891 - INFO - -------------------------------------------------------
2026-06-23 11:52:17,109 - INFO - --- LLM PROMPT (Subject: Database Management Systems, Topic: Database System Concepts) ---
2026-06-23 11:52:17,109 - INFO - SYSTEM PROMPT:
You are teaching a first-year B.Tech CSE student.
Given the topic and context, generate a highly rigorous and extremely detailed technical study guide using ONLY valid JSON.

Your output must follow this strict JSON format:
{
    "notes": [
        {"type": "heading", "text": "Advanced Concept / Deep Dive"},
        {"type": "paragraph", "text": "In-depth technical explanation, covering edge cases, under-the-hood workings, and performance implications..."},
        {"type": "highlight", "variant": "constructive", "title": "Interview Pro-Tip", "text": "Crucial detail often asked in interviews..."},
        {"type": "code_block", "language": "python", "title": "Complex Implementation", "code": "def complex_algo(): pass"},
        {"type": "note", "text": "Advanced side note or historical context"}
    ],
    "revision": {
        "title": "Interview Cheat Sheet",
        "points": [
            {"id": 1, "text": "Advanced point 1"},
            {"id": 2, "text": "Advanced point 2"}
        ]
    }
}

RULES:
- `notes` array must use types: 'heading', 'paragraph', 'highlight' (variant: 'constructive' or 'destructive'), 'code_block' (include 'language', 'title', 'code'), or 'note'.
- The content MUST be highly rigorous and technically deep. Include complex edge cases, advanced theory, real-world system design implications, and interview-level insights. 
- NEVER generate basic, high-level, or "kidish" overviews. Assume the reader is preparing for a Senior or top-tier placement.
- Generate content ONLY within the context of the provided subject. Do not include concepts from other subjects. For example, if the topic is "Control Flow" and the subject is "Programming Fundamentals", focus on programming logic (if/else, loops) and DO NOT discuss Operating Systems concepts like semaphores or mutexes.
- `revision` should have 3-5 hard-hitting, concise bullet points.
- Do not use markdown fencing (e.g. ```json). Just return the raw JSON object.

2026-06-23 11:52:17,109 - INFO - USER PROMPT:
SUBJECT:
Database Management Systems

TOPIC:
Database System Concepts

CONTEXT:
Subject / Context: Database Management Systems
(Curriculum topic — use highly rigorous general knowledge for a college level curriculum)

Generate the study guide JSON.
IMPORTANT: Only use the CONTEXT if it strictly belongs to the SUBJECT (Database Management Systems). If the context is about a different subject (e.g., Operating Systems), IGNORE the context entirely and use your general knowledge.

2026-06-23 11:52:17,110 - INFO - -------------------------------------------------------
2026-06-23 11:52:35,523 - INFO - CACHE MISS: topic='Database System Concepts', subject='Database Management Systems'
2026-06-23 11:52:59,259 - INFO - CACHE MISS: topic='Database Management Systems', subject='Database Management Systems'
2026-06-23 11:53:03,085 - INFO - [PracticeEngine] Returning cached topics hierarchy for student 3
2026-06-23 11:53:03,192 - INFO - [PracticeEngine] Returning cached topics hierarchy for student 3
2026-06-23 11:53:03,194 - INFO - CACHE HIT (Fast Return): topic='Database Management Systems', subject='Database Management Systems'
2026-06-23 11:53:03,471 - INFO - CACHE HIT: topic='Database Management Systems', subject='Database Management Systems'
2026-06-23 11:53:31,217 - INFO - CACHE MISS: topic='Database System Concepts', subject='Database Management Systems'
2026-06-23 11:53:58,274 - INFO - CACHE MISS: topic='Database System Concepts', subject='Database Management Systems'
2026-06-23 11:54:13,821 - INFO - CACHE MISS: topic='Database System Concepts', subject='Database Management Systems'
2026-06-23 11:54:17,847 - INFO - [PracticeEngine] Returning cached topics hierarchy for student 3
2026-06-23 11:54:17,970 - INFO - [PracticeEngine] Returning cached topics hierarchy for student 3
2026-06-23 11:54:17,973 - INFO - CACHE HIT (Fast Return): topic='Database System Concepts', subject='Database Management Systems'
2026-06-23 11:54:18,240 - INFO - CACHE HIT: topic='Database System Concepts', subject='Database Management Systems'
2026-06-23 12:02:08,032 - ERROR - [PracticeEngine] Failed to save topics cache to disk: [Errno 13] Permission denied: '/home/galaxy/Desktop/Student_System/Backend/services/topics_cache.json'
2026-06-23 12:02:08,038 - INFO - CACHE HIT (Fast Return): topic='Database System Concepts', subject='Database Management Systems'
2026-06-23 12:02:08,308 - INFO - CACHE HIT: topic='Database System Concepts', subject='Database Management Systems'
2026-06-23 12:02:08,450 - INFO - [PracticeEngine] Returning cached topics hierarchy for student 3
2026-06-23 12:02:08,587 - INFO - [PracticeEngine] Returning cached topics hierarchy for student 3
2026-06-23 12:02:36,351 - ERROR - [PracticeEngine] Failed to save topics cache to disk: [Errno 13] Permission denied: '/home/galaxy/Desktop/Student_System/Backend/services/topics_cache.json'
2026-06-23 12:02:36,355 - INFO - CACHE HIT (Fast Return): topic='Database System Concepts', subject='Database Management Systems'
2026-06-23 12:02:36,608 - INFO - CACHE HIT: topic='Database System Concepts', subject='Database Management Systems'
2026-06-23 12:02:54,774 - INFO - [PracticeEngine] Returning cached topics hierarchy for student 3
2026-06-23 12:02:54,778 - INFO - [PracticeEngine] Returning cached topics hierarchy for student 3
2026-06-23 12:04:22,708 - INFO - [Practice] Starting session: mode=topic, topic=Database System Concepts, difficulty=easy
2026-06-23 12:04:51,030 - INFO - PERFORMANCE UPDATED | Topic: Database System Concepts | Accuracy: 100.0% | Attempts: 1 | Mastery Level: weak
2026-06-23 12:05:03,477 - INFO - PERFORMANCE UPDATED | Topic: Database System Concepts | Accuracy: 100.0% | Attempts: 2 | Mastery Level: strong
2026-06-23 12:05:17,754 - INFO - [PracticeEngine] Returning cached topics hierarchy for student 3
2026-06-23 12:05:17,757 - INFO - CACHE HIT (Fast Return): topic='Database System Concepts', subject='Database Management Systems'
2026-06-23 12:05:17,893 - INFO - [PracticeEngine] Returning cached topics hierarchy for student 3
2026-06-23 12:05:17,896 - INFO - CACHE HIT (Fast Return): topic='Database System Concepts', subject='Database Management Systems'
2026-06-23 12:05:18,006 - INFO - CACHE HIT: topic='Database System Concepts', subject='Database Management Systems'
2026-06-23 12:05:18,067 - INFO - [PracticeEngine] Returning cached topics hierarchy for student 3
2026-06-23 12:05:18,212 - INFO - CACHE HIT: topic='Database System Concepts', subject='Database Management Systems'
2026-06-23 12:05:18,217 - INFO - [PracticeEngine] Returning cached topics hierarchy for student 3
2026-06-23 12:09:23,159 - ERROR - [PracticeEngine] Failed to save topics cache to disk: [Errno 13] Permission denied: '/home/galaxy/Desktop/Student_System/Backend/services/topics_cache.json'
2026-06-23 12:09:23,165 - INFO - CACHE HIT (Fast Return): topic='Database System Concepts', subject='Database Management Systems'
2026-06-23 12:09:23,422 - INFO - CACHE HIT: topic='Database System Concepts', subject='Database Management Systems'
2026-06-23 12:09:23,558 - INFO - [PracticeEngine] Returning cached topics hierarchy for student 3
2026-06-23 12:09:23,702 - INFO - [PracticeEngine] Returning cached topics hierarchy for student 3
2026-06-23 12:09:34,528 - INFO - [PracticeEngine] Returning cached topics hierarchy for student 3
2026-06-23 12:09:34,663 - INFO - [PracticeEngine] Returning cached topics hierarchy for student 3
2026-06-23 12:09:34,665 - INFO - CACHE HIT (Fast Return): topic='Database Management Systems', subject='Database Management Systems'
2026-06-23 12:09:34,927 - INFO - CACHE HIT: topic='Database Management Systems', subject='Database Management Systems'
2026-06-23 12:09:35,483 - ERROR - [PracticeEngine] Failed to save topics cache to disk: [Errno 13] Permission denied: '/home/galaxy/Desktop/Student_System/Backend/services/topics_cache.json'
2026-06-23 12:09:35,487 - INFO - CACHE HIT (Fast Return): topic='Database System Concepts', subject='Database Management Systems'
2026-06-23 12:09:35,737 - INFO - CACHE HIT: topic='Database System Concepts', subject='Database Management Systems'
2026-06-23 12:09:41,962 - INFO - [PracticeEngine] Returning cached topics hierarchy for student 3
2026-06-23 12:09:42,078 - INFO - [PracticeEngine] Returning cached topics hierarchy for student 3
2026-06-23 12:09:42,080 - INFO - CACHE HIT (Fast Return): topic='Database System Concepts', subject='Database Management Systems'
2026-06-23 12:09:42,351 - INFO - CACHE HIT: topic='Database System Concepts', subject='Database Management Systems'
2026-06-23 12:09:45,058 - INFO - [PracticeEngine] Returning cached topics hierarchy for student 3
2026-06-23 12:09:45,068 - INFO - [PracticeEngine] Returning cached topics hierarchy for student 3
2026-06-23 12:09:45,306 - INFO - --- LLM PROMPT (Subject: Database Management Systems, Topic: Relational Data Model) ---
2026-06-23 12:09:45,306 - INFO - SYSTEM PROMPT:
You are teaching a first-year B.Tech CSE student.
Given the topic and context, generate a highly rigorous and extremely detailed technical study guide using ONLY valid JSON.

Your output must follow this strict JSON format:
{
    "notes": [
        {"type": "heading", "text": "Advanced Concept / Deep Dive"},
        {"type": "paragraph", "text": "In-depth technical explanation, covering edge cases, under-the-hood workings, and performance implications..."},
        {"type": "highlight", "variant": "constructive", "title": "Interview Pro-Tip", "text": "Crucial detail often asked in interviews..."},
        {"type": "code_block", "language": "python", "title": "Complex Implementation", "code": "def complex_algo(): pass"},
        {"type": "note", "text": "Advanced side note or historical context"}
    ],
    "revision": {
        "title": "Interview Cheat Sheet",
        "points": [
            {"id": 1, "text": "Advanced point 1"},
            {"id": 2, "text": "Advanced point 2"}
        ]
    }
}

RULES:
- `notes` array must use types: 'heading', 'paragraph', 'highlight' (variant: 'constructive' or 'destructive'), 'code_block' (include 'language', 'title', 'code'), or 'note'.
- The content MUST be highly rigorous and technically deep. Include complex edge cases, advanced theory, real-world system design implications, and interview-level insights. 
- NEVER generate basic, high-level, or "kidish" overviews. Assume the reader is preparing for a Senior or top-tier placement.
- Generate content ONLY within the context of the provided subject. Do not include concepts from other subjects. For example, if the topic is "Control Flow" and the subject is "Programming Fundamentals", focus on programming logic (if/else, loops) and DO NOT discuss Operating Systems concepts like semaphores or mutexes.
- `revision` should have 3-5 hard-hitting, concise bullet points.
- Do not use markdown fencing (e.g. ```json). Just return the raw JSON object.

2026-06-23 12:09:45,306 - INFO - USER PROMPT:
SUBJECT:
Database Management Systems

TOPIC:
Relational Data Model

CONTEXT:
Subject / Context: Database Management Systems
(Curriculum topic — use highly rigorous general knowledge for a college level curriculum)

Generate the study guide JSON.
IMPORTANT: Only use the CONTEXT if it strictly belongs to the SUBJECT (Database Management Systems). If the context is about a different subject (e.g., Operating Systems), IGNORE the context entirely and use your general knowledge.

2026-06-23 12:09:45,306 - INFO - -------------------------------------------------------
2026-06-23 12:10:06,283 - INFO - [PracticeEngine] Returning cached topics hierarchy for student 3
2026-06-23 12:10:06,300 - INFO - [PracticeEngine] Returning cached topics hierarchy for student 3
2026-06-23 12:10:28,420 - INFO - CACHE MISS: topic='Relational Data Model', subject='Database Management Systems'
2026-06-23 12:13:02,571 - INFO - [PracticeEngine] Returning cached topics hierarchy for student 3
2026-06-23 12:13:02,574 - INFO - [PracticeEngine] Returning cached topics hierarchy for student 3
2026-06-23 12:16:24,148 - ERROR - [PracticeEngine] Failed to save topics cache to disk: [Errno 13] Permission denied: '/home/galaxy/Desktop/Student_System/Backend/services/topics_cache.json'
2026-06-23 12:16:24,153 - INFO - [PracticeEngine] Returning cached topics hierarchy for student 3
2026-06-23 12:20:42,736 - INFO - [PracticeEngine] Returning cached topics hierarchy for student 3
2026-06-23 12:20:42,740 - INFO - CACHE HIT (Fast Return): topic='Database System Concepts', subject='Database Management Systems'
2026-06-23 12:20:42,891 - INFO - [PracticeEngine] Returning cached topics hierarchy for student 3
2026-06-23 12:20:42,893 - INFO - CACHE HIT (Fast Return): topic='Database System Concepts', subject='Database Management Systems'
2026-06-23 12:20:43,013 - INFO - CACHE HIT: topic='Database System Concepts', subject='Database Management Systems'
2026-06-23 12:20:43,038 - INFO - [PracticeEngine] Returning cached topics hierarchy for student 3
2026-06-23 12:20:43,266 - INFO - CACHE HIT: topic='Database System Concepts', subject='Database Management Systems'
2026-06-23 12:20:43,268 - INFO - [PracticeEngine] Returning cached topics hierarchy for student 3
2026-06-23 12:20:52,672 - INFO - [PracticeEngine] Returning cached topics hierarchy for student 3
2026-06-23 12:20:52,799 - INFO - [PracticeEngine] Returning cached topics hierarchy for student 3
2026-06-23 12:20:52,802 - INFO - CACHE HIT (Fast Return): topic='Database Management Systems', subject='Database Management Systems'
2026-06-23 12:20:53,074 - INFO - CACHE HIT: topic='Database Management Systems', subject='Database Management Systems'
2026-06-23 12:21:01,033 - INFO - [PracticeEngine] Returning cached topics hierarchy for student 3
2026-06-23 12:21:01,036 - INFO - [PracticeEngine] Returning cached topics hierarchy for student 3
2026-06-23 12:21:31,798 - INFO - [Practice] Starting session: mode=topic, topic=Database Management Systems, difficulty=easy
2026-06-23 12:22:03,850 - INFO - PERFORMANCE UPDATED | Topic: Database Management Systems | Accuracy: 100.0% | Attempts: 1 | Mastery Level: weak
2026-06-23 12:22:15,015 - INFO - PERFORMANCE UPDATED | Topic: Database Management Systems | Accuracy: 100.0% | Attempts: 2 | Mastery Level: strong
2026-06-23 12:22:48,322 - INFO - [PracticeEngine] Returning cached topics hierarchy for student 3
2026-06-23 12:22:48,324 - INFO - CACHE HIT (Fast Return): topic='Database System Concepts', subject='Database Management Systems'
2026-06-23 12:22:48,459 - INFO - [PracticeEngine] Returning cached topics hierarchy for student 3
2026-06-23 12:22:48,461 - INFO - CACHE HIT (Fast Return): topic='Database System Concepts', subject='Database Management Systems'
2026-06-23 12:22:48,465 - INFO - CACHE HIT: topic='Database System Concepts', subject='Database Management Systems'
2026-06-23 12:22:48,558 - INFO - [PracticeEngine] Returning cached topics hierarchy for student 3
2026-06-23 12:22:48,690 - INFO - [PracticeEngine] Returning cached topics hierarchy for student 3
2026-06-23 12:22:48,726 - INFO - CACHE HIT: topic='Database System Concepts', subject='Database Management Systems'
2026-06-23 12:22:50,671 - INFO - [PracticeEngine] Returning cached topics hierarchy for student 3
2026-06-23 12:22:50,675 - INFO - [PracticeEngine] Returning cached topics hierarchy for student 3
2026-06-23 12:22:50,680 - INFO - CACHE HIT (Fast Return): topic='Relational Data Model', subject='Database Management Systems'
2026-06-23 12:22:50,937 - INFO - CACHE HIT: topic='Relational Data Model', subject='Database Management Systems'
2026-06-23 12:22:54,680 - INFO - [PracticeEngine] Returning cached topics hierarchy for student 3
2026-06-23 12:22:54,683 - INFO - [PracticeEngine] Returning cached topics hierarchy for student 3
2026-06-23 12:23:00,266 - INFO - [Practice] Starting session: mode=topic, topic=Relational Data Model, difficulty=easy
2026-06-23 12:23:25,560 - INFO - PERFORMANCE UPDATED | Topic: Relational Data Model | Accuracy: 0.0% | Attempts: 1 | Mastery Level: weak
2026-06-23 12:23:36,038 - INFO - PERFORMANCE UPDATED | Topic: Relational Data Model | Accuracy: 50.0% | Attempts: 2 | Mastery Level: medium
2026-06-23 12:24:27,376 - INFO - [PracticeEngine] Returning cached topics hierarchy for student 3
2026-06-23 12:24:27,378 - INFO - CACHE HIT (Fast Return): topic='Database System Concepts', subject='Database Management Systems'
2026-06-23 12:24:27,535 - INFO - [PracticeEngine] Returning cached topics hierarchy for student 3
2026-06-23 12:24:27,538 - INFO - CACHE HIT (Fast Return): topic='Database System Concepts', subject='Database Management Systems'
2026-06-23 12:24:27,643 - INFO - CACHE HIT: topic='Database System Concepts', subject='Database Management Systems'
2026-06-23 12:24:27,680 - INFO - [PracticeEngine] Returning cached topics hierarchy for student 3
2026-06-23 12:24:27,783 - INFO - CACHE HIT: topic='Database System Concepts', subject='Database Management Systems'
2026-06-23 12:24:27,880 - INFO - [PracticeEngine] Returning cached topics hierarchy for student 3
2026-06-23 12:24:31,242 - INFO - [PracticeEngine] Returning cached topics hierarchy for student 3
2026-06-23 12:24:31,246 - INFO - [PracticeEngine] Returning cached topics hierarchy for student 3
2026-06-23 12:24:31,250 - INFO - CACHE HIT (Fast Return): topic='Relational Data Model', subject='Database Management Systems'
2026-06-23 12:24:31,504 - INFO - CACHE HIT: topic='Relational Data Model', subject='Database Management Systems'
2026-06-23 12:27:27,308 - INFO - [PracticeEngine] Returning cached topics hierarchy for student 3
2026-06-23 12:27:27,312 - INFO - [PracticeEngine] Returning cached topics hierarchy for student 3
2026-06-23 12:30:59,530 - ERROR - [PracticeEngine] Failed to save topics cache to disk: [Errno 13] Permission denied: '/home/galaxy/Desktop/Student_System/Backend/services/topics_cache.json'
2026-06-23 12:30:59,544 - INFO - [PracticeEngine] Returning cached topics hierarchy for student 3
2026-06-23 12:33:59,676 - ERROR - [PracticeEngine] Failed to save topics cache to disk: [Errno 13] Permission denied: '/home/galaxy/Desktop/Student_System/Backend/services/topics_cache.json'
2026-06-23 12:33:59,681 - INFO - CACHE HIT (Fast Return): topic='Database System Concepts', subject='Database Management Systems'
2026-06-23 12:33:59,801 - INFO - [PracticeEngine] Returning cached topics hierarchy for student 3
2026-06-23 12:33:59,805 - INFO - CACHE HIT (Fast Return): topic='Database System Concepts', subject='Database Management Systems'
2026-06-23 12:33:59,813 - INFO - CACHE HIT: topic='Database System Concepts', subject='Database Management Systems'
2026-06-23 12:33:59,883 - INFO - [PracticeEngine] Returning cached topics hierarchy for student 3
2026-06-23 12:33:59,978 - INFO - CACHE HIT: topic='Database System Concepts', subject='Database Management Systems'
2026-06-23 12:33:59,985 - INFO - [PracticeEngine] Returning cached topics hierarchy for student 3
2026-06-23 12:34:16,787 - INFO - [PracticeEngine] Returning cached topics hierarchy for student 3
2026-06-23 12:34:16,832 - INFO - [PracticeEngine] Returning cached topics hierarchy for student 3
2026-06-23 12:34:16,964 - INFO - --- LLM PROMPT (Subject: Database Management Systems, Topic: SQL Basics) ---
2026-06-23 12:34:16,964 - INFO - SYSTEM PROMPT:
You are teaching a first-year B.Tech CSE student.
Given the topic and context, generate a highly rigorous and extremely detailed technical study guide using ONLY valid JSON.

Your output must follow this strict JSON format:
{
    "notes": [
        {"type": "heading", "text": "Advanced Concept / Deep Dive"},
        {"type": "paragraph", "text": "In-depth technical explanation, covering edge cases, under-the-hood workings, and performance implications..."},
        {"type": "highlight", "variant": "constructive", "title": "Interview Pro-Tip", "text": "Crucial detail often asked in interviews..."},
        {"type": "code_block", "language": "python", "title": "Complex Implementation", "code": "def complex_algo(): pass"},
        {"type": "note", "text": "Advanced side note or historical context"}
    ],
    "revision": {
        "title": "Interview Cheat Sheet",
        "points": [
            {"id": 1, "text": "Advanced point 1"},
            {"id": 2, "text": "Advanced point 2"}
        ]
    }
}

RULES:
- `notes` array must use types: 'heading', 'paragraph', 'highlight' (variant: 'constructive' or 'destructive'), 'code_block' (include 'language', 'title', 'code'), or 'note'.
- The content MUST be highly rigorous and technically deep. Include complex edge cases, advanced theory, real-world system design implications, and interview-level insights. 
- NEVER generate basic, high-level, or "kidish" overviews. Assume the reader is preparing for a Senior or top-tier placement.
- Generate content ONLY within the context of the provided subject. Do not include concepts from other subjects. For example, if the topic is "Control Flow" and the subject is "Programming Fundamentals", focus on programming logic (if/else, loops) and DO NOT discuss Operating Systems concepts like semaphores or mutexes.
- `revision` should have 3-5 hard-hitting, concise bullet points.
- Do not use markdown fencing (e.g. ```json). Just return the raw JSON object.

2026-06-23 12:34:16,964 - INFO - USER PROMPT:
SUBJECT:
Database Management Systems

TOPIC:
SQL Basics

CONTEXT:
Subject / Context: Database Management Systems
(Curriculum topic — use highly rigorous general knowledge for a college level curriculum)

Generate the study guide JSON.
IMPORTANT: Only use the CONTEXT if it strictly belongs to the SUBJECT (Database Management Systems). If the context is about a different subject (e.g., Operating Systems), IGNORE the context entirely and use your general knowledge.

2026-06-23 12:34:16,964 - INFO - -------------------------------------------------------
2026-06-23 12:34:48,313 - INFO - CACHE MISS: topic='SQL Basics', subject='Database Management Systems'
2026-06-23 12:34:53,359 - INFO - [PracticeEngine] Returning cached topics hierarchy for student 3
2026-06-23 12:34:53,362 - INFO - [PracticeEngine] Returning cached topics hierarchy for student 3
2026-06-23 12:38:22,620 - INFO - [PracticeEngine] Returning cached topics hierarchy for student 3
2026-06-23 12:38:22,623 - INFO - CACHE HIT (Fast Return): topic='Database System Concepts', subject='Database Management Systems'
2026-06-23 12:38:22,691 - INFO - [PracticeEngine] Returning cached topics hierarchy for student 3
2026-06-23 12:38:22,693 - INFO - CACHE HIT (Fast Return): topic='Database System Concepts', subject='Database Management Systems'
2026-06-23 12:38:22,769 - INFO - CACHE HIT: topic='Database System Concepts', subject='Database Management Systems'
2026-06-23 12:38:22,811 - INFO - [PracticeEngine] Returning cached topics hierarchy for student 3
2026-06-23 12:38:22,925 - INFO - CACHE HIT: topic='Database System Concepts', subject='Database Management Systems'
2026-06-23 12:38:22,928 - INFO - [PracticeEngine] Returning cached topics hierarchy for student 3
2026-06-23 12:38:34,040 - INFO - [PracticeEngine] Returning cached topics hierarchy for student 3
2026-06-23 12:38:34,043 - INFO - CACHE HIT (Fast Return): topic='Database System Concepts', subject='Database Management Systems'
2026-06-23 12:38:34,119 - INFO - [PracticeEngine] Returning cached topics hierarchy for student 3
2026-06-23 12:38:34,122 - INFO - CACHE HIT (Fast Return): topic='Database System Concepts', subject='Database Management Systems'
2026-06-23 12:38:34,171 - INFO - CACHE HIT: topic='Database System Concepts', subject='Database Management Systems'
2026-06-23 12:38:34,187 - INFO - [PracticeEngine] Returning cached topics hierarchy for student 3
2026-06-23 12:38:34,323 - INFO - CACHE HIT: topic='Database System Concepts', subject='Database Management Systems'
2026-06-23 12:38:34,328 - INFO - [PracticeEngine] Returning cached topics hierarchy for student 3
2026-06-23 12:44:26,685 - INFO - [PracticeEngine] Returning cached topics hierarchy for student 3
2026-06-23 12:44:26,687 - INFO - CACHE HIT (Fast Return): topic='Binary Trees', subject='None'
2026-06-23 12:44:26,762 - INFO - [PracticeEngine] Returning cached topics hierarchy for student 3
2026-06-23 12:44:26,764 - INFO - CACHE HIT (Fast Return): topic='Binary Trees', subject='None'
2026-06-23 12:44:26,830 - INFO - CACHE HIT: topic='Binary Trees', subject='None'
2026-06-23 12:44:26,855 - INFO - [PracticeEngine] Returning cached topics hierarchy for student 3
2026-06-23 12:44:26,857 - INFO - CACHE HIT (Fast Return): topic='Binary Trees', subject='None'
2026-06-23 12:44:26,968 - INFO - CACHE HIT: topic='Binary Trees', subject='None'
2026-06-23 12:44:26,972 - INFO - [PracticeEngine] Returning cached topics hierarchy for student 3
2026-06-23 12:44:26,974 - INFO - CACHE HIT (Fast Return): topic='Binary Trees', subject='None'
2026-06-23 12:44:52,972 - INFO - [PracticeEngine] Returning cached topics hierarchy for student 3
2026-06-23 12:44:52,986 - INFO - [PracticeEngine] Returning cached topics hierarchy for student 3
2026-06-23 12:44:55,433 - INFO - [PracticeEngine] Returning cached topics hierarchy for student 3
2026-06-23 12:44:55,435 - INFO - CACHE HIT (Fast Return): topic='Binary Trees', subject='None'
2026-06-23 12:44:55,496 - INFO - [PracticeEngine] Returning cached topics hierarchy for student 3
2026-06-23 12:44:55,498 - INFO - CACHE HIT (Fast Return): topic='Binary Trees', subject='None'
2026-06-23 12:44:55,515 - INFO - CACHE HIT: topic='Binary Trees', subject='None'
2026-06-23 12:44:55,619 - INFO - [PracticeEngine] Returning cached topics hierarchy for student 3
2026-06-23 12:44:55,623 - INFO - CACHE HIT (Fast Return): topic='Binary Trees', subject='None'
2026-06-23 12:44:55,644 - INFO - CACHE HIT: topic='Binary Trees', subject='None'
2026-06-23 12:44:55,697 - INFO - [PracticeEngine] Returning cached topics hierarchy for student 3
2026-06-23 12:44:55,699 - INFO - CACHE HIT (Fast Return): topic='Binary Trees', subject='None'
2026-06-23 12:51:36,018 - INFO - [PracticeEngine] Returning cached topics hierarchy for student 3
2026-06-23 12:51:36,021 - INFO - CACHE HIT (Fast Return): topic='Database System Concepts', subject='Database Management Systems'
2026-06-23 12:51:36,089 - INFO - [PracticeEngine] Returning cached topics hierarchy for student 3
2026-06-23 12:51:36,092 - INFO - CACHE HIT (Fast Return): topic='Database System Concepts', subject='Database Management Systems'
2026-06-23 12:51:36,138 - INFO - CACHE HIT: topic='Database System Concepts', subject='Database Management Systems'
2026-06-23 12:51:36,195 - INFO - [PracticeEngine] Returning cached topics hierarchy for student 3
2026-06-23 12:51:36,219 - INFO - CACHE HIT: topic='Database System Concepts', subject='Database Management Systems'
2026-06-23 12:51:36,483 - INFO - [PracticeEngine] Returning cached topics hierarchy for student 3
2026-06-23 12:51:51,920 - INFO - [PracticeEngine] Returning cached topics hierarchy for student 3
2026-06-23 12:51:51,922 - INFO - CACHE HIT (Fast Return): topic='Database System Concepts', subject='Database Management Systems'
2026-06-23 12:51:51,983 - INFO - [PracticeEngine] Returning cached topics hierarchy for student 3
2026-06-23 12:51:51,986 - INFO - CACHE HIT (Fast Return): topic='Database System Concepts', subject='Database Management Systems'
2026-06-23 12:51:51,988 - INFO - CACHE HIT: topic='Database System Concepts', subject='Database Management Systems'
2026-06-23 12:51:52,019 - INFO - [PracticeEngine] Returning cached topics hierarchy for student 3
2026-06-23 12:51:52,116 - INFO - CACHE HIT: topic='Database System Concepts', subject='Database Management Systems'
2026-06-23 12:51:52,123 - INFO - [PracticeEngine] Returning cached topics hierarchy for student 3
2026-06-23 12:51:59,769 - INFO - [PracticeEngine] Returning cached topics hierarchy for student 3
2026-06-23 12:51:59,771 - INFO - CACHE HIT (Fast Return): topic='Binary Trees', subject='None'
2026-06-23 12:51:59,833 - INFO - [PracticeEngine] Returning cached topics hierarchy for student 3
2026-06-23 12:51:59,837 - INFO - CACHE HIT: topic='Binary Trees', subject='None'
2026-06-23 12:51:59,837 - INFO - CACHE HIT (Fast Return): topic='Binary Trees', subject='None'
2026-06-23 12:51:59,873 - INFO - [PracticeEngine] Returning cached topics hierarchy for student 3
2026-06-23 12:51:59,875 - INFO - CACHE HIT (Fast Return): topic='Binary Trees', subject='None'
2026-06-23 12:51:59,948 - INFO - [PracticeEngine] Returning cached topics hierarchy for student 3
2026-06-23 12:51:59,950 - INFO - CACHE HIT (Fast Return): topic='Binary Trees', subject='None'
2026-06-23 12:51:59,992 - INFO - CACHE HIT: topic='Binary Trees', subject='None'
2026-06-23 12:52:55,095 - INFO - [PracticeEngine] Returning cached topics hierarchy for student 3
2026-06-23 12:52:55,097 - INFO - CACHE HIT (Fast Return): topic='Database System Concepts', subject='Database Management Systems'
2026-06-23 12:52:55,169 - INFO - [PracticeEngine] Returning cached topics hierarchy for student 3
2026-06-23 12:52:55,172 - INFO - CACHE HIT (Fast Return): topic='Database System Concepts', subject='Database Management Systems'
2026-06-23 12:52:55,239 - INFO - CACHE HIT: topic='Database System Concepts', subject='Database Management Systems'
2026-06-23 12:52:55,319 - INFO - [PracticeEngine] Returning cached topics hierarchy for student 3
2026-06-23 12:52:55,397 - INFO - CACHE HIT: topic='Database System Concepts', subject='Database Management Systems'
2026-06-23 12:52:55,426 - INFO - [PracticeEngine] Returning cached topics hierarchy for student 3
2026-06-23 12:52:58,335 - INFO - [PracticeEngine] Returning cached topics hierarchy for student 3
2026-06-23 12:52:58,337 - INFO - CACHE HIT (Fast Return): topic='Database System Concepts', subject='Database Management Systems'
2026-06-23 12:52:58,416 - INFO - [PracticeEngine] Returning cached topics hierarchy for student 3
2026-06-23 12:52:58,418 - INFO - CACHE HIT: topic='Database System Concepts', subject='Database Management Systems'
2026-06-23 12:52:58,420 - INFO - CACHE HIT (Fast Return): topic='Database System Concepts', subject='Database Management Systems'
2026-06-23 12:52:58,443 - INFO - [PracticeEngine] Returning cached topics hierarchy for student 3
2026-06-23 12:52:58,511 - INFO - CACHE HIT: topic='Database System Concepts', subject='Database Management Systems'
2026-06-23 12:52:58,554 - INFO - [PracticeEngine] Returning cached topics hierarchy for student 3
2026-06-23 13:04:40,139 - INFO - [PracticeEngine] Returning cached topics hierarchy for student 3
2026-06-23 13:04:40,141 - INFO - CACHE HIT (Fast Return): topic='Binary Trees', subject='None'
2026-06-23 13:04:40,313 - INFO - [PracticeEngine] Returning cached topics hierarchy for student 3
2026-06-23 13:04:40,315 - INFO - CACHE HIT (Fast Return): topic='Binary Trees', subject='None'
2026-06-23 13:04:40,466 - INFO - CACHE HIT: topic='Binary Trees', subject='None'
2026-06-23 13:04:40,641 - INFO - [PracticeEngine] Returning cached topics hierarchy for student 3
2026-06-23 13:04:40,644 - INFO - CACHE HIT: topic='Binary Trees', subject='None'
2026-06-23 13:04:40,646 - INFO - CACHE HIT (Fast Return): topic='Binary Trees', subject='None'
2026-06-23 13:04:40,802 - INFO - [PracticeEngine] Returning cached topics hierarchy for student 3
2026-06-23 13:04:40,804 - INFO - CACHE HIT (Fast Return): topic='Binary Trees', subject='None'
2026-06-23 13:15:43,975 - INFO - [PracticeEngine] Returning cached topics hierarchy for student 3
2026-06-23 13:15:43,979 - INFO - [PracticeEngine] Returning cached topics hierarchy for student 3
2026-06-23 13:18:32,424 - INFO - [PracticeEngine] Returning cached topics hierarchy for student 3
2026-06-23 13:18:32,427 - INFO - CACHE HIT (Fast Return): topic='Binary Trees', subject='None'
2026-06-23 13:18:32,492 - INFO - [PracticeEngine] Returning cached topics hierarchy for student 3
2026-06-23 13:18:32,495 - INFO - CACHE HIT (Fast Return): topic='Binary Trees', subject='None'
2026-06-23 13:18:32,541 - INFO - CACHE HIT: topic='Binary Trees', subject='None'
2026-06-23 13:18:32,603 - INFO - [PracticeEngine] Returning cached topics hierarchy for student 3
2026-06-23 13:18:32,605 - INFO - CACHE HIT (Fast Return): topic='Binary Trees', subject='None'
2026-06-23 13:18:32,695 - INFO - CACHE HIT: topic='Binary Trees', subject='None'
2026-06-23 13:18:32,743 - INFO - [PracticeEngine] Returning cached topics hierarchy for student 3
2026-06-23 13:18:32,746 - INFO - CACHE HIT (Fast Return): topic='Binary Trees', subject='None'
2026-06-23 13:19:37,690 - INFO - [PracticeEngine] Returning cached topics hierarchy for student 3
2026-06-23 13:19:37,693 - INFO - CACHE HIT (Fast Return): topic='Binary Trees', subject='None'
2026-06-23 13:19:37,766 - INFO - [PracticeEngine] Returning cached topics hierarchy for student 3
2026-06-23 13:19:37,768 - INFO - CACHE HIT (Fast Return): topic='Binary Trees', subject='None'
2026-06-23 13:19:37,780 - INFO - CACHE HIT: topic='Binary Trees', subject='None'
2026-06-23 13:19:37,912 - INFO - [PracticeEngine] Returning cached topics hierarchy for student 3
2026-06-23 13:19:37,915 - INFO - CACHE HIT (Fast Return): topic='Binary Trees', subject='None'
2026-06-23 13:19:37,963 - INFO - CACHE HIT: topic='Binary Trees', subject='None'
2026-06-23 13:19:38,002 - INFO - [PracticeEngine] Returning cached topics hierarchy for student 3
2026-06-23 13:19:38,005 - INFO - CACHE HIT (Fast Return): topic='Binary Trees', subject='None'
2026-06-23 13:37:39,211 - INFO - [PracticeEngine] Returning cached topics hierarchy for student 3
2026-06-23 13:37:39,214 - INFO - [PracticeEngine] Returning cached topics hierarchy for student 3
2026-06-23 13:37:40,772 - INFO - [PracticeEngine] Returning cached topics hierarchy for student 3
2026-06-23 13:37:40,774 - INFO - CACHE HIT (Fast Return): topic='Binary Trees', subject='None'
2026-06-23 13:37:40,841 - INFO - [PracticeEngine] Returning cached topics hierarchy for student 3
2026-06-23 13:37:40,843 - INFO - CACHE HIT (Fast Return): topic='Binary Trees', subject='None'
2026-06-23 13:37:40,895 - INFO - CACHE HIT: topic='Binary Trees', subject='None'
2026-06-23 13:37:40,984 - INFO - [PracticeEngine] Returning cached topics hierarchy for student 3
2026-06-23 13:37:40,987 - INFO - CACHE HIT (Fast Return): topic='Binary Trees', subject='None'
2026-06-23 13:37:40,989 - INFO - CACHE HIT: topic='Binary Trees', subject='None'
2026-06-23 13:37:41,126 - INFO - [PracticeEngine] Returning cached topics hierarchy for student 3
2026-06-23 13:37:41,128 - INFO - CACHE HIT (Fast Return): topic='Binary Trees', subject='None'
2026-06-23 13:37:57,433 - INFO - [PracticeEngine] Returning cached topics hierarchy for student 3
2026-06-23 13:37:57,436 - INFO - CACHE HIT (Fast Return): topic='Binary Trees', subject='None'
2026-06-23 13:37:57,511 - INFO - [PracticeEngine] Returning cached topics hierarchy for student 3
2026-06-23 13:37:57,513 - INFO - CACHE HIT (Fast Return): topic='Binary Trees', subject='None'
2026-06-23 13:37:57,531 - INFO - CACHE HIT: topic='Binary Trees', subject='None'
2026-06-23 13:37:57,594 - INFO - CACHE HIT: topic='Binary Trees', subject='None'
2026-06-23 13:37:57,843 - INFO - [PracticeEngine] Returning cached topics hierarchy for student 3
2026-06-23 13:37:57,847 - INFO - [PracticeEngine] Returning cached topics hierarchy for student 3
2026-06-23 13:37:59,651 - INFO - [PracticeEngine] Returning cached topics hierarchy for student 3
2026-06-23 13:37:59,653 - INFO - CACHE HIT (Fast Return): topic='Binary Trees', subject='None'
2026-06-23 13:37:59,724 - INFO - [PracticeEngine] Returning cached topics hierarchy for student 3
2026-06-23 13:37:59,726 - INFO - CACHE HIT (Fast Return): topic='Binary Trees', subject='None'
2026-06-23 13:37:59,735 - INFO - CACHE HIT: topic='Binary Trees', subject='None'
2026-06-23 13:37:59,840 - INFO - [PracticeEngine] Returning cached topics hierarchy for student 3
2026-06-23 13:37:59,842 - INFO - CACHE HIT (Fast Return): topic='Binary Trees', subject='None'
2026-06-23 13:37:59,864 - INFO - CACHE HIT: topic='Binary Trees', subject='None'
2026-06-23 13:37:59,910 - INFO - [PracticeEngine] Returning cached topics hierarchy for student 3
2026-06-23 13:37:59,912 - INFO - CACHE HIT (Fast Return): topic='Binary Trees', subject='None'
2026-06-23 14:01:46,272 - INFO - [PracticeEngine] Returning cached topics hierarchy for student 3
2026-06-23 14:01:46,274 - INFO - CACHE HIT (Fast Return): topic='Binary Trees', subject='None'
2026-06-23 14:01:46,349 - INFO - [PracticeEngine] Returning cached topics hierarchy for student 3
2026-06-23 14:01:46,351 - INFO - CACHE HIT: topic='Binary Trees', subject='None'
2026-06-23 14:01:46,353 - INFO - CACHE HIT (Fast Return): topic='Binary Trees', subject='None'
2026-06-23 14:01:46,448 - INFO - [PracticeEngine] Returning cached topics hierarchy for student 3
2026-06-23 14:01:46,450 - INFO - CACHE HIT (Fast Return): topic='Binary Trees', subject='None'
2026-06-23 14:01:46,489 - INFO - CACHE HIT: topic='Binary Trees', subject='None'
2026-06-23 14:01:46,518 - INFO - [PracticeEngine] Returning cached topics hierarchy for student 3
2026-06-23 14:01:46,520 - INFO - CACHE HIT (Fast Return): topic='Binary Trees', subject='None'
2026-06-23 14:02:35,223 - INFO - [PracticeEngine] Returning cached topics hierarchy for student 3
2026-06-23 14:02:35,226 - INFO - [PracticeEngine] Returning cached topics hierarchy for student 3
2026-06-23 14:03:23,640 - INFO - [PracticeEngine] Returning cached topics hierarchy for student 3
2026-06-23 14:03:23,710 - INFO - [PracticeEngine] Returning cached topics hierarchy for student 3
2026-06-23 14:03:23,945 - INFO - [PracticeEngine] Returning cached topics hierarchy for student 3
2026-06-23 14:03:24,039 - INFO - --- LLM PROMPT (Subject: None, Topic: Python Syntax & Basics) ---
2026-06-23 14:03:24,039 - INFO - SYSTEM PROMPT:
You are teaching a first-year B.Tech CSE student.
Given the topic and context, generate a highly rigorous and extremely detailed technical study guide using ONLY valid JSON.

Your output must follow this strict JSON format:
{
    "notes": [
        {"type": "heading", "text": "Advanced Concept / Deep Dive"},
        {"type": "paragraph", "text": "In-depth technical explanation, covering edge cases, under-the-hood workings, and performance implications..."},
        {"type": "highlight", "variant": "constructive", "title": "Interview Pro-Tip", "text": "Crucial detail often asked in interviews..."},
        {"type": "code_block", "language": "python", "title": "Complex Implementation", "code": "def complex_algo(): pass"},
        {"type": "note", "text": "Advanced side note or historical context"}
    ],
    "revision": {
        "title": "Interview Cheat Sheet",
        "points": [
            {"id": 1, "text": "Advanced point 1"},
            {"id": 2, "text": "Advanced point 2"}
        ]
    }
}

RULES:
- `notes` array must use types: 'heading', 'paragraph', 'highlight' (variant: 'constructive' or 'destructive'), 'code_block' (include 'language', 'title', 'code'), or 'note'.
- The content MUST be highly rigorous and technically deep. Include complex edge cases, advanced theory, real-world system design implications, and interview-level insights. 
- NEVER generate basic, high-level, or "kidish" overviews. Assume the reader is preparing for a Senior or top-tier placement.
- Generate content ONLY within the context of the provided subject. Do not include concepts from other subjects. For example, if the topic is "Control Flow" and the subject is "Programming Fundamentals", focus on programming logic (if/else, loops) and DO NOT discuss Operating Systems concepts like semaphores or mutexes.
- `revision` should have 3-5 hard-hitting, concise bullet points.
- Do not use markdown fencing (e.g. ```json). Just return the raw JSON object.

2026-06-23 14:03:24,040 - INFO - USER PROMPT:
SUBJECT:
None

TOPIC:
Python Syntax & Basics

CONTEXT:
Subject / Context: General Computer Science
(But Program counter, registers & stack are include d.) Includes switching of memory address space. Fast switching. Slow switching. CPU’s cache state is preserved. CPU’s cache state is flushed. CodeHelp LEC-4: Components of OS1.Kernel: A kernel is that part of the operating system which interacts directly with the hardware and performs the most crucial tasks.a.Heart of OS/Core componentb.Very first part of OS to load on start-up.2.User space: Where application software runs, apps don’t have privileged access to the underlying hardware. It interacts with kernel.a.GUIb.CLIA shell, also known as a command interpreter, is that part of the operating system that receives commands from the users and gets them executed. Functions of Kernel: 1.Process management:a.Scheduling processes and threads on the CPUs.b.Creating & deleting both user and system process.c.Suspending and resuming processesd.Providing mechanisms for process synchronization or process communication.2.Memory management:a.Allocating and deallocating memory space as per need.b.Keeping track of which part of memory are currently being used and by which process.3.File management:a.Creating and deleting files.b.Creating and deleting directories to organize files.c.Mapping files into secondary storage.d.Backup support onto a stable storage media.4.I/O management: to manage and control I/O operations and I/O devicesa.Buffering (data copy between two devices), caching and spooling.i.Spooling1.Within differing speed two jobs.2.Eg. Print spooling and mail spooling.ii.Buffering1.Within one job.2.Eg. Youtube video bufferingiii.Caching1.Memory caching, Web caching etc.a.All functions are in kernel itself.b.Bulky in size.c.Memory required to run is high.d.Less reliable, one module crashes -> whole kernel is down.e.High performance as communication is fast. (Less user mode, kernelmode overheads)f.Eg. Linux, Unix, MS-DOS.Types of Kernels: 1.Monolithic kernelCodeHelp

Complex Preemption No No Yes No Yes Yes Yes Yes Convoy effect Yes Yes No Yes Yes No Yes Yes Overhead No No Yes No Yes Yes Yes Yes CodeHelpµ⑧ LEC- 15: Introduction to Co ncurrency 1. Concurrency is the execution of the multiple instruction sequences at the same time. It happens in the operating system when there are several process threads running in parallel. 2. Thread: • Single sequence stream within a process. • An independent path of execution in a process. • Light-weight process. • Used to achieve parallelism by dividing a process’s tasks which are independent path of execution. • E.g., Multiple tabs in a browser, text editor (When you are typing in an editor, spellchecking, formatting of text and saving the text are done concurrently by multiple threads.) 3. Thread Scheduling: Threads are scheduled for execution based on their priority. Even though threads are executing within the runtime, all threads are assigned processor time slices by the operating system. 4. Threads context switching • OS saves current state of thread & switches to another thread of same process. • Doesn’t includes switching of memory address space. (But Program counter, registers & stack are included.) • Fast switching as compared to process switching • CPU’s cache state is preserved. 5. How each thread get access to the CPU? • Each thread has its own program counter. • Depending upon the thread scheduling algorithm, OS schedule these threads. • OS will fetch instructions corresponding to PC of that thread and execute instruction. 6.

and kernel mode?Ans. Inter process communication (IPC).1.Two processes executing independently, having independent memory space (Memory protection), But some may need to communicate to work.2.Done by shared memory and message passing.CodeHelp LEC-5: System Calls How do apps interact with Kernel? -> using system calls. Eg. Mkdir laks - Mkdir indirectly calls kernel and asked the file mgmt. module to create a new directory. - Mkdir is just a wrapper of actual system calls. - Mkdir interacts with kernel using system calls. Eg. Creating a process. - User executes a process. (User space) - Gets system call. (US) - Exec system call to create a process. (KS) - Return to US. Transitions from US to KS done by software interrupts. System calls are implemented in C. A system call is a mechanism using which a user program can request a service from the kernel for which it does not have the permission to perform. User programs typically do not have permission to perform operations like accessing I/O devices and communicating other programs. System Calls are the only way through which a process can go into kernel mode from user mode.

UNIT 1 AN INTRODUCTION TO OPERATING SYSTEMS Application software performs specific task for the user. System software operates and controls the computer system and provides a platform to run application software. An operating system is a piece of software that manages all the resources of a computer system, both hardware and software, and provides an environment in which the user can execute his/her programs in a convenient and efficient manner by hiding underlying complexity of the hardware and acting as a resource manager. Why OS? 1.What if there is no OS? a.Bulky and complex app. (Hardware interaction code must be in app’ s code base) b.Resource exploitation by 1 App. c.No memory protection. 2.What is an OS made up of? a.Collection of system software. An operating system function - - Access to the computer hardware. -interface between the user and the computer hardware -Resource management (Aka, Arbitration) (memory, device, file, security, process etc) -Hides the underlying complexity of the hardware. (Aka, Abstraction) -facilitates execution of application programs by providing isolation and protection. User Application programs Operating system Computer hardware The operating system provides the means for proper use of the resources in the operation of the computer system.

ory. ii.User can never access the physical address of the Program . iii. The physical address is in the memory unit. It’s a location in the main memory physically. iv. A physical address can be accessed by a user indirectly b ut not directly. v.The set of all physical addresses corresponding to the Logical addresses is commonlyknown as Physical Address Space. vi. It is computed by the Memory Management Unit ( MMU). vii. Range: (R + 0) to (R + max) , for a base value R. c. The runtime mapping from virtual to physical address is done by a hardware device called t he memory -ma nagement un it (MMU). d. The user's program mainly generates the lo gical address, and the user thinks that the program i s running in this logical addr ess, but the program mainly needs physical memory in order to complete its execution . e. 4. How OS manages the isolation and prote ct? (Memory Mapping and Protection) a. OS provides this Virtual Address Space (VAS) concept . b. To separate memor y space , we need the abi lity to determine the range of legal addresses that the process may access and to ensure th at the process can access only these legal addresses. c. The relocation re gister contains value of smallest physical address (Base address [R]); the lim it register contains the ran ge of logical addresses (e.g., relocation = 100040 & limit = 74600). d. Each logical address must be less th an the limit regi ster. CodeHelp

has highest access speed, then comes cache, then main memory. 3. Storage size: a. Secondary has more space. 4. Volatility: a. Primary memory is volatile. b. Secondary is non-volatile. CodeHelp Lec-9: Introduction to Process 1. What is a program? Compiled code, that is ready to execute. 2. What is a process? Program under execution. 3. How OS creates a process? Converting program into a process. STEPS: a. Load the program & static data into memory.b. Allocate runtime stack. c. Heap memory allocation. d. IO tasks.e. OS handoffs control to main (). 4. Architecture of process: 5. Attributes of process: a. Feature that allows identifying a process uniquely. b. Process table i. All processes are being tracked by OS using a table like data structure. ii. Each entry in that table is process control block (PCB). c. PCB: Stores info/attributes of a process. i. Data structure used for each process, that stores information of a process such as process id, program counter, process state, priority etc. 6. PCB structure: Registers in the PCB, it is a data structure. When a processes is running and it's time slice expires, the current value of process specific registers would be stored in the PCB and the process would be swapped out. When the process is scheduled to be run, the register values is read from the PCB and written to the CPU registers. This is the main purpose of the registers in the PCB. CodeHelp

connected computer node s. -collection of independent, networked, communicating, and physically separate computational nodes. -Real time error free, c omputations within tight-time boundaries. -Air Traffic control system, ROBOTS etc. CodeHelp LEC-3: Multi-Tasking vs Multi-Threading Program : A Program is an executable file which contains a certain set of instructions written to complete the specific job or operation on your computer. •It’s a compiled code. Ready to be executed. •Stored in Disk Process : Program under execution. R esides in Computer’s primary memory (RAM). Thread: •Single sequence stream within a pr ocess. •An independent path of execution in a process. •Light-weight process. •Used to achieve parallelism by dividing a process’s tasks which are independent path of execution. •E.g., Multiple tabs in a browser, text editor (When you are typing in an editor, spell-checking, formatting of text and saving the text are done concurrently by multiplethreads.) Multi-Tasking Multi-Threading The execution of more than one task simultaneously is called as multitasking. A process is divided into several different sub-tasks called as threads, which has its own path of execution. This concept is called as multithreading. Concept of more than 1 processes being context switched. Concept of more than 1 thread. Threads are context switched. No. of CPU 1. No. of CP U >= 1. (Better to have more than 1) Isolation and memory protection exists. OS must allocate separate memory and resources to each program that CPU is executing. No isolation and memory prote ction , resources are shared among threads of that process. OS allocates memory to a process; multiple threads of that process share the same memory and resources allocated to the process.

number of processes in the memory. a. LTS controls degree of multi-programming. 4. Dispatcher: The module of OS that gives control of CPU to a process selected by STS. CodeHelp

Generate the study guide JSON.
IMPORTANT: Only use the CONTEXT if it strictly belongs to the SUBJECT (None). If the context is about a different subject (e.g., Operating Systems), IGNORE the context entirely and use your general knowledge.

2026-06-23 14:03:24,040 - INFO - [PracticeEngine] Returning cached topics hierarchy for student 3
2026-06-23 14:03:24,040 - INFO - -------------------------------------------------------
2026-06-23 14:03:44,145 - INFO - --- LLM PROMPT (Subject: None, Topic: Python Syntax & Basics) ---
2026-06-23 14:03:44,145 - INFO - SYSTEM PROMPT:
You are teaching a first-year B.Tech CSE student.
Given the topic and context, generate a highly rigorous and extremely detailed technical study guide using ONLY valid JSON.

Your output must follow this strict JSON format:
{
    "notes": [
        {"type": "heading", "text": "Advanced Concept / Deep Dive"},
        {"type": "paragraph", "text": "In-depth technical explanation, covering edge cases, under-the-hood workings, and performance implications..."},
        {"type": "highlight", "variant": "constructive", "title": "Interview Pro-Tip", "text": "Crucial detail often asked in interviews..."},
        {"type": "code_block", "language": "python", "title": "Complex Implementation", "code": "def complex_algo(): pass"},
        {"type": "note", "text": "Advanced side note or historical context"}
    ],
    "revision": {
        "title": "Interview Cheat Sheet",
        "points": [
            {"id": 1, "text": "Advanced point 1"},
            {"id": 2, "text": "Advanced point 2"}
        ]
    }
}

RULES:
- `notes` array must use types: 'heading', 'paragraph', 'highlight' (variant: 'constructive' or 'destructive'), 'code_block' (include 'language', 'title', 'code'), or 'note'.
- The content MUST be highly rigorous and technically deep. Include complex edge cases, advanced theory, real-world system design implications, and interview-level insights. 
- NEVER generate basic, high-level, or "kidish" overviews. Assume the reader is preparing for a Senior or top-tier placement.
- Generate content ONLY within the context of the provided subject. Do not include concepts from other subjects. For example, if the topic is "Control Flow" and the subject is "Programming Fundamentals", focus on programming logic (if/else, loops) and DO NOT discuss Operating Systems concepts like semaphores or mutexes.
- `revision` should have 3-5 hard-hitting, concise bullet points.
- Do not use markdown fencing (e.g. ```json). Just return the raw JSON object.

2026-06-23 14:03:44,145 - INFO - USER PROMPT:
SUBJECT:
None

TOPIC:
Python Syntax & Basics

CONTEXT:
Subject / Context: General Computer Science
(But Program counter, registers & stack are include d.) Includes switching of memory address space. Fast switching. Slow switching. CPU’s cache state is preserved. CPU’s cache state is flushed. CodeHelp LEC-4: Components of OS1.Kernel: A kernel is that part of the operating system which interacts directly with the hardware and performs the most crucial tasks.a.Heart of OS/Core componentb.Very first part of OS to load on start-up.2.User space: Where application software runs, apps don’t have privileged access to the underlying hardware. It interacts with kernel.a.GUIb.CLIA shell, also known as a command interpreter, is that part of the operating system that receives commands from the users and gets them executed. Functions of Kernel: 1.Process management:a.Scheduling processes and threads on the CPUs.b.Creating & deleting both user and system process.c.Suspending and resuming processesd.Providing mechanisms for process synchronization or process communication.2.Memory management:a.Allocating and deallocating memory space as per need.b.Keeping track of which part of memory are currently being used and by which process.3.File management:a.Creating and deleting files.b.Creating and deleting directories to organize files.c.Mapping files into secondary storage.d.Backup support onto a stable storage media.4.I/O management: to manage and control I/O operations and I/O devicesa.Buffering (data copy between two devices), caching and spooling.i.Spooling1.Within differing speed two jobs.2.Eg. Print spooling and mail spooling.ii.Buffering1.Within one job.2.Eg. Youtube video bufferingiii.Caching1.Memory caching, Web caching etc.a.All functions are in kernel itself.b.Bulky in size.c.Memory required to run is high.d.Less reliable, one module crashes -> whole kernel is down.e.High performance as communication is fast. (Less user mode, kernelmode overheads)f.Eg. Linux, Unix, MS-DOS.Types of Kernels: 1.Monolithic kernelCodeHelp

Complex Preemption No No Yes No Yes Yes Yes Yes Convoy effect Yes Yes No Yes Yes No Yes Yes Overhead No No Yes No Yes Yes Yes Yes CodeHelpµ⑧ LEC- 15: Introduction to Co ncurrency 1. Concurrency is the execution of the multiple instruction sequences at the same time. It happens in the operating system when there are several process threads running in parallel. 2. Thread: • Single sequence stream within a process. • An independent path of execution in a process. • Light-weight process. • Used to achieve parallelism by dividing a process’s tasks which are independent path of execution. • E.g., Multiple tabs in a browser, text editor (When you are typing in an editor, spellchecking, formatting of text and saving the text are done concurrently by multiple threads.) 3. Thread Scheduling: Threads are scheduled for execution based on their priority. Even though threads are executing within the runtime, all threads are assigned processor time slices by the operating system. 4. Threads context switching • OS saves current state of thread & switches to another thread of same process. • Doesn’t includes switching of memory address space. (But Program counter, registers & stack are included.) • Fast switching as compared to process switching • CPU’s cache state is preserved. 5. How each thread get access to the CPU? • Each thread has its own program counter. • Depending upon the thread scheduling algorithm, OS schedule these threads. • OS will fetch instructions corresponding to PC of that thread and execute instruction. 6.

and kernel mode?Ans. Inter process communication (IPC).1.Two processes executing independently, having independent memory space (Memory protection), But some may need to communicate to work.2.Done by shared memory and message passing.CodeHelp LEC-5: System Calls How do apps interact with Kernel? -> using system calls. Eg. Mkdir laks - Mkdir indirectly calls kernel and asked the file mgmt. module to create a new directory. - Mkdir is just a wrapper of actual system calls. - Mkdir interacts with kernel using system calls. Eg. Creating a process. - User executes a process. (User space) - Gets system call. (US) - Exec system call to create a process. (KS) - Return to US. Transitions from US to KS done by software interrupts. System calls are implemented in C. A system call is a mechanism using which a user program can request a service from the kernel for which it does not have the permission to perform. User programs typically do not have permission to perform operations like accessing I/O devices and communicating other programs. System Calls are the only way through which a process can go into kernel mode from user mode.

UNIT 1 AN INTRODUCTION TO OPERATING SYSTEMS Application software performs specific task for the user. System software operates and controls the computer system and provides a platform to run application software. An operating system is a piece of software that manages all the resources of a computer system, both hardware and software, and provides an environment in which the user can execute his/her programs in a convenient and efficient manner by hiding underlying complexity of the hardware and acting as a resource manager. Why OS? 1.What if there is no OS? a.Bulky and complex app. (Hardware interaction code must be in app’ s code base) b.Resource exploitation by 1 App. c.No memory protection. 2.What is an OS made up of? a.Collection of system software. An operating system function - - Access to the computer hardware. -interface between the user and the computer hardware -Resource management (Aka, Arbitration) (memory, device, file, security, process etc) -Hides the underlying complexity of the hardware. (Aka, Abstraction) -facilitates execution of application programs by providing isolation and protection. User Application programs Operating system Computer hardware The operating system provides the means for proper use of the resources in the operation of the computer system.

ory. ii.User can never access the physical address of the Program . iii. The physical address is in the memory unit. It’s a location in the main memory physically. iv. A physical address can be accessed by a user indirectly b ut not directly. v.The set of all physical addresses corresponding to the Logical addresses is commonlyknown as Physical Address Space. vi. It is computed by the Memory Management Unit ( MMU). vii. Range: (R + 0) to (R + max) , for a base value R. c. The runtime mapping from virtual to physical address is done by a hardware device called t he memory -ma nagement un it (MMU). d. The user's program mainly generates the lo gical address, and the user thinks that the program i s running in this logical addr ess, but the program mainly needs physical memory in order to complete its execution . e. 4. How OS manages the isolation and prote ct? (Memory Mapping and Protection) a. OS provides this Virtual Address Space (VAS) concept . b. To separate memor y space , we need the abi lity to determine the range of legal addresses that the process may access and to ensure th at the process can access only these legal addresses. c. The relocation re gister contains value of smallest physical address (Base address [R]); the lim it register contains the ran ge of logical addresses (e.g., relocation = 100040 & limit = 74600). d. Each logical address must be less th an the limit regi ster. CodeHelp

has highest access speed, then comes cache, then main memory. 3. Storage size: a. Secondary has more space. 4. Volatility: a. Primary memory is volatile. b. Secondary is non-volatile. CodeHelp Lec-9: Introduction to Process 1. What is a program? Compiled code, that is ready to execute. 2. What is a process? Program under execution. 3. How OS creates a process? Converting program into a process. STEPS: a. Load the program & static data into memory.b. Allocate runtime stack. c. Heap memory allocation. d. IO tasks.e. OS handoffs control to main (). 4. Architecture of process: 5. Attributes of process: a. Feature that allows identifying a process uniquely. b. Process table i. All processes are being tracked by OS using a table like data structure. ii. Each entry in that table is process control block (PCB). c. PCB: Stores info/attributes of a process. i. Data structure used for each process, that stores information of a process such as process id, program counter, process state, priority etc. 6. PCB structure: Registers in the PCB, it is a data structure. When a processes is running and it's time slice expires, the current value of process specific registers would be stored in the PCB and the process would be swapped out. When the process is scheduled to be run, the register values is read from the PCB and written to the CPU registers. This is the main purpose of the registers in the PCB. CodeHelp

connected computer node s. -collection of independent, networked, communicating, and physically separate computational nodes. -Real time error free, c omputations within tight-time boundaries. -Air Traffic control system, ROBOTS etc. CodeHelp LEC-3: Multi-Tasking vs Multi-Threading Program : A Program is an executable file which contains a certain set of instructions written to complete the specific job or operation on your computer. •It’s a compiled code. Ready to be executed. •Stored in Disk Process : Program under execution. R esides in Computer’s primary memory (RAM). Thread: •Single sequence stream within a pr ocess. •An independent path of execution in a process. •Light-weight process. •Used to achieve parallelism by dividing a process’s tasks which are independent path of execution. •E.g., Multiple tabs in a browser, text editor (When you are typing in an editor, spell-checking, formatting of text and saving the text are done concurrently by multiplethreads.) Multi-Tasking Multi-Threading The execution of more than one task simultaneously is called as multitasking. A process is divided into several different sub-tasks called as threads, which has its own path of execution. This concept is called as multithreading. Concept of more than 1 processes being context switched. Concept of more than 1 thread. Threads are context switched. No. of CPU 1. No. of CP U >= 1. (Better to have more than 1) Isolation and memory protection exists. OS must allocate separate memory and resources to each program that CPU is executing. No isolation and memory prote ction , resources are shared among threads of that process. OS allocates memory to a process; multiple threads of that process share the same memory and resources allocated to the process.

number of processes in the memory. a. LTS controls degree of multi-programming. 4. Dispatcher: The module of OS that gives control of CPU to a process selected by STS. CodeHelp

Generate the study guide JSON.
IMPORTANT: Only use the CONTEXT if it strictly belongs to the SUBJECT (None). If the context is about a different subject (e.g., Operating Systems), IGNORE the context entirely and use your general knowledge.

2026-06-23 14:03:44,145 - INFO - -------------------------------------------------------
2026-06-23 14:03:51,685 - INFO - [PracticeEngine] Returning cached topics hierarchy for student 3
2026-06-23 14:03:51,818 - INFO - [PracticeEngine] Returning cached topics hierarchy for student 3
2026-06-23 14:03:51,893 - INFO - [PracticeEngine] Returning cached topics hierarchy for student 3
2026-06-23 14:03:51,948 - INFO - [PracticeEngine] Returning cached topics hierarchy for student 3
2026-06-23 14:03:52,064 - INFO - [PracticeEngine] Returning cached topics hierarchy for student 3
2026-06-23 14:04:12,387 - INFO - --- LLM PROMPT (Subject: None, Topic: Python Syntax & Basics) ---
2026-06-23 14:04:12,388 - INFO - SYSTEM PROMPT:
You are teaching a first-year B.Tech CSE student.
Given the topic and context, generate a highly rigorous and extremely detailed technical study guide using ONLY valid JSON.

Your output must follow this strict JSON format:
{
    "notes": [
        {"type": "heading", "text": "Advanced Concept / Deep Dive"},
        {"type": "paragraph", "text": "In-depth technical explanation, covering edge cases, under-the-hood workings, and performance implications..."},
        {"type": "highlight", "variant": "constructive", "title": "Interview Pro-Tip", "text": "Crucial detail often asked in interviews..."},
        {"type": "code_block", "language": "python", "title": "Complex Implementation", "code": "def complex_algo(): pass"},
        {"type": "note", "text": "Advanced side note or historical context"}
    ],
    "revision": {
        "title": "Interview Cheat Sheet",
        "points": [
            {"id": 1, "text": "Advanced point 1"},
            {"id": 2, "text": "Advanced point 2"}
        ]
    }
}

RULES:
- `notes` array must use types: 'heading', 'paragraph', 'highlight' (variant: 'constructive' or 'destructive'), 'code_block' (include 'language', 'title', 'code'), or 'note'.
- The content MUST be highly rigorous and technically deep. Include complex edge cases, advanced theory, real-world system design implications, and interview-level insights. 
- NEVER generate basic, high-level, or "kidish" overviews. Assume the reader is preparing for a Senior or top-tier placement.
- Generate content ONLY within the context of the provided subject. Do not include concepts from other subjects. For example, if the topic is "Control Flow" and the subject is "Programming Fundamentals", focus on programming logic (if/else, loops) and DO NOT discuss Operating Systems concepts like semaphores or mutexes.
- `revision` should have 3-5 hard-hitting, concise bullet points.
- Do not use markdown fencing (e.g. ```json). Just return the raw JSON object.

2026-06-23 14:04:12,388 - INFO - USER PROMPT:
SUBJECT:
None

TOPIC:
Python Syntax & Basics

CONTEXT:
Subject / Context: General Computer Science
(But Program counter, registers & stack are include d.) Includes switching of memory address space. Fast switching. Slow switching. CPU’s cache state is preserved. CPU’s cache state is flushed. CodeHelp LEC-4: Components of OS1.Kernel: A kernel is that part of the operating system which interacts directly with the hardware and performs the most crucial tasks.a.Heart of OS/Core componentb.Very first part of OS to load on start-up.2.User space: Where application software runs, apps don’t have privileged access to the underlying hardware. It interacts with kernel.a.GUIb.CLIA shell, also known as a command interpreter, is that part of the operating system that receives commands from the users and gets them executed. Functions of Kernel: 1.Process management:a.Scheduling processes and threads on the CPUs.b.Creating & deleting both user and system process.c.Suspending and resuming processesd.Providing mechanisms for process synchronization or process communication.2.Memory management:a.Allocating and deallocating memory space as per need.b.Keeping track of which part of memory are currently being used and by which process.3.File management:a.Creating and deleting files.b.Creating and deleting directories to organize files.c.Mapping files into secondary storage.d.Backup support onto a stable storage media.4.I/O management: to manage and control I/O operations and I/O devicesa.Buffering (data copy between two devices), caching and spooling.i.Spooling1.Within differing speed two jobs.2.Eg. Print spooling and mail spooling.ii.Buffering1.Within one job.2.Eg. Youtube video bufferingiii.Caching1.Memory caching, Web caching etc.a.All functions are in kernel itself.b.Bulky in size.c.Memory required to run is high.d.Less reliable, one module crashes -> whole kernel is down.e.High performance as communication is fast. (Less user mode, kernelmode overheads)f.Eg. Linux, Unix, MS-DOS.Types of Kernels: 1.Monolithic kernelCodeHelp

Complex Preemption No No Yes No Yes Yes Yes Yes Convoy effect Yes Yes No Yes Yes No Yes Yes Overhead No No Yes No Yes Yes Yes Yes CodeHelpµ⑧ LEC- 15: Introduction to Co ncurrency 1. Concurrency is the execution of the multiple instruction sequences at the same time. It happens in the operating system when there are several process threads running in parallel. 2. Thread: • Single sequence stream within a process. • An independent path of execution in a process. • Light-weight process. • Used to achieve parallelism by dividing a process’s tasks which are independent path of execution. • E.g., Multiple tabs in a browser, text editor (When you are typing in an editor, spellchecking, formatting of text and saving the text are done concurrently by multiple threads.) 3. Thread Scheduling: Threads are scheduled for execution based on their priority. Even though threads are executing within the runtime, all threads are assigned processor time slices by the operating system. 4. Threads context switching • OS saves current state of thread & switches to another thread of same process. • Doesn’t includes switching of memory address space. (But Program counter, registers & stack are included.) • Fast switching as compared to process switching • CPU’s cache state is preserved. 5. How each thread get access to the CPU? • Each thread has its own program counter. • Depending upon the thread scheduling algorithm, OS schedule these threads. • OS will fetch instructions corresponding to PC of that thread and execute instruction. 6.

and kernel mode?Ans. Inter process communication (IPC).1.Two processes executing independently, having independent memory space (Memory protection), But some may need to communicate to work.2.Done by shared memory and message passing.CodeHelp LEC-5: System Calls How do apps interact with Kernel? -> using system calls. Eg. Mkdir laks - Mkdir indirectly calls kernel and asked the file mgmt. module to create a new directory. - Mkdir is just a wrapper of actual system calls. - Mkdir interacts with kernel using system calls. Eg. Creating a process. - User executes a process. (User space) - Gets system call. (US) - Exec system call to create a process. (KS) - Return to US. Transitions from US to KS done by software interrupts. System calls are implemented in C. A system call is a mechanism using which a user program can request a service from the kernel for which it does not have the permission to perform. User programs typically do not have permission to perform operations like accessing I/O devices and communicating other programs. System Calls are the only way through which a process can go into kernel mode from user mode.

UNIT 1 AN INTRODUCTION TO OPERATING SYSTEMS Application software performs specific task for the user. System software operates and controls the computer system and provides a platform to run application software. An operating system is a piece of software that manages all the resources of a computer system, both hardware and software, and provides an environment in which the user can execute his/her programs in a convenient and efficient manner by hiding underlying complexity of the hardware and acting as a resource manager. Why OS? 1.What if there is no OS? a.Bulky and complex app. (Hardware interaction code must be in app’ s code base) b.Resource exploitation by 1 App. c.No memory protection. 2.What is an OS made up of? a.Collection of system software. An operating system function - - Access to the computer hardware. -interface between the user and the computer hardware -Resource management (Aka, Arbitration) (memory, device, file, security, process etc) -Hides the underlying complexity of the hardware. (Aka, Abstraction) -facilitates execution of application programs by providing isolation and protection. User Application programs Operating system Computer hardware The operating system provides the means for proper use of the resources in the operation of the computer system.

ory. ii.User can never access the physical address of the Program . iii. The physical address is in the memory unit. It’s a location in the main memory physically. iv. A physical address can be accessed by a user indirectly b ut not directly. v.The set of all physical addresses corresponding to the Logical addresses is commonlyknown as Physical Address Space. vi. It is computed by the Memory Management Unit ( MMU). vii. Range: (R + 0) to (R + max) , for a base value R. c. The runtime mapping from virtual to physical address is done by a hardware device called t he memory -ma nagement un it (MMU). d. The user's program mainly generates the lo gical address, and the user thinks that the program i s running in this logical addr ess, but the program mainly needs physical memory in order to complete its execution . e. 4. How OS manages the isolation and prote ct? (Memory Mapping and Protection) a. OS provides this Virtual Address Space (VAS) concept . b. To separate memor y space , we need the abi lity to determine the range of legal addresses that the process may access and to ensure th at the process can access only these legal addresses. c. The relocation re gister contains value of smallest physical address (Base address [R]); the lim it register contains the ran ge of logical addresses (e.g., relocation = 100040 & limit = 74600). d. Each logical address must be less th an the limit regi ster. CodeHelp

has highest access speed, then comes cache, then main memory. 3. Storage size: a. Secondary has more space. 4. Volatility: a. Primary memory is volatile. b. Secondary is non-volatile. CodeHelp Lec-9: Introduction to Process 1. What is a program? Compiled code, that is ready to execute. 2. What is a process? Program under execution. 3. How OS creates a process? Converting program into a process. STEPS: a. Load the program & static data into memory.b. Allocate runtime stack. c. Heap memory allocation. d. IO tasks.e. OS handoffs control to main (). 4. Architecture of process: 5. Attributes of process: a. Feature that allows identifying a process uniquely. b. Process table i. All processes are being tracked by OS using a table like data structure. ii. Each entry in that table is process control block (PCB). c. PCB: Stores info/attributes of a process. i. Data structure used for each process, that stores information of a process such as process id, program counter, process state, priority etc. 6. PCB structure: Registers in the PCB, it is a data structure. When a processes is running and it's time slice expires, the current value of process specific registers would be stored in the PCB and the process would be swapped out. When the process is scheduled to be run, the register values is read from the PCB and written to the CPU registers. This is the main purpose of the registers in the PCB. CodeHelp

connected computer node s. -collection of independent, networked, communicating, and physically separate computational nodes. -Real time error free, c omputations within tight-time boundaries. -Air Traffic control system, ROBOTS etc. CodeHelp LEC-3: Multi-Tasking vs Multi-Threading Program : A Program is an executable file which contains a certain set of instructions written to complete the specific job or operation on your computer. •It’s a compiled code. Ready to be executed. •Stored in Disk Process : Program under execution. R esides in Computer’s primary memory (RAM). Thread: •Single sequence stream within a pr ocess. •An independent path of execution in a process. •Light-weight process. •Used to achieve parallelism by dividing a process’s tasks which are independent path of execution. •E.g., Multiple tabs in a browser, text editor (When you are typing in an editor, spell-checking, formatting of text and saving the text are done concurrently by multiplethreads.) Multi-Tasking Multi-Threading The execution of more than one task simultaneously is called as multitasking. A process is divided into several different sub-tasks called as threads, which has its own path of execution. This concept is called as multithreading. Concept of more than 1 processes being context switched. Concept of more than 1 thread. Threads are context switched. No. of CPU 1. No. of CP U >= 1. (Better to have more than 1) Isolation and memory protection exists. OS must allocate separate memory and resources to each program that CPU is executing. No isolation and memory prote ction , resources are shared among threads of that process. OS allocates memory to a process; multiple threads of that process share the same memory and resources allocated to the process.

number of processes in the memory. a. LTS controls degree of multi-programming. 4. Dispatcher: The module of OS that gives control of CPU to a process selected by STS. CodeHelp

Generate the study guide JSON.
IMPORTANT: Only use the CONTEXT if it strictly belongs to the SUBJECT (None). If the context is about a different subject (e.g., Operating Systems), IGNORE the context entirely and use your general knowledge.

2026-06-23 14:04:12,410 - INFO - -------------------------------------------------------
2026-06-23 14:04:12,827 - INFO - --- LLM PROMPT (Subject: None, Topic: Python Syntax & Basics) ---
2026-06-23 14:04:12,828 - INFO - SYSTEM PROMPT:
You are teaching a first-year B.Tech CSE student.
Given the topic and context, generate a highly rigorous and extremely detailed technical study guide using ONLY valid JSON.

Your output must follow this strict JSON format:
{
    "notes": [
        {"type": "heading", "text": "Advanced Concept / Deep Dive"},
        {"type": "paragraph", "text": "In-depth technical explanation, covering edge cases, under-the-hood workings, and performance implications..."},
        {"type": "highlight", "variant": "constructive", "title": "Interview Pro-Tip", "text": "Crucial detail often asked in interviews..."},
        {"type": "code_block", "language": "python", "title": "Complex Implementation", "code": "def complex_algo(): pass"},
        {"type": "note", "text": "Advanced side note or historical context"}
    ],
    "revision": {
        "title": "Interview Cheat Sheet",
        "points": [
            {"id": 1, "text": "Advanced point 1"},
            {"id": 2, "text": "Advanced point 2"}
        ]
    }
}

RULES:
- `notes` array must use types: 'heading', 'paragraph', 'highlight' (variant: 'constructive' or 'destructive'), 'code_block' (include 'language', 'title', 'code'), or 'note'.
- The content MUST be highly rigorous and technically deep. Include complex edge cases, advanced theory, real-world system design implications, and interview-level insights. 
- NEVER generate basic, high-level, or "kidish" overviews. Assume the reader is preparing for a Senior or top-tier placement.
- Generate content ONLY within the context of the provided subject. Do not include concepts from other subjects. For example, if the topic is "Control Flow" and the subject is "Programming Fundamentals", focus on programming logic (if/else, loops) and DO NOT discuss Operating Systems concepts like semaphores or mutexes.
- `revision` should have 3-5 hard-hitting, concise bullet points.
- Do not use markdown fencing (e.g. ```json). Just return the raw JSON object.

2026-06-23 14:04:12,828 - INFO - USER PROMPT:
SUBJECT:
None

TOPIC:
Python Syntax & Basics

CONTEXT:
Subject / Context: General Computer Science
(But Program counter, registers & stack are include d.) Includes switching of memory address space. Fast switching. Slow switching. CPU’s cache state is preserved. CPU’s cache state is flushed. CodeHelp LEC-4: Components of OS1.Kernel: A kernel is that part of the operating system which interacts directly with the hardware and performs the most crucial tasks.a.Heart of OS/Core componentb.Very first part of OS to load on start-up.2.User space: Where application software runs, apps don’t have privileged access to the underlying hardware. It interacts with kernel.a.GUIb.CLIA shell, also known as a command interpreter, is that part of the operating system that receives commands from the users and gets them executed. Functions of Kernel: 1.Process management:a.Scheduling processes and threads on the CPUs.b.Creating & deleting both user and system process.c.Suspending and resuming processesd.Providing mechanisms for process synchronization or process communication.2.Memory management:a.Allocating and deallocating memory space as per need.b.Keeping track of which part of memory are currently being used and by which process.3.File management:a.Creating and deleting files.b.Creating and deleting directories to organize files.c.Mapping files into secondary storage.d.Backup support onto a stable storage media.4.I/O management: to manage and control I/O operations and I/O devicesa.Buffering (data copy between two devices), caching and spooling.i.Spooling1.Within differing speed two jobs.2.Eg. Print spooling and mail spooling.ii.Buffering1.Within one job.2.Eg. Youtube video bufferingiii.Caching1.Memory caching, Web caching etc.a.All functions are in kernel itself.b.Bulky in size.c.Memory required to run is high.d.Less reliable, one module crashes -> whole kernel is down.e.High performance as communication is fast. (Less user mode, kernelmode overheads)f.Eg. Linux, Unix, MS-DOS.Types of Kernels: 1.Monolithic kernelCodeHelp

Complex Preemption No No Yes No Yes Yes Yes Yes Convoy effect Yes Yes No Yes Yes No Yes Yes Overhead No No Yes No Yes Yes Yes Yes CodeHelpµ⑧ LEC- 15: Introduction to Co ncurrency 1. Concurrency is the execution of the multiple instruction sequences at the same time. It happens in the operating system when there are several process threads running in parallel. 2. Thread: • Single sequence stream within a process. • An independent path of execution in a process. • Light-weight process. • Used to achieve parallelism by dividing a process’s tasks which are independent path of execution. • E.g., Multiple tabs in a browser, text editor (When you are typing in an editor, spellchecking, formatting of text and saving the text are done concurrently by multiple threads.) 3. Thread Scheduling: Threads are scheduled for execution based on their priority. Even though threads are executing within the runtime, all threads are assigned processor time slices by the operating system. 4. Threads context switching • OS saves current state of thread & switches to another thread of same process. • Doesn’t includes switching of memory address space. (But Program counter, registers & stack are included.) • Fast switching as compared to process switching • CPU’s cache state is preserved. 5. How each thread get access to the CPU? • Each thread has its own program counter. • Depending upon the thread scheduling algorithm, OS schedule these threads. • OS will fetch instructions corresponding to PC of that thread and execute instruction. 6.

and kernel mode?Ans. Inter process communication (IPC).1.Two processes executing independently, having independent memory space (Memory protection), But some may need to communicate to work.2.Done by shared memory and message passing.CodeHelp LEC-5: System Calls How do apps interact with Kernel? -> using system calls. Eg. Mkdir laks - Mkdir indirectly calls kernel and asked the file mgmt. module to create a new directory. - Mkdir is just a wrapper of actual system calls. - Mkdir interacts with kernel using system calls. Eg. Creating a process. - User executes a process. (User space) - Gets system call. (US) - Exec system call to create a process. (KS) - Return to US. Transitions from US to KS done by software interrupts. System calls are implemented in C. A system call is a mechanism using which a user program can request a service from the kernel for which it does not have the permission to perform. User programs typically do not have permission to perform operations like accessing I/O devices and communicating other programs. System Calls are the only way through which a process can go into kernel mode from user mode.

UNIT 1 AN INTRODUCTION TO OPERATING SYSTEMS Application software performs specific task for the user. System software operates and controls the computer system and provides a platform to run application software. An operating system is a piece of software that manages all the resources of a computer system, both hardware and software, and provides an environment in which the user can execute his/her programs in a convenient and efficient manner by hiding underlying complexity of the hardware and acting as a resource manager. Why OS? 1.What if there is no OS? a.Bulky and complex app. (Hardware interaction code must be in app’ s code base) b.Resource exploitation by 1 App. c.No memory protection. 2.What is an OS made up of? a.Collection of system software. An operating system function - - Access to the computer hardware. -interface between the user and the computer hardware -Resource management (Aka, Arbitration) (memory, device, file, security, process etc) -Hides the underlying complexity of the hardware. (Aka, Abstraction) -facilitates execution of application programs by providing isolation and protection. User Application programs Operating system Computer hardware The operating system provides the means for proper use of the resources in the operation of the computer system.

ory. ii.User can never access the physical address of the Program . iii. The physical address is in the memory unit. It’s a location in the main memory physically. iv. A physical address can be accessed by a user indirectly b ut not directly. v.The set of all physical addresses corresponding to the Logical addresses is commonlyknown as Physical Address Space. vi. It is computed by the Memory Management Unit ( MMU). vii. Range: (R + 0) to (R + max) , for a base value R. c. The runtime mapping from virtual to physical address is done by a hardware device called t he memory -ma nagement un it (MMU). d. The user's program mainly generates the lo gical address, and the user thinks that the program i s running in this logical addr ess, but the program mainly needs physical memory in order to complete its execution . e. 4. How OS manages the isolation and prote ct? (Memory Mapping and Protection) a. OS provides this Virtual Address Space (VAS) concept . b. To separate memor y space , we need the abi lity to determine the range of legal addresses that the process may access and to ensure th at the process can access only these legal addresses. c. The relocation re gister contains value of smallest physical address (Base address [R]); the lim it register contains the ran ge of logical addresses (e.g., relocation = 100040 & limit = 74600). d. Each logical address must be less th an the limit regi ster. CodeHelp

has highest access speed, then comes cache, then main memory. 3. Storage size: a. Secondary has more space. 4. Volatility: a. Primary memory is volatile. b. Secondary is non-volatile. CodeHelp Lec-9: Introduction to Process 1. What is a program? Compiled code, that is ready to execute. 2. What is a process? Program under execution. 3. How OS creates a process? Converting program into a process. STEPS: a. Load the program & static data into memory.b. Allocate runtime stack. c. Heap memory allocation. d. IO tasks.e. OS handoffs control to main (). 4. Architecture of process: 5. Attributes of process: a. Feature that allows identifying a process uniquely. b. Process table i. All processes are being tracked by OS using a table like data structure. ii. Each entry in that table is process control block (PCB). c. PCB: Stores info/attributes of a process. i. Data structure used for each process, that stores information of a process such as process id, program counter, process state, priority etc. 6. PCB structure: Registers in the PCB, it is a data structure. When a processes is running and it's time slice expires, the current value of process specific registers would be stored in the PCB and the process would be swapped out. When the process is scheduled to be run, the register values is read from the PCB and written to the CPU registers. This is the main purpose of the registers in the PCB. CodeHelp

connected computer node s. -collection of independent, networked, communicating, and physically separate computational nodes. -Real time error free, c omputations within tight-time boundaries. -Air Traffic control system, ROBOTS etc. CodeHelp LEC-3: Multi-Tasking vs Multi-Threading Program : A Program is an executable file which contains a certain set of instructions written to complete the specific job or operation on your computer. •It’s a compiled code. Ready to be executed. •Stored in Disk Process : Program under execution. R esides in Computer’s primary memory (RAM). Thread: •Single sequence stream within a pr ocess. •An independent path of execution in a process. •Light-weight process. •Used to achieve parallelism by dividing a process’s tasks which are independent path of execution. •E.g., Multiple tabs in a browser, text editor (When you are typing in an editor, spell-checking, formatting of text and saving the text are done concurrently by multiplethreads.) Multi-Tasking Multi-Threading The execution of more than one task simultaneously is called as multitasking. A process is divided into several different sub-tasks called as threads, which has its own path of execution. This concept is called as multithreading. Concept of more than 1 processes being context switched. Concept of more than 1 thread. Threads are context switched. No. of CPU 1. No. of CP U >= 1. (Better to have more than 1) Isolation and memory protection exists. OS must allocate separate memory and resources to each program that CPU is executing. No isolation and memory prote ction , resources are shared among threads of that process. OS allocates memory to a process; multiple threads of that process share the same memory and resources allocated to the process.

number of processes in the memory. a. LTS controls degree of multi-programming. 4. Dispatcher: The module of OS that gives control of CPU to a process selected by STS. CodeHelp

Generate the study guide JSON.
IMPORTANT: Only use the CONTEXT if it strictly belongs to the SUBJECT (None). If the context is about a different subject (e.g., Operating Systems), IGNORE the context entirely and use your general knowledge.

2026-06-23 14:04:12,828 - INFO - -------------------------------------------------------
2026-06-23 14:04:12,829 - INFO - --- LLM PROMPT (Subject: None, Topic: Python Syntax & Basics) ---
2026-06-23 14:04:12,830 - INFO - SYSTEM PROMPT:
You are teaching a first-year B.Tech CSE student.
Given the topic and context, generate a highly rigorous and extremely detailed technical study guide using ONLY valid JSON.

Your output must follow this strict JSON format:
{
    "notes": [
        {"type": "heading", "text": "Advanced Concept / Deep Dive"},
        {"type": "paragraph", "text": "In-depth technical explanation, covering edge cases, under-the-hood workings, and performance implications..."},
        {"type": "highlight", "variant": "constructive", "title": "Interview Pro-Tip", "text": "Crucial detail often asked in interviews..."},
        {"type": "code_block", "language": "python", "title": "Complex Implementation", "code": "def complex_algo(): pass"},
        {"type": "note", "text": "Advanced side note or historical context"}
    ],
    "revision": {
        "title": "Interview Cheat Sheet",
        "points": [
            {"id": 1, "text": "Advanced point 1"},
            {"id": 2, "text": "Advanced point 2"}
        ]
    }
}

RULES:
- `notes` array must use types: 'heading', 'paragraph', 'highlight' (variant: 'constructive' or 'destructive'), 'code_block' (include 'language', 'title', 'code'), or 'note'.
- The content MUST be highly rigorous and technically deep. Include complex edge cases, advanced theory, real-world system design implications, and interview-level insights. 
- NEVER generate basic, high-level, or "kidish" overviews. Assume the reader is preparing for a Senior or top-tier placement.
- Generate content ONLY within the context of the provided subject. Do not include concepts from other subjects. For example, if the topic is "Control Flow" and the subject is "Programming Fundamentals", focus on programming logic (if/else, loops) and DO NOT discuss Operating Systems concepts like semaphores or mutexes.
- `revision` should have 3-5 hard-hitting, concise bullet points.
- Do not use markdown fencing (e.g. ```json). Just return the raw JSON object.

2026-06-23 14:04:12,830 - INFO - USER PROMPT:
SUBJECT:
None

TOPIC:
Python Syntax & Basics

CONTEXT:
Subject / Context: General Computer Science
(But Program counter, registers & stack are include d.) Includes switching of memory address space. Fast switching. Slow switching. CPU’s cache state is preserved. CPU’s cache state is flushed. CodeHelp LEC-4: Components of OS1.Kernel: A kernel is that part of the operating system which interacts directly with the hardware and performs the most crucial tasks.a.Heart of OS/Core componentb.Very first part of OS to load on start-up.2.User space: Where application software runs, apps don’t have privileged access to the underlying hardware. It interacts with kernel.a.GUIb.CLIA shell, also known as a command interpreter, is that part of the operating system that receives commands from the users and gets them executed. Functions of Kernel: 1.Process management:a.Scheduling processes and threads on the CPUs.b.Creating & deleting both user and system process.c.Suspending and resuming processesd.Providing mechanisms for process synchronization or process communication.2.Memory management:a.Allocating and deallocating memory space as per need.b.Keeping track of which part of memory are currently being used and by which process.3.File management:a.Creating and deleting files.b.Creating and deleting directories to organize files.c.Mapping files into secondary storage.d.Backup support onto a stable storage media.4.I/O management: to manage and control I/O operations and I/O devicesa.Buffering (data copy between two devices), caching and spooling.i.Spooling1.Within differing speed two jobs.2.Eg. Print spooling and mail spooling.ii.Buffering1.Within one job.2.Eg. Youtube video bufferingiii.Caching1.Memory caching, Web caching etc.a.All functions are in kernel itself.b.Bulky in size.c.Memory required to run is high.d.Less reliable, one module crashes -> whole kernel is down.e.High performance as communication is fast. (Less user mode, kernelmode overheads)f.Eg. Linux, Unix, MS-DOS.Types of Kernels: 1.Monolithic kernelCodeHelp

Complex Preemption No No Yes No Yes Yes Yes Yes Convoy effect Yes Yes No Yes Yes No Yes Yes Overhead No No Yes No Yes Yes Yes Yes CodeHelpµ⑧ LEC- 15: Introduction to Co ncurrency 1. Concurrency is the execution of the multiple instruction sequences at the same time. It happens in the operating system when there are several process threads running in parallel. 2. Thread: • Single sequence stream within a process. • An independent path of execution in a process. • Light-weight process. • Used to achieve parallelism by dividing a process’s tasks which are independent path of execution. • E.g., Multiple tabs in a browser, text editor (When you are typing in an editor, spellchecking, formatting of text and saving the text are done concurrently by multiple threads.) 3. Thread Scheduling: Threads are scheduled for execution based on their priority. Even though threads are executing within the runtime, all threads are assigned processor time slices by the operating system. 4. Threads context switching • OS saves current state of thread & switches to another thread of same process. • Doesn’t includes switching of memory address space. (But Program counter, registers & stack are included.) • Fast switching as compared to process switching • CPU’s cache state is preserved. 5. How each thread get access to the CPU? • Each thread has its own program counter. • Depending upon the thread scheduling algorithm, OS schedule these threads. • OS will fetch instructions corresponding to PC of that thread and execute instruction. 6.

and kernel mode?Ans. Inter process communication (IPC).1.Two processes executing independently, having independent memory space (Memory protection), But some may need to communicate to work.2.Done by shared memory and message passing.CodeHelp LEC-5: System Calls How do apps interact with Kernel? -> using system calls. Eg. Mkdir laks - Mkdir indirectly calls kernel and asked the file mgmt. module to create a new directory. - Mkdir is just a wrapper of actual system calls. - Mkdir interacts with kernel using system calls. Eg. Creating a process. - User executes a process. (User space) - Gets system call. (US) - Exec system call to create a process. (KS) - Return to US. Transitions from US to KS done by software interrupts. System calls are implemented in C. A system call is a mechanism using which a user program can request a service from the kernel for which it does not have the permission to perform. User programs typically do not have permission to perform operations like accessing I/O devices and communicating other programs. System Calls are the only way through which a process can go into kernel mode from user mode.

UNIT 1 AN INTRODUCTION TO OPERATING SYSTEMS Application software performs specific task for the user. System software operates and controls the computer system and provides a platform to run application software. An operating system is a piece of software that manages all the resources of a computer system, both hardware and software, and provides an environment in which the user can execute his/her programs in a convenient and efficient manner by hiding underlying complexity of the hardware and acting as a resource manager. Why OS? 1.What if there is no OS? a.Bulky and complex app. (Hardware interaction code must be in app’ s code base) b.Resource exploitation by 1 App. c.No memory protection. 2.What is an OS made up of? a.Collection of system software. An operating system function - - Access to the computer hardware. -interface between the user and the computer hardware -Resource management (Aka, Arbitration) (memory, device, file, security, process etc) -Hides the underlying complexity of the hardware. (Aka, Abstraction) -facilitates execution of application programs by providing isolation and protection. User Application programs Operating system Computer hardware The operating system provides the means for proper use of the resources in the operation of the computer system.

ory. ii.User can never access the physical address of the Program . iii. The physical address is in the memory unit. It’s a location in the main memory physically. iv. A physical address can be accessed by a user indirectly b ut not directly. v.The set of all physical addresses corresponding to the Logical addresses is commonlyknown as Physical Address Space. vi. It is computed by the Memory Management Unit ( MMU). vii. Range: (R + 0) to (R + max) , for a base value R. c. The runtime mapping from virtual to physical address is done by a hardware device called t he memory -ma nagement un it (MMU). d. The user's program mainly generates the lo gical address, and the user thinks that the program i s running in this logical addr ess, but the program mainly needs physical memory in order to complete its execution . e. 4. How OS manages the isolation and prote ct? (Memory Mapping and Protection) a. OS provides this Virtual Address Space (VAS) concept . b. To separate memor y space , we need the abi lity to determine the range of legal addresses that the process may access and to ensure th at the process can access only these legal addresses. c. The relocation re gister contains value of smallest physical address (Base address [R]); the lim it register contains the ran ge of logical addresses (e.g., relocation = 100040 & limit = 74600). d. Each logical address must be less th an the limit regi ster. CodeHelp

has highest access speed, then comes cache, then main memory. 3. Storage size: a. Secondary has more space. 4. Volatility: a. Primary memory is volatile. b. Secondary is non-volatile. CodeHelp Lec-9: Introduction to Process 1. What is a program? Compiled code, that is ready to execute. 2. What is a process? Program under execution. 3. How OS creates a process? Converting program into a process. STEPS: a. Load the program & static data into memory.b. Allocate runtime stack. c. Heap memory allocation. d. IO tasks.e. OS handoffs control to main (). 4. Architecture of process: 5. Attributes of process: a. Feature that allows identifying a process uniquely. b. Process table i. All processes are being tracked by OS using a table like data structure. ii. Each entry in that table is process control block (PCB). c. PCB: Stores info/attributes of a process. i. Data structure used for each process, that stores information of a process such as process id, program counter, process state, priority etc. 6. PCB structure: Registers in the PCB, it is a data structure. When a processes is running and it's time slice expires, the current value of process specific registers would be stored in the PCB and the process would be swapped out. When the process is scheduled to be run, the register values is read from the PCB and written to the CPU registers. This is the main purpose of the registers in the PCB. CodeHelp

connected computer node s. -collection of independent, networked, communicating, and physically separate computational nodes. -Real time error free, c omputations within tight-time boundaries. -Air Traffic control system, ROBOTS etc. CodeHelp LEC-3: Multi-Tasking vs Multi-Threading Program : A Program is an executable file which contains a certain set of instructions written to complete the specific job or operation on your computer. •It’s a compiled code. Ready to be executed. •Stored in Disk Process : Program under execution. R esides in Computer’s primary memory (RAM). Thread: •Single sequence stream within a pr ocess. •An independent path of execution in a process. •Light-weight process. •Used to achieve parallelism by dividing a process’s tasks which are independent path of execution. •E.g., Multiple tabs in a browser, text editor (When you are typing in an editor, spell-checking, formatting of text and saving the text are done concurrently by multiplethreads.) Multi-Tasking Multi-Threading The execution of more than one task simultaneously is called as multitasking. A process is divided into several different sub-tasks called as threads, which has its own path of execution. This concept is called as multithreading. Concept of more than 1 processes being context switched. Concept of more than 1 thread. Threads are context switched. No. of CPU 1. No. of CP U >= 1. (Better to have more than 1) Isolation and memory protection exists. OS must allocate separate memory and resources to each program that CPU is executing. No isolation and memory prote ction , resources are shared among threads of that process. OS allocates memory to a process; multiple threads of that process share the same memory and resources allocated to the process.

number of processes in the memory. a. LTS controls degree of multi-programming. 4. Dispatcher: The module of OS that gives control of CPU to a process selected by STS. CodeHelp

Generate the study guide JSON.
IMPORTANT: Only use the CONTEXT if it strictly belongs to the SUBJECT (None). If the context is about a different subject (e.g., Operating Systems), IGNORE the context entirely and use your general knowledge.

2026-06-23 14:04:12,830 - INFO - -------------------------------------------------------
2026-06-23 14:04:25,103 - INFO - CACHE MISS: topic='Python Syntax & Basics', subject='None'
2026-06-23 14:05:17,058 - INFO - CACHE MISS: topic='Python Syntax & Basics', subject='None'
2026-06-23 14:05:28,633 - INFO - CACHE MISS: topic='Python Syntax & Basics', subject='None'
2026-06-23 14:05:30,630 - INFO - CACHE MISS: topic='Python Syntax & Basics', subject='None'
2026-06-23 14:05:33,862 - INFO - CACHE MISS: topic='Python Syntax & Basics', subject='None'
2026-06-23 14:12:57,417 - ERROR - [PracticeEngine] Failed to save topics cache to disk: [Errno 13] Permission denied: '/home/galaxy/Desktop/Student_System/Backend/services/topics_cache.json'
2026-06-23 14:13:03,320 - ERROR - [PracticeEngine] Failed to save topics cache to disk: [Errno 13] Permission denied: '/home/galaxy/Desktop/Student_System/Backend/services/topics_cache.json'
2026-06-23 14:13:04,302 - ERROR - [PracticeEngine] Failed to save topics cache to disk: [Errno 13] Permission denied: '/home/galaxy/Desktop/Student_System/Backend/services/topics_cache.json'
2026-06-23 14:13:04,316 - INFO - [PracticeEngine] Returning cached topics hierarchy for student 3
2026-06-23 14:13:04,333 - INFO - [PracticeEngine] Returning cached topics hierarchy for student 3
2026-06-23 14:13:04,333 - INFO - [PracticeEngine] Returning cached topics hierarchy for student 3
2026-06-23 14:13:04,402 - INFO - [PracticeEngine] Returning cached topics hierarchy for student 3
2026-06-23 14:13:04,407 - INFO - [PracticeEngine] Returning cached topics hierarchy for student 3
2026-06-23 14:13:04,711 - INFO - [PracticeEngine] Returning cached topics hierarchy for student 3
2026-06-23 14:13:04,838 - INFO - --- LLM PROMPT (Subject: None, Topic: Database System Concepts) ---
2026-06-23 14:13:04,839 - INFO - SYSTEM PROMPT:
You are teaching a first-year B.Tech CSE student.
Given the topic and context, generate a highly rigorous and extremely detailed technical study guide using ONLY valid JSON.

Your output must follow this strict JSON format:
{
    "notes": [
        {"type": "heading", "text": "Advanced Concept / Deep Dive"},
        {"type": "paragraph", "text": "In-depth technical explanation, covering edge cases, under-the-hood workings, and performance implications..."},
        {"type": "highlight", "variant": "constructive", "title": "Interview Pro-Tip", "text": "Crucial detail often asked in interviews..."},
        {"type": "code_block", "language": "python", "title": "Complex Implementation", "code": "def complex_algo(): pass"},
        {"type": "note", "text": "Advanced side note or historical context"}
    ],
    "revision": {
        "title": "Interview Cheat Sheet",
        "points": [
            {"id": 1, "text": "Advanced point 1"},
            {"id": 2, "text": "Advanced point 2"}
        ]
    }
}

RULES:
- `notes` array must use types: 'heading', 'paragraph', 'highlight' (variant: 'constructive' or 'destructive'), 'code_block' (include 'language', 'title', 'code'), or 'note'.
- The content MUST be highly rigorous and technically deep. Include complex edge cases, advanced theory, real-world system design implications, and interview-level insights. 
- NEVER generate basic, high-level, or "kidish" overviews. Assume the reader is preparing for a Senior or top-tier placement.
- Generate content ONLY within the context of the provided subject. Do not include concepts from other subjects. For example, if the topic is "Control Flow" and the subject is "Programming Fundamentals", focus on programming logic (if/else, loops) and DO NOT discuss Operating Systems concepts like semaphores or mutexes.
- `revision` should have 3-5 hard-hitting, concise bullet points.
- Do not use markdown fencing (e.g. ```json). Just return the raw JSON object.

2026-06-23 14:13:04,841 - INFO - USER PROMPT:
SUBJECT:
None

TOPIC:
Database System Concepts

CONTEXT:
Subject / Context: General Computer Science
UNIT 1 AN INTRODUCTION TO OPERATING SYSTEMS Application software performs specific task for the user. System software operates and controls the computer system and provides a platform to run application software. An operating system is a piece of software that manages all the resources of a computer system, both hardware and software, and provides an environment in which the user can execute his/her programs in a convenient and efficient manner by hiding underlying complexity of the hardware and acting as a resource manager. Why OS? 1.What if there is no OS? a.Bulky and complex app. (Hardware interaction code must be in app’ s code base) b.Resource exploitation by 1 App. c.No memory protection. 2.What is an OS made up of? a.Collection of system software. An operating system function - - Access to the computer hardware. -interface between the user and the computer hardware -Resource management (Aka, Arbitration) (memory, device, file, security, process etc) -Hides the underlying complexity of the hardware. (Aka, Abstraction) -facilitates execution of application programs by providing isolation and protection. User Application programs Operating system Computer hardware The operating system provides the means for proper use of the resources in the operation of the computer system.

a singl e computer. -Increases reliability, 1 CPU fails, othercan work -Better throughput. -Lesser process starvation, (if 1 CPU isworking on some process, other can beexecuted on other CPU. CodeHelp Distri bute d OS, RTOS -OS manages many b unches of resources, >=1 CPUs, >=1 memory, >=1 GPUs, etc -Loosely connected autonomous, inter connected computer node s. -collection of independent, networked, communicating, and physically separate computational nodes. -Real time error free, c omputations within tight-time boundaries. -Air Traffic control system, ROBOTS etc. CodeHelp

has highest access speed, then comes cache, then main memory. 3. Storage size: a. Secondary has more space. 4. Volatility: a. Primary memory is volatile. b. Secondary is non-volatile. CodeHelp Lec-9: Introduction to Process 1. What is a program? Compiled code, that is ready to execute. 2. What is a process? Program under execution. 3. How OS creates a process? Converting program into a process. STEPS: a. Load the program & static data into memory.b. Allocate runtime stack. c. Heap memory allocation. d. IO tasks.e. OS handoffs control to main (). 4. Architecture of process: 5. Attributes of process: a. Feature that allows identifying a process uniquely. b. Process table i. All processes are being tracked by OS using a table like data structure. ii. Each entry in that table is process control block (PCB). c. PCB: Stores info/attributes of a process. i. Data structure used for each process, that stores information of a process such as process id, program counter, process state, priority etc. 6. PCB structure: Registers in the PCB, it is a data structure. When a processes is running and it's time slice expires, the current value of process specific registers would be stored in the PCB and the process would be swapped out. When the process is scheduled to be run, the register values is read from the PCB and written to the CPU registers. This is the main purpose of the registers in the PCB. CodeHelp

Compatibility: 64-bit CPU can run both 32-bit and 64-bit OS. While 32-bit CPU can only run 32-bit OS. e. Better Graphics performance: 8-bytes graphics calculations make graphics-intensive appsrun faster. CodeHelp Lec-8: Storage Devices Basics What are the different memory present in the computer system? 1. Register: Smallest unit of storage. It is a part of CPU itself. A register may hold an instruction, a storage address, or any data (such as bit sequence or individual characters). Registers are a type of computer memory used to quickly accept, store, and transfer data and instructions that are being used immediately by the CPU. 2. Cache: Additional memory system that temporarily stores frequently used instructions and data for quicker processing by the CPU. 3. Main Memory: RAM. 4. Secondary Memory: Storage media, on which computer can store data & programs. Comparison 1. Cost : a. Primary storages are costly. b. Registers are most expensive due to expensive semiconductors & labour. c.Secondary storages are cheaper than primary. 2. Access Speed: a. Primary has higher access speed than secondary memory. b. Registers has highest access speed, then comes cache, then main memory. 3. Storage size: a. Secondary has more space. 4. Volatility: a. Primary memory is volatile. b. Secondary is non-volatile. CodeHelp

providing isolation and protection. User Application programs Operating system Computer hardware The operating system provides the means for proper use of the resources in the operation of the computer system. OS goals – •Maximum CPU utilization •Less process starvation •Higher priority job execution Types of operating systems – [MS DOS, 1981] [ATLAS, Manchester Univ., late 1950s – early 1960s] -Multiprogramming operating system [THE, Dijkstra, early 1960s]-Single process operating system -Batch -processing operating system -Multitasking operating system -Multi -processing operating system -Distributed system -Real time OS[CTSS, MIT, early 1960s] [Windows NT] [LOCUS ] [ATCS] LEC-2: Types of OS CodeHelp

contains t he same type of functions such as the main function can be included in one segment and the library functions can be included in the other segment. 9. .Advantages : a. No internal fragmentation. b. One segment has a contiguous allocation , hence efficient working within segment. c. The size o f segment table is gen erally less than the size of page table. d. It results in a more efficient system because the compiler keeps the same type of functions in one segment. 11. Disadvantages: a. External fragmentation. b. The d ifferent size of segment is not goo d that the time of swapping. 12. Modern System architecture provides both segmentation and paging implemented in some hybrid approach. CodeHelp

(But Program counter, registers & stack are include d.) Includes switching of memory address space. Fast switching. Slow switching. CPU’s cache state is preserved. CPU’s cache state is flushed. CodeHelp LEC-4: Components of OS1.Kernel: A kernel is that part of the operating system which interacts directly with the hardware and performs the most crucial tasks.a.Heart of OS/Core componentb.Very first part of OS to load on start-up.2.User space: Where application software runs, apps don’t have privileged access to the underlying hardware. It interacts with kernel.a.GUIb.CLIA shell, also known as a command interpreter, is that part of the operating system that receives commands from the users and gets them executed. Functions of Kernel: 1.Process management:a.Scheduling processes and threads on the CPUs.b.Creating & deleting both user and system process.c.Suspending and resuming processesd.Providing mechanisms for process synchronization or process communication.2.Memory management:a.Allocating and deallocating memory space as per need.b.Keeping track of which part of memory are currently being used and by which process.3.File management:a.Creating and deleting files.b.Creating and deleting directories to organize files.c.Mapping files into secondary storage.d.Backup support onto a stable storage media.4.I/O management: to manage and control I/O operations and I/O devicesa.Buffering (data copy between two devices), caching and spooling.i.Spooling1.Within differing speed two jobs.2.Eg. Print spooling and mail spooling.ii.Buffering1.Within one job.2.Eg. Youtube video bufferingiii.Caching1.Memory caching, Web caching etc.a.All functions are in kernel itself.b.Bulky in size.c.Memory required to run is high.d.Less reliable, one module crashes -> whole kernel is down.e.High performance as communication is fast. (Less user mode, kernelmode overheads)f.Eg. Linux, Unix, MS-DOS.Types of Kernels: 1.Monolithic kernelCodeHelp

connected computer node s. -collection of independent, networked, communicating, and physically separate computational nodes. -Real time error free, c omputations within tight-time boundaries. -Air Traffic control system, ROBOTS etc. CodeHelp LEC-3: Multi-Tasking vs Multi-Threading Program : A Program is an executable file which contains a certain set of instructions written to complete the specific job or operation on your computer. •It’s a compiled code. Ready to be executed. •Stored in Disk Process : Program under execution. R esides in Computer’s primary memory (RAM). Thread: •Single sequence stream within a pr ocess. •An independent path of execution in a process. •Light-weight process. •Used to achieve parallelism by dividing a process’s tasks which are independent path of execution. •E.g., Multiple tabs in a browser, text editor (When you are typing in an editor, spell-checking, formatting of text and saving the text are done concurrently by multiplethreads.) Multi-Tasking Multi-Threading The execution of more than one task simultaneously is called as multitasking. A process is divided into several different sub-tasks called as threads, which has its own path of execution. This concept is called as multithreading. Concept of more than 1 processes being context switched. Concept of more than 1 thread. Threads are context switched. No. of CPU 1. No. of CP U >= 1. (Better to have more than 1) Isolation and memory protection exists. OS must allocate separate memory and resources to each program that CPU is executing. No isolation and memory prote ction , resources are shared among threads of that process. OS allocates memory to a process; multiple threads of that process share the same memory and resources allocated to the process.

Generate the study guide JSON.
IMPORTANT: Only use the CONTEXT if it strictly belongs to the SUBJECT (None). If the context is about a different subject (e.g., Operating Systems), IGNORE the context entirely and use your general knowledge.

2026-06-23 14:13:04,841 - INFO - [PracticeEngine] Returning cached topics hierarchy for student 3
2026-06-23 14:13:04,841 - INFO - -------------------------------------------------------
2026-06-23 14:13:04,934 - INFO - [PracticeEngine] Returning cached topics hierarchy for student 3
2026-06-23 14:13:25,262 - INFO - --- LLM PROMPT (Subject: None, Topic: Database System Concepts) ---
2026-06-23 14:13:25,263 - INFO - --- LLM PROMPT (Subject: None, Topic: Database System Concepts) ---
2026-06-23 14:13:25,264 - INFO - SYSTEM PROMPT:
You are teaching a first-year B.Tech CSE student.
Given the topic and context, generate a highly rigorous and extremely detailed technical study guide using ONLY valid JSON.

Your output must follow this strict JSON format:
{
    "notes": [
        {"type": "heading", "text": "Advanced Concept / Deep Dive"},
        {"type": "paragraph", "text": "In-depth technical explanation, covering edge cases, under-the-hood workings, and performance implications..."},
        {"type": "highlight", "variant": "constructive", "title": "Interview Pro-Tip", "text": "Crucial detail often asked in interviews..."},
        {"type": "code_block", "language": "python", "title": "Complex Implementation", "code": "def complex_algo(): pass"},
        {"type": "note", "text": "Advanced side note or historical context"}
    ],
    "revision": {
        "title": "Interview Cheat Sheet",
        "points": [
            {"id": 1, "text": "Advanced point 1"},
            {"id": 2, "text": "Advanced point 2"}
        ]
    }
}

RULES:
- `notes` array must use types: 'heading', 'paragraph', 'highlight' (variant: 'constructive' or 'destructive'), 'code_block' (include 'language', 'title', 'code'), or 'note'.
- The content MUST be highly rigorous and technically deep. Include complex edge cases, advanced theory, real-world system design implications, and interview-level insights. 
- NEVER generate basic, high-level, or "kidish" overviews. Assume the reader is preparing for a Senior or top-tier placement.
- Generate content ONLY within the context of the provided subject. Do not include concepts from other subjects. For example, if the topic is "Control Flow" and the subject is "Programming Fundamentals", focus on programming logic (if/else, loops) and DO NOT discuss Operating Systems concepts like semaphores or mutexes.
- `revision` should have 3-5 hard-hitting, concise bullet points.
- Do not use markdown fencing (e.g. ```json). Just return the raw JSON object.

2026-06-23 14:13:25,264 - INFO - SYSTEM PROMPT:
You are teaching a first-year B.Tech CSE student.
Given the topic and context, generate a highly rigorous and extremely detailed technical study guide using ONLY valid JSON.

Your output must follow this strict JSON format:
{
    "notes": [
        {"type": "heading", "text": "Advanced Concept / Deep Dive"},
        {"type": "paragraph", "text": "In-depth technical explanation, covering edge cases, under-the-hood workings, and performance implications..."},
        {"type": "highlight", "variant": "constructive", "title": "Interview Pro-Tip", "text": "Crucial detail often asked in interviews..."},
        {"type": "code_block", "language": "python", "title": "Complex Implementation", "code": "def complex_algo(): pass"},
        {"type": "note", "text": "Advanced side note or historical context"}
    ],
    "revision": {
        "title": "Interview Cheat Sheet",
        "points": [
            {"id": 1, "text": "Advanced point 1"},
            {"id": 2, "text": "Advanced point 2"}
        ]
    }
}

RULES:
- `notes` array must use types: 'heading', 'paragraph', 'highlight' (variant: 'constructive' or 'destructive'), 'code_block' (include 'language', 'title', 'code'), or 'note'.
- The content MUST be highly rigorous and technically deep. Include complex edge cases, advanced theory, real-world system design implications, and interview-level insights. 
- NEVER generate basic, high-level, or "kidish" overviews. Assume the reader is preparing for a Senior or top-tier placement.
- Generate content ONLY within the context of the provided subject. Do not include concepts from other subjects. For example, if the topic is "Control Flow" and the subject is "Programming Fundamentals", focus on programming logic (if/else, loops) and DO NOT discuss Operating Systems concepts like semaphores or mutexes.
- `revision` should have 3-5 hard-hitting, concise bullet points.
- Do not use markdown fencing (e.g. ```json). Just return the raw JSON object.

2026-06-23 14:13:25,264 - INFO - USER PROMPT:
SUBJECT:
None

TOPIC:
Database System Concepts

CONTEXT:
Subject / Context: General Computer Science
UNIT 1 AN INTRODUCTION TO OPERATING SYSTEMS Application software performs specific task for the user. System software operates and controls the computer system and provides a platform to run application software. An operating system is a piece of software that manages all the resources of a computer system, both hardware and software, and provides an environment in which the user can execute his/her programs in a convenient and efficient manner by hiding underlying complexity of the hardware and acting as a resource manager. Why OS? 1.What if there is no OS? a.Bulky and complex app. (Hardware interaction code must be in app’ s code base) b.Resource exploitation by 1 App. c.No memory protection. 2.What is an OS made up of? a.Collection of system software. An operating system function - - Access to the computer hardware. -interface between the user and the computer hardware -Resource management (Aka, Arbitration) (memory, device, file, security, process etc) -Hides the underlying complexity of the hardware. (Aka, Abstraction) -facilitates execution of application programs by providing isolation and protection. User Application programs Operating system Computer hardware The operating system provides the means for proper use of the resources in the operation of the computer system.

a singl e computer. -Increases reliability, 1 CPU fails, othercan work -Better throughput. -Lesser process starvation, (if 1 CPU isworking on some process, other can beexecuted on other CPU. CodeHelp Distri bute d OS, RTOS -OS manages many b unches of resources, >=1 CPUs, >=1 memory, >=1 GPUs, etc -Loosely connected autonomous, inter connected computer node s. -collection of independent, networked, communicating, and physically separate computational nodes. -Real time error free, c omputations within tight-time boundaries. -Air Traffic control system, ROBOTS etc. CodeHelp

has highest access speed, then comes cache, then main memory. 3. Storage size: a. Secondary has more space. 4. Volatility: a. Primary memory is volatile. b. Secondary is non-volatile. CodeHelp Lec-9: Introduction to Process 1. What is a program? Compiled code, that is ready to execute. 2. What is a process? Program under execution. 3. How OS creates a process? Converting program into a process. STEPS: a. Load the program & static data into memory.b. Allocate runtime stack. c. Heap memory allocation. d. IO tasks.e. OS handoffs control to main (). 4. Architecture of process: 5. Attributes of process: a. Feature that allows identifying a process uniquely. b. Process table i. All processes are being tracked by OS using a table like data structure. ii. Each entry in that table is process control block (PCB). c. PCB: Stores info/attributes of a process. i. Data structure used for each process, that stores information of a process such as process id, program counter, process state, priority etc. 6. PCB structure: Registers in the PCB, it is a data structure. When a processes is running and it's time slice expires, the current value of process specific registers would be stored in the PCB and the process would be swapped out. When the process is scheduled to be run, the register values is read from the PCB and written to the CPU registers. This is the main purpose of the registers in the PCB. CodeHelp

Compatibility: 64-bit CPU can run both 32-bit and 64-bit OS. While 32-bit CPU can only run 32-bit OS. e. Better Graphics performance: 8-bytes graphics calculations make graphics-intensive appsrun faster. CodeHelp Lec-8: Storage Devices Basics What are the different memory present in the computer system? 1. Register: Smallest unit of storage. It is a part of CPU itself. A register may hold an instruction, a storage address, or any data (such as bit sequence or individual characters). Registers are a type of computer memory used to quickly accept, store, and transfer data and instructions that are being used immediately by the CPU. 2. Cache: Additional memory system that temporarily stores frequently used instructions and data for quicker processing by the CPU. 3. Main Memory: RAM. 4. Secondary Memory: Storage media, on which computer can store data & programs. Comparison 1. Cost : a. Primary storages are costly. b. Registers are most expensive due to expensive semiconductors & labour. c.Secondary storages are cheaper than primary. 2. Access Speed: a. Primary has higher access speed than secondary memory. b. Registers has highest access speed, then comes cache, then main memory. 3. Storage size: a. Secondary has more space. 4. Volatility: a. Primary memory is volatile. b. Secondary is non-volatile. CodeHelp

providing isolation and protection. User Application programs Operating system Computer hardware The operating system provides the means for proper use of the resources in the operation of the computer system. OS goals – •Maximum CPU utilization •Less process starvation •Higher priority job execution Types of operating systems – [MS DOS, 1981] [ATLAS, Manchester Univ., late 1950s – early 1960s] -Multiprogramming operating system [THE, Dijkstra, early 1960s]-Single process operating system -Batch -processing operating system -Multitasking operating system -Multi -processing operating system -Distributed system -Real time OS[CTSS, MIT, early 1960s] [Windows NT] [LOCUS ] [ATCS] LEC-2: Types of OS CodeHelp

contains t he same type of functions such as the main function can be included in one segment and the library functions can be included in the other segment. 9. .Advantages : a. No internal fragmentation. b. One segment has a contiguous allocation , hence efficient working within segment. c. The size o f segment table is gen erally less than the size of page table. d. It results in a more efficient system because the compiler keeps the same type of functions in one segment. 11. Disadvantages: a. External fragmentation. b. The d ifferent size of segment is not goo d that the time of swapping. 12. Modern System architecture provides both segmentation and paging implemented in some hybrid approach. CodeHelp

(But Program counter, registers & stack are include d.) Includes switching of memory address space. Fast switching. Slow switching. CPU’s cache state is preserved. CPU’s cache state is flushed. CodeHelp LEC-4: Components of OS1.Kernel: A kernel is that part of the operating system which interacts directly with the hardware and performs the most crucial tasks.a.Heart of OS/Core componentb.Very first part of OS to load on start-up.2.User space: Where application software runs, apps don’t have privileged access to the underlying hardware. It interacts with kernel.a.GUIb.CLIA shell, also known as a command interpreter, is that part of the operating system that receives commands from the users and gets them executed. Functions of Kernel: 1.Process management:a.Scheduling processes and threads on the CPUs.b.Creating & deleting both user and system process.c.Suspending and resuming processesd.Providing mechanisms for process synchronization or process communication.2.Memory management:a.Allocating and deallocating memory space as per need.b.Keeping track of which part of memory are currently being used and by which process.3.File management:a.Creating and deleting files.b.Creating and deleting directories to organize files.c.Mapping files into secondary storage.d.Backup support onto a stable storage media.4.I/O management: to manage and control I/O operations and I/O devicesa.Buffering (data copy between two devices), caching and spooling.i.Spooling1.Within differing speed two jobs.2.Eg. Print spooling and mail spooling.ii.Buffering1.Within one job.2.Eg. Youtube video bufferingiii.Caching1.Memory caching, Web caching etc.a.All functions are in kernel itself.b.Bulky in size.c.Memory required to run is high.d.Less reliable, one module crashes -> whole kernel is down.e.High performance as communication is fast. (Less user mode, kernelmode overheads)f.Eg. Linux, Unix, MS-DOS.Types of Kernels: 1.Monolithic kernelCodeHelp

connected computer node s. -collection of independent, networked, communicating, and physically separate computational nodes. -Real time error free, c omputations within tight-time boundaries. -Air Traffic control system, ROBOTS etc. CodeHelp LEC-3: Multi-Tasking vs Multi-Threading Program : A Program is an executable file which contains a certain set of instructions written to complete the specific job or operation on your computer. •It’s a compiled code. Ready to be executed. •Stored in Disk Process : Program under execution. R esides in Computer’s primary memory (RAM). Thread: •Single sequence stream within a pr ocess. •An independent path of execution in a process. •Light-weight process. •Used to achieve parallelism by dividing a process’s tasks which are independent path of execution. •E.g., Multiple tabs in a browser, text editor (When you are typing in an editor, spell-checking, formatting of text and saving the text are done concurrently by multiplethreads.) Multi-Tasking Multi-Threading The execution of more than one task simultaneously is called as multitasking. A process is divided into several different sub-tasks called as threads, which has its own path of execution. This concept is called as multithreading. Concept of more than 1 processes being context switched. Concept of more than 1 thread. Threads are context switched. No. of CPU 1. No. of CP U >= 1. (Better to have more than 1) Isolation and memory protection exists. OS must allocate separate memory and resources to each program that CPU is executing. No isolation and memory prote ction , resources are shared among threads of that process. OS allocates memory to a process; multiple threads of that process share the same memory and resources allocated to the process.

Generate the study guide JSON.
IMPORTANT: Only use the CONTEXT if it strictly belongs to the SUBJECT (None). If the context is about a different subject (e.g., Operating Systems), IGNORE the context entirely and use your general knowledge.

2026-06-23 14:13:25,264 - INFO - USER PROMPT:
SUBJECT:
None

TOPIC:
Database System Concepts

CONTEXT:
Subject / Context: General Computer Science
UNIT 1 AN INTRODUCTION TO OPERATING SYSTEMS Application software performs specific task for the user. System software operates and controls the computer system and provides a platform to run application software. An operating system is a piece of software that manages all the resources of a computer system, both hardware and software, and provides an environment in which the user can execute his/her programs in a convenient and efficient manner by hiding underlying complexity of the hardware and acting as a resource manager. Why OS? 1.What if there is no OS? a.Bulky and complex app. (Hardware interaction code must be in app’ s code base) b.Resource exploitation by 1 App. c.No memory protection. 2.What is an OS made up of? a.Collection of system software. An operating system function - - Access to the computer hardware. -interface between the user and the computer hardware -Resource management (Aka, Arbitration) (memory, device, file, security, process etc) -Hides the underlying complexity of the hardware. (Aka, Abstraction) -facilitates execution of application programs by providing isolation and protection. User Application programs Operating system Computer hardware The operating system provides the means for proper use of the resources in the operation of the computer system.

a singl e computer. -Increases reliability, 1 CPU fails, othercan work -Better throughput. -Lesser process starvation, (if 1 CPU isworking on some process, other can beexecuted on other CPU. CodeHelp Distri bute d OS, RTOS -OS manages many b unches of resources, >=1 CPUs, >=1 memory, >=1 GPUs, etc -Loosely connected autonomous, inter connected computer node s. -collection of independent, networked, communicating, and physically separate computational nodes. -Real time error free, c omputations within tight-time boundaries. -Air Traffic control system, ROBOTS etc. CodeHelp

has highest access speed, then comes cache, then main memory. 3. Storage size: a. Secondary has more space. 4. Volatility: a. Primary memory is volatile. b. Secondary is non-volatile. CodeHelp Lec-9: Introduction to Process 1. What is a program? Compiled code, that is ready to execute. 2. What is a process? Program under execution. 3. How OS creates a process? Converting program into a process. STEPS: a. Load the program & static data into memory.b. Allocate runtime stack. c. Heap memory allocation. d. IO tasks.e. OS handoffs control to main (). 4. Architecture of process: 5. Attributes of process: a. Feature that allows identifying a process uniquely. b. Process table i. All processes are being tracked by OS using a table like data structure. ii. Each entry in that table is process control block (PCB). c. PCB: Stores info/attributes of a process. i. Data structure used for each process, that stores information of a process such as process id, program counter, process state, priority etc. 6. PCB structure: Registers in the PCB, it is a data structure. When a processes is running and it's time slice expires, the current value of process specific registers would be stored in the PCB and the process would be swapped out. When the process is scheduled to be run, the register values is read from the PCB and written to the CPU registers. This is the main purpose of the registers in the PCB. CodeHelp

Compatibility: 64-bit CPU can run both 32-bit and 64-bit OS. While 32-bit CPU can only run 32-bit OS. e. Better Graphics performance: 8-bytes graphics calculations make graphics-intensive appsrun faster. CodeHelp Lec-8: Storage Devices Basics What are the different memory present in the computer system? 1. Register: Smallest unit of storage. It is a part of CPU itself. A register may hold an instruction, a storage address, or any data (such as bit sequence or individual characters). Registers are a type of computer memory used to quickly accept, store, and transfer data and instructions that are being used immediately by the CPU. 2. Cache: Additional memory system that temporarily stores frequently used instructions and data for quicker processing by the CPU. 3. Main Memory: RAM. 4. Secondary Memory: Storage media, on which computer can store data & programs. Comparison 1. Cost : a. Primary storages are costly. b. Registers are most expensive due to expensive semiconductors & labour. c.Secondary storages are cheaper than primary. 2. Access Speed: a. Primary has higher access speed than secondary memory. b. Registers has highest access speed, then comes cache, then main memory. 3. Storage size: a. Secondary has more space. 4. Volatility: a. Primary memory is volatile. b. Secondary is non-volatile. CodeHelp

providing isolation and protection. User Application programs Operating system Computer hardware The operating system provides the means for proper use of the resources in the operation of the computer system. OS goals – •Maximum CPU utilization •Less process starvation •Higher priority job execution Types of operating systems – [MS DOS, 1981] [ATLAS, Manchester Univ., late 1950s – early 1960s] -Multiprogramming operating system [THE, Dijkstra, early 1960s]-Single process operating system -Batch -processing operating system -Multitasking operating system -Multi -processing operating system -Distributed system -Real time OS[CTSS, MIT, early 1960s] [Windows NT] [LOCUS ] [ATCS] LEC-2: Types of OS CodeHelp

contains t he same type of functions such as the main function can be included in one segment and the library functions can be included in the other segment. 9. .Advantages : a. No internal fragmentation. b. One segment has a contiguous allocation , hence efficient working within segment. c. The size o f segment table is gen erally less than the size of page table. d. It results in a more efficient system because the compiler keeps the same type of functions in one segment. 11. Disadvantages: a. External fragmentation. b. The d ifferent size of segment is not goo d that the time of swapping. 12. Modern System architecture provides both segmentation and paging implemented in some hybrid approach. CodeHelp

(But Program counter, registers & stack are include d.) Includes switching of memory address space. Fast switching. Slow switching. CPU’s cache state is preserved. CPU’s cache state is flushed. CodeHelp LEC-4: Components of OS1.Kernel: A kernel is that part of the operating system which interacts directly with the hardware and performs the most crucial tasks.a.Heart of OS/Core componentb.Very first part of OS to load on start-up.2.User space: Where application software runs, apps don’t have privileged access to the underlying hardware. It interacts with kernel.a.GUIb.CLIA shell, also known as a command interpreter, is that part of the operating system that receives commands from the users and gets them executed. Functions of Kernel: 1.Process management:a.Scheduling processes and threads on the CPUs.b.Creating & deleting both user and system process.c.Suspending and resuming processesd.Providing mechanisms for process synchronization or process communication.2.Memory management:a.Allocating and deallocating memory space as per need.b.Keeping track of which part of memory are currently being used and by which process.3.File management:a.Creating and deleting files.b.Creating and deleting directories to organize files.c.Mapping files into secondary storage.d.Backup support onto a stable storage media.4.I/O management: to manage and control I/O operations and I/O devicesa.Buffering (data copy between two devices), caching and spooling.i.Spooling1.Within differing speed two jobs.2.Eg. Print spooling and mail spooling.ii.Buffering1.Within one job.2.Eg. Youtube video bufferingiii.Caching1.Memory caching, Web caching etc.a.All functions are in kernel itself.b.Bulky in size.c.Memory required to run is high.d.Less reliable, one module crashes -> whole kernel is down.e.High performance as communication is fast. (Less user mode, kernelmode overheads)f.Eg. Linux, Unix, MS-DOS.Types of Kernels: 1.Monolithic kernelCodeHelp

connected computer node s. -collection of independent, networked, communicating, and physically separate computational nodes. -Real time error free, c omputations within tight-time boundaries. -Air Traffic control system, ROBOTS etc. CodeHelp LEC-3: Multi-Tasking vs Multi-Threading Program : A Program is an executable file which contains a certain set of instructions written to complete the specific job or operation on your computer. •It’s a compiled code. Ready to be executed. •Stored in Disk Process : Program under execution. R esides in Computer’s primary memory (RAM). Thread: •Single sequence stream within a pr ocess. •An independent path of execution in a process. •Light-weight process. •Used to achieve parallelism by dividing a process’s tasks which are independent path of execution. •E.g., Multiple tabs in a browser, text editor (When you are typing in an editor, spell-checking, formatting of text and saving the text are done concurrently by multiplethreads.) Multi-Tasking Multi-Threading The execution of more than one task simultaneously is called as multitasking. A process is divided into several different sub-tasks called as threads, which has its own path of execution. This concept is called as multithreading. Concept of more than 1 processes being context switched. Concept of more than 1 thread. Threads are context switched. No. of CPU 1. No. of CP U >= 1. (Better to have more than 1) Isolation and memory protection exists. OS must allocate separate memory and resources to each program that CPU is executing. No isolation and memory prote ction , resources are shared among threads of that process. OS allocates memory to a process; multiple threads of that process share the same memory and resources allocated to the process.

Generate the study guide JSON.
IMPORTANT: Only use the CONTEXT if it strictly belongs to the SUBJECT (None). If the context is about a different subject (e.g., Operating Systems), IGNORE the context entirely and use your general knowledge.

2026-06-23 14:13:25,264 - INFO - -------------------------------------------------------
2026-06-23 14:13:25,264 - INFO - -------------------------------------------------------
2026-06-23 14:13:25,265 - INFO - --- LLM PROMPT (Subject: None, Topic: Database System Concepts) ---
2026-06-23 14:13:25,266 - INFO - SYSTEM PROMPT:
You are teaching a first-year B.Tech CSE student.
Given the topic and context, generate a highly rigorous and extremely detailed technical study guide using ONLY valid JSON.

Your output must follow this strict JSON format:
{
    "notes": [
        {"type": "heading", "text": "Advanced Concept / Deep Dive"},
        {"type": "paragraph", "text": "In-depth technical explanation, covering edge cases, under-the-hood workings, and performance implications..."},
        {"type": "highlight", "variant": "constructive", "title": "Interview Pro-Tip", "text": "Crucial detail often asked in interviews..."},
        {"type": "code_block", "language": "python", "title": "Complex Implementation", "code": "def complex_algo(): pass"},
        {"type": "note", "text": "Advanced side note or historical context"}
    ],
    "revision": {
        "title": "Interview Cheat Sheet",
        "points": [
            {"id": 1, "text": "Advanced point 1"},
            {"id": 2, "text": "Advanced point 2"}
        ]
    }
}

RULES:
- `notes` array must use types: 'heading', 'paragraph', 'highlight' (variant: 'constructive' or 'destructive'), 'code_block' (include 'language', 'title', 'code'), or 'note'.
- The content MUST be highly rigorous and technically deep. Include complex edge cases, advanced theory, real-world system design implications, and interview-level insights. 
- NEVER generate basic, high-level, or "kidish" overviews. Assume the reader is preparing for a Senior or top-tier placement.
- Generate content ONLY within the context of the provided subject. Do not include concepts from other subjects. For example, if the topic is "Control Flow" and the subject is "Programming Fundamentals", focus on programming logic (if/else, loops) and DO NOT discuss Operating Systems concepts like semaphores or mutexes.
- `revision` should have 3-5 hard-hitting, concise bullet points.
- Do not use markdown fencing (e.g. ```json). Just return the raw JSON object.

2026-06-23 14:13:25,266 - INFO - USER PROMPT:
SUBJECT:
None

TOPIC:
Database System Concepts

CONTEXT:
Subject / Context: General Computer Science
UNIT 1 AN INTRODUCTION TO OPERATING SYSTEMS Application software performs specific task for the user. System software operates and controls the computer system and provides a platform to run application software. An operating system is a piece of software that manages all the resources of a computer system, both hardware and software, and provides an environment in which the user can execute his/her programs in a convenient and efficient manner by hiding underlying complexity of the hardware and acting as a resource manager. Why OS? 1.What if there is no OS? a.Bulky and complex app. (Hardware interaction code must be in app’ s code base) b.Resource exploitation by 1 App. c.No memory protection. 2.What is an OS made up of? a.Collection of system software. An operating system function - - Access to the computer hardware. -interface between the user and the computer hardware -Resource management (Aka, Arbitration) (memory, device, file, security, process etc) -Hides the underlying complexity of the hardware. (Aka, Abstraction) -facilitates execution of application programs by providing isolation and protection. User Application programs Operating system Computer hardware The operating system provides the means for proper use of the resources in the operation of the computer system.

a singl e computer. -Increases reliability, 1 CPU fails, othercan work -Better throughput. -Lesser process starvation, (if 1 CPU isworking on some process, other can beexecuted on other CPU. CodeHelp Distri bute d OS, RTOS -OS manages many b unches of resources, >=1 CPUs, >=1 memory, >=1 GPUs, etc -Loosely connected autonomous, inter connected computer node s. -collection of independent, networked, communicating, and physically separate computational nodes. -Real time error free, c omputations within tight-time boundaries. -Air Traffic control system, ROBOTS etc. CodeHelp

has highest access speed, then comes cache, then main memory. 3. Storage size: a. Secondary has more space. 4. Volatility: a. Primary memory is volatile. b. Secondary is non-volatile. CodeHelp Lec-9: Introduction to Process 1. What is a program? Compiled code, that is ready to execute. 2. What is a process? Program under execution. 3. How OS creates a process? Converting program into a process. STEPS: a. Load the program & static data into memory.b. Allocate runtime stack. c. Heap memory allocation. d. IO tasks.e. OS handoffs control to main (). 4. Architecture of process: 5. Attributes of process: a. Feature that allows identifying a process uniquely. b. Process table i. All processes are being tracked by OS using a table like data structure. ii. Each entry in that table is process control block (PCB). c. PCB: Stores info/attributes of a process. i. Data structure used for each process, that stores information of a process such as process id, program counter, process state, priority etc. 6. PCB structure: Registers in the PCB, it is a data structure. When a processes is running and it's time slice expires, the current value of process specific registers would be stored in the PCB and the process would be swapped out. When the process is scheduled to be run, the register values is read from the PCB and written to the CPU registers. This is the main purpose of the registers in the PCB. CodeHelp

Compatibility: 64-bit CPU can run both 32-bit and 64-bit OS. While 32-bit CPU can only run 32-bit OS. e. Better Graphics performance: 8-bytes graphics calculations make graphics-intensive appsrun faster. CodeHelp Lec-8: Storage Devices Basics What are the different memory present in the computer system? 1. Register: Smallest unit of storage. It is a part of CPU itself. A register may hold an instruction, a storage address, or any data (such as bit sequence or individual characters). Registers are a type of computer memory used to quickly accept, store, and transfer data and instructions that are being used immediately by the CPU. 2. Cache: Additional memory system that temporarily stores frequently used instructions and data for quicker processing by the CPU. 3. Main Memory: RAM. 4. Secondary Memory: Storage media, on which computer can store data & programs. Comparison 1. Cost : a. Primary storages are costly. b. Registers are most expensive due to expensive semiconductors & labour. c.Secondary storages are cheaper than primary. 2. Access Speed: a. Primary has higher access speed than secondary memory. b. Registers has highest access speed, then comes cache, then main memory. 3. Storage size: a. Secondary has more space. 4. Volatility: a. Primary memory is volatile. b. Secondary is non-volatile. CodeHelp

providing isolation and protection. User Application programs Operating system Computer hardware The operating system provides the means for proper use of the resources in the operation of the computer system. OS goals – •Maximum CPU utilization •Less process starvation •Higher priority job execution Types of operating systems – [MS DOS, 1981] [ATLAS, Manchester Univ., late 1950s – early 1960s] -Multiprogramming operating system [THE, Dijkstra, early 1960s]-Single process operating system -Batch -processing operating system -Multitasking operating system -Multi -processing operating system -Distributed system -Real time OS[CTSS, MIT, early 1960s] [Windows NT] [LOCUS ] [ATCS] LEC-2: Types of OS CodeHelp

contains t he same type of functions such as the main function can be included in one segment and the library functions can be included in the other segment. 9. .Advantages : a. No internal fragmentation. b. One segment has a contiguous allocation , hence efficient working within segment. c. The size o f segment table is gen erally less than the size of page table. d. It results in a more efficient system because the compiler keeps the same type of functions in one segment. 11. Disadvantages: a. External fragmentation. b. The d ifferent size of segment is not goo d that the time of swapping. 12. Modern System architecture provides both segmentation and paging implemented in some hybrid approach. CodeHelp

(But Program counter, registers & stack are include d.) Includes switching of memory address space. Fast switching. Slow switching. CPU’s cache state is preserved. CPU’s cache state is flushed. CodeHelp LEC-4: Components of OS1.Kernel: A kernel is that part of the operating system which interacts directly with the hardware and performs the most crucial tasks.a.Heart of OS/Core componentb.Very first part of OS to load on start-up.2.User space: Where application software runs, apps don’t have privileged access to the underlying hardware. It interacts with kernel.a.GUIb.CLIA shell, also known as a command interpreter, is that part of the operating system that receives commands from the users and gets them executed. Functions of Kernel: 1.Process management:a.Scheduling processes and threads on the CPUs.b.Creating & deleting both user and system process.c.Suspending and resuming processesd.Providing mechanisms for process synchronization or process communication.2.Memory management:a.Allocating and deallocating memory space as per need.b.Keeping track of which part of memory are currently being used and by which process.3.File management:a.Creating and deleting files.b.Creating and deleting directories to organize files.c.Mapping files into secondary storage.d.Backup support onto a stable storage media.4.I/O management: to manage and control I/O operations and I/O devicesa.Buffering (data copy between two devices), caching and spooling.i.Spooling1.Within differing speed two jobs.2.Eg. Print spooling and mail spooling.ii.Buffering1.Within one job.2.Eg. Youtube video bufferingiii.Caching1.Memory caching, Web caching etc.a.All functions are in kernel itself.b.Bulky in size.c.Memory required to run is high.d.Less reliable, one module crashes -> whole kernel is down.e.High performance as communication is fast. (Less user mode, kernelmode overheads)f.Eg. Linux, Unix, MS-DOS.Types of Kernels: 1.Monolithic kernelCodeHelp

connected computer node s. -collection of independent, networked, communicating, and physically separate computational nodes. -Real time error free, c omputations within tight-time boundaries. -Air Traffic control system, ROBOTS etc. CodeHelp LEC-3: Multi-Tasking vs Multi-Threading Program : A Program is an executable file which contains a certain set of instructions written to complete the specific job or operation on your computer. •It’s a compiled code. Ready to be executed. •Stored in Disk Process : Program under execution. R esides in Computer’s primary memory (RAM). Thread: •Single sequence stream within a pr ocess. •An independent path of execution in a process. •Light-weight process. •Used to achieve parallelism by dividing a process’s tasks which are independent path of execution. •E.g., Multiple tabs in a browser, text editor (When you are typing in an editor, spell-checking, formatting of text and saving the text are done concurrently by multiplethreads.) Multi-Tasking Multi-Threading The execution of more than one task simultaneously is called as multitasking. A process is divided into several different sub-tasks called as threads, which has its own path of execution. This concept is called as multithreading. Concept of more than 1 processes being context switched. Concept of more than 1 thread. Threads are context switched. No. of CPU 1. No. of CP U >= 1. (Better to have more than 1) Isolation and memory protection exists. OS must allocate separate memory and resources to each program that CPU is executing. No isolation and memory prote ction , resources are shared among threads of that process. OS allocates memory to a process; multiple threads of that process share the same memory and resources allocated to the process.

Generate the study guide JSON.
IMPORTANT: Only use the CONTEXT if it strictly belongs to the SUBJECT (None). If the context is about a different subject (e.g., Operating Systems), IGNORE the context entirely and use your general knowledge.

2026-06-23 14:13:25,266 - INFO - -------------------------------------------------------
2026-06-23 14:13:25,771 - INFO - --- LLM PROMPT (Subject: None, Topic: Database System Concepts) ---
2026-06-23 14:13:25,772 - INFO - SYSTEM PROMPT:
You are teaching a first-year B.Tech CSE student.
Given the topic and context, generate a highly rigorous and extremely detailed technical study guide using ONLY valid JSON.

Your output must follow this strict JSON format:
{
    "notes": [
        {"type": "heading", "text": "Advanced Concept / Deep Dive"},
        {"type": "paragraph", "text": "In-depth technical explanation, covering edge cases, under-the-hood workings, and performance implications..."},
        {"type": "highlight", "variant": "constructive", "title": "Interview Pro-Tip", "text": "Crucial detail often asked in interviews..."},
        {"type": "code_block", "language": "python", "title": "Complex Implementation", "code": "def complex_algo(): pass"},
        {"type": "note", "text": "Advanced side note or historical context"}
    ],
    "revision": {
        "title": "Interview Cheat Sheet",
        "points": [
            {"id": 1, "text": "Advanced point 1"},
            {"id": 2, "text": "Advanced point 2"}
        ]
    }
}

RULES:
- `notes` array must use types: 'heading', 'paragraph', 'highlight' (variant: 'constructive' or 'destructive'), 'code_block' (include 'language', 'title', 'code'), or 'note'.
- The content MUST be highly rigorous and technically deep. Include complex edge cases, advanced theory, real-world system design implications, and interview-level insights. 
- NEVER generate basic, high-level, or "kidish" overviews. Assume the reader is preparing for a Senior or top-tier placement.
- Generate content ONLY within the context of the provided subject. Do not include concepts from other subjects. For example, if the topic is "Control Flow" and the subject is "Programming Fundamentals", focus on programming logic (if/else, loops) and DO NOT discuss Operating Systems concepts like semaphores or mutexes.
- `revision` should have 3-5 hard-hitting, concise bullet points.
- Do not use markdown fencing (e.g. ```json). Just return the raw JSON object.

2026-06-23 14:13:25,772 - INFO - USER PROMPT:
SUBJECT:
None

TOPIC:
Database System Concepts

CONTEXT:
Subject / Context: General Computer Science
UNIT 1 AN INTRODUCTION TO OPERATING SYSTEMS Application software performs specific task for the user. System software operates and controls the computer system and provides a platform to run application software. An operating system is a piece of software that manages all the resources of a computer system, both hardware and software, and provides an environment in which the user can execute his/her programs in a convenient and efficient manner by hiding underlying complexity of the hardware and acting as a resource manager. Why OS? 1.What if there is no OS? a.Bulky and complex app. (Hardware interaction code must be in app’ s code base) b.Resource exploitation by 1 App. c.No memory protection. 2.What is an OS made up of? a.Collection of system software. An operating system function - - Access to the computer hardware. -interface between the user and the computer hardware -Resource management (Aka, Arbitration) (memory, device, file, security, process etc) -Hides the underlying complexity of the hardware. (Aka, Abstraction) -facilitates execution of application programs by providing isolation and protection. User Application programs Operating system Computer hardware The operating system provides the means for proper use of the resources in the operation of the computer system.

a singl e computer. -Increases reliability, 1 CPU fails, othercan work -Better throughput. -Lesser process starvation, (if 1 CPU isworking on some process, other can beexecuted on other CPU. CodeHelp Distri bute d OS, RTOS -OS manages many b unches of resources, >=1 CPUs, >=1 memory, >=1 GPUs, etc -Loosely connected autonomous, inter connected computer node s. -collection of independent, networked, communicating, and physically separate computational nodes. -Real time error free, c omputations within tight-time boundaries. -Air Traffic control system, ROBOTS etc. CodeHelp

has highest access speed, then comes cache, then main memory. 3. Storage size: a. Secondary has more space. 4. Volatility: a. Primary memory is volatile. b. Secondary is non-volatile. CodeHelp Lec-9: Introduction to Process 1. What is a program? Compiled code, that is ready to execute. 2. What is a process? Program under execution. 3. How OS creates a process? Converting program into a process. STEPS: a. Load the program & static data into memory.b. Allocate runtime stack. c. Heap memory allocation. d. IO tasks.e. OS handoffs control to main (). 4. Architecture of process: 5. Attributes of process: a. Feature that allows identifying a process uniquely. b. Process table i. All processes are being tracked by OS using a table like data structure. ii. Each entry in that table is process control block (PCB). c. PCB: Stores info/attributes of a process. i. Data structure used for each process, that stores information of a process such as process id, program counter, process state, priority etc. 6. PCB structure: Registers in the PCB, it is a data structure. When a processes is running and it's time slice expires, the current value of process specific registers would be stored in the PCB and the process would be swapped out. When the process is scheduled to be run, the register values is read from the PCB and written to the CPU registers. This is the main purpose of the registers in the PCB. CodeHelp

Compatibility: 64-bit CPU can run both 32-bit and 64-bit OS. While 32-bit CPU can only run 32-bit OS. e. Better Graphics performance: 8-bytes graphics calculations make graphics-intensive appsrun faster. CodeHelp Lec-8: Storage Devices Basics What are the different memory present in the computer system? 1. Register: Smallest unit of storage. It is a part of CPU itself. A register may hold an instruction, a storage address, or any data (such as bit sequence or individual characters). Registers are a type of computer memory used to quickly accept, store, and transfer data and instructions that are being used immediately by the CPU. 2. Cache: Additional memory system that temporarily stores frequently used instructions and data for quicker processing by the CPU. 3. Main Memory: RAM. 4. Secondary Memory: Storage media, on which computer can store data & programs. Comparison 1. Cost : a. Primary storages are costly. b. Registers are most expensive due to expensive semiconductors & labour. c.Secondary storages are cheaper than primary. 2. Access Speed: a. Primary has higher access speed than secondary memory. b. Registers has highest access speed, then comes cache, then main memory. 3. Storage size: a. Secondary has more space. 4. Volatility: a. Primary memory is volatile. b. Secondary is non-volatile. CodeHelp

providing isolation and protection. User Application programs Operating system Computer hardware The operating system provides the means for proper use of the resources in the operation of the computer system. OS goals – •Maximum CPU utilization •Less process starvation •Higher priority job execution Types of operating systems – [MS DOS, 1981] [ATLAS, Manchester Univ., late 1950s – early 1960s] -Multiprogramming operating system [THE, Dijkstra, early 1960s]-Single process operating system -Batch -processing operating system -Multitasking operating system -Multi -processing operating system -Distributed system -Real time OS[CTSS, MIT, early 1960s] [Windows NT] [LOCUS ] [ATCS] LEC-2: Types of OS CodeHelp

contains t he same type of functions such as the main function can be included in one segment and the library functions can be included in the other segment. 9. .Advantages : a. No internal fragmentation. b. One segment has a contiguous allocation , hence efficient working within segment. c. The size o f segment table is gen erally less than the size of page table. d. It results in a more efficient system because the compiler keeps the same type of functions in one segment. 11. Disadvantages: a. External fragmentation. b. The d ifferent size of segment is not goo d that the time of swapping. 12. Modern System architecture provides both segmentation and paging implemented in some hybrid approach. CodeHelp

(But Program counter, registers & stack are include d.) Includes switching of memory address space. Fast switching. Slow switching. CPU’s cache state is preserved. CPU’s cache state is flushed. CodeHelp LEC-4: Components of OS1.Kernel: A kernel is that part of the operating system which interacts directly with the hardware and performs the most crucial tasks.a.Heart of OS/Core componentb.Very first part of OS to load on start-up.2.User space: Where application software runs, apps don’t have privileged access to the underlying hardware. It interacts with kernel.a.GUIb.CLIA shell, also known as a command interpreter, is that part of the operating system that receives commands from the users and gets them executed. Functions of Kernel: 1.Process management:a.Scheduling processes and threads on the CPUs.b.Creating & deleting both user and system process.c.Suspending and resuming processesd.Providing mechanisms for process synchronization or process communication.2.Memory management:a.Allocating and deallocating memory space as per need.b.Keeping track of which part of memory are currently being used and by which process.3.File management:a.Creating and deleting files.b.Creating and deleting directories to organize files.c.Mapping files into secondary storage.d.Backup support onto a stable storage media.4.I/O management: to manage and control I/O operations and I/O devicesa.Buffering (data copy between two devices), caching and spooling.i.Spooling1.Within differing speed two jobs.2.Eg. Print spooling and mail spooling.ii.Buffering1.Within one job.2.Eg. Youtube video bufferingiii.Caching1.Memory caching, Web caching etc.a.All functions are in kernel itself.b.Bulky in size.c.Memory required to run is high.d.Less reliable, one module crashes -> whole kernel is down.e.High performance as communication is fast. (Less user mode, kernelmode overheads)f.Eg. Linux, Unix, MS-DOS.Types of Kernels: 1.Monolithic kernelCodeHelp

connected computer node s. -collection of independent, networked, communicating, and physically separate computational nodes. -Real time error free, c omputations within tight-time boundaries. -Air Traffic control system, ROBOTS etc. CodeHelp LEC-3: Multi-Tasking vs Multi-Threading Program : A Program is an executable file which contains a certain set of instructions written to complete the specific job or operation on your computer. •It’s a compiled code. Ready to be executed. •Stored in Disk Process : Program under execution. R esides in Computer’s primary memory (RAM). Thread: •Single sequence stream within a pr ocess. •An independent path of execution in a process. •Light-weight process. •Used to achieve parallelism by dividing a process’s tasks which are independent path of execution. •E.g., Multiple tabs in a browser, text editor (When you are typing in an editor, spell-checking, formatting of text and saving the text are done concurrently by multiplethreads.) Multi-Tasking Multi-Threading The execution of more than one task simultaneously is called as multitasking. A process is divided into several different sub-tasks called as threads, which has its own path of execution. This concept is called as multithreading. Concept of more than 1 processes being context switched. Concept of more than 1 thread. Threads are context switched. No. of CPU 1. No. of CP U >= 1. (Better to have more than 1) Isolation and memory protection exists. OS must allocate separate memory and resources to each program that CPU is executing. No isolation and memory prote ction , resources are shared among threads of that process. OS allocates memory to a process; multiple threads of that process share the same memory and resources allocated to the process.

Generate the study guide JSON.
IMPORTANT: Only use the CONTEXT if it strictly belongs to the SUBJECT (None). If the context is about a different subject (e.g., Operating Systems), IGNORE the context entirely and use your general knowledge.

2026-06-23 14:13:25,772 - INFO - -------------------------------------------------------
2026-06-23 14:13:25,878 - INFO - --- LLM PROMPT (Subject: None, Topic: Database System Concepts) ---
2026-06-23 14:13:25,878 - INFO - SYSTEM PROMPT:
You are teaching a first-year B.Tech CSE student.
Given the topic and context, generate a highly rigorous and extremely detailed technical study guide using ONLY valid JSON.

Your output must follow this strict JSON format:
{
    "notes": [
        {"type": "heading", "text": "Advanced Concept / Deep Dive"},
        {"type": "paragraph", "text": "In-depth technical explanation, covering edge cases, under-the-hood workings, and performance implications..."},
        {"type": "highlight", "variant": "constructive", "title": "Interview Pro-Tip", "text": "Crucial detail often asked in interviews..."},
        {"type": "code_block", "language": "python", "title": "Complex Implementation", "code": "def complex_algo(): pass"},
        {"type": "note", "text": "Advanced side note or historical context"}
    ],
    "revision": {
        "title": "Interview Cheat Sheet",
        "points": [
            {"id": 1, "text": "Advanced point 1"},
            {"id": 2, "text": "Advanced point 2"}
        ]
    }
}

RULES:
- `notes` array must use types: 'heading', 'paragraph', 'highlight' (variant: 'constructive' or 'destructive'), 'code_block' (include 'language', 'title', 'code'), or 'note'.
- The content MUST be highly rigorous and technically deep. Include complex edge cases, advanced theory, real-world system design implications, and interview-level insights. 
- NEVER generate basic, high-level, or "kidish" overviews. Assume the reader is preparing for a Senior or top-tier placement.
- Generate content ONLY within the context of the provided subject. Do not include concepts from other subjects. For example, if the topic is "Control Flow" and the subject is "Programming Fundamentals", focus on programming logic (if/else, loops) and DO NOT discuss Operating Systems concepts like semaphores or mutexes.
- `revision` should have 3-5 hard-hitting, concise bullet points.
- Do not use markdown fencing (e.g. ```json). Just return the raw JSON object.

2026-06-23 14:13:25,879 - INFO - USER PROMPT:
SUBJECT:
None

TOPIC:
Database System Concepts

CONTEXT:
Subject / Context: General Computer Science
UNIT 1 AN INTRODUCTION TO OPERATING SYSTEMS Application software performs specific task for the user. System software operates and controls the computer system and provides a platform to run application software. An operating system is a piece of software that manages all the resources of a computer system, both hardware and software, and provides an environment in which the user can execute his/her programs in a convenient and efficient manner by hiding underlying complexity of the hardware and acting as a resource manager. Why OS? 1.What if there is no OS? a.Bulky and complex app. (Hardware interaction code must be in app’ s code base) b.Resource exploitation by 1 App. c.No memory protection. 2.What is an OS made up of? a.Collection of system software. An operating system function - - Access to the computer hardware. -interface between the user and the computer hardware -Resource management (Aka, Arbitration) (memory, device, file, security, process etc) -Hides the underlying complexity of the hardware. (Aka, Abstraction) -facilitates execution of application programs by providing isolation and protection. User Application programs Operating system Computer hardware The operating system provides the means for proper use of the resources in the operation of the computer system.

a singl e computer. -Increases reliability, 1 CPU fails, othercan work -Better throughput. -Lesser process starvation, (if 1 CPU isworking on some process, other can beexecuted on other CPU. CodeHelp Distri bute d OS, RTOS -OS manages many b unches of resources, >=1 CPUs, >=1 memory, >=1 GPUs, etc -Loosely connected autonomous, inter connected computer node s. -collection of independent, networked, communicating, and physically separate computational nodes. -Real time error free, c omputations within tight-time boundaries. -Air Traffic control system, ROBOTS etc. CodeHelp

has highest access speed, then comes cache, then main memory. 3. Storage size: a. Secondary has more space. 4. Volatility: a. Primary memory is volatile. b. Secondary is non-volatile. CodeHelp Lec-9: Introduction to Process 1. What is a program? Compiled code, that is ready to execute. 2. What is a process? Program under execution. 3. How OS creates a process? Converting program into a process. STEPS: a. Load the program & static data into memory.b. Allocate runtime stack. c. Heap memory allocation. d. IO tasks.e. OS handoffs control to main (). 4. Architecture of process: 5. Attributes of process: a. Feature that allows identifying a process uniquely. b. Process table i. All processes are being tracked by OS using a table like data structure. ii. Each entry in that table is process control block (PCB). c. PCB: Stores info/attributes of a process. i. Data structure used for each process, that stores information of a process such as process id, program counter, process state, priority etc. 6. PCB structure: Registers in the PCB, it is a data structure. When a processes is running and it's time slice expires, the current value of process specific registers would be stored in the PCB and the process would be swapped out. When the process is scheduled to be run, the register values is read from the PCB and written to the CPU registers. This is the main purpose of the registers in the PCB. CodeHelp

Compatibility: 64-bit CPU can run both 32-bit and 64-bit OS. While 32-bit CPU can only run 32-bit OS. e. Better Graphics performance: 8-bytes graphics calculations make graphics-intensive appsrun faster. CodeHelp Lec-8: Storage Devices Basics What are the different memory present in the computer system? 1. Register: Smallest unit of storage. It is a part of CPU itself. A register may hold an instruction, a storage address, or any data (such as bit sequence or individual characters). Registers are a type of computer memory used to quickly accept, store, and transfer data and instructions that are being used immediately by the CPU. 2. Cache: Additional memory system that temporarily stores frequently used instructions and data for quicker processing by the CPU. 3. Main Memory: RAM. 4. Secondary Memory: Storage media, on which computer can store data & programs. Comparison 1. Cost : a. Primary storages are costly. b. Registers are most expensive due to expensive semiconductors & labour. c.Secondary storages are cheaper than primary. 2. Access Speed: a. Primary has higher access speed than secondary memory. b. Registers has highest access speed, then comes cache, then main memory. 3. Storage size: a. Secondary has more space. 4. Volatility: a. Primary memory is volatile. b. Secondary is non-volatile. CodeHelp

providing isolation and protection. User Application programs Operating system Computer hardware The operating system provides the means for proper use of the resources in the operation of the computer system. OS goals – •Maximum CPU utilization •Less process starvation •Higher priority job execution Types of operating systems – [MS DOS, 1981] [ATLAS, Manchester Univ., late 1950s – early 1960s] -Multiprogramming operating system [THE, Dijkstra, early 1960s]-Single process operating system -Batch -processing operating system -Multitasking operating system -Multi -processing operating system -Distributed system -Real time OS[CTSS, MIT, early 1960s] [Windows NT] [LOCUS ] [ATCS] LEC-2: Types of OS CodeHelp

contains t he same type of functions such as the main function can be included in one segment and the library functions can be included in the other segment. 9. .Advantages : a. No internal fragmentation. b. One segment has a contiguous allocation , hence efficient working within segment. c. The size o f segment table is gen erally less than the size of page table. d. It results in a more efficient system because the compiler keeps the same type of functions in one segment. 11. Disadvantages: a. External fragmentation. b. The d ifferent size of segment is not goo d that the time of swapping. 12. Modern System architecture provides both segmentation and paging implemented in some hybrid approach. CodeHelp

(But Program counter, registers & stack are include d.) Includes switching of memory address space. Fast switching. Slow switching. CPU’s cache state is preserved. CPU’s cache state is flushed. CodeHelp LEC-4: Components of OS1.Kernel: A kernel is that part of the operating system which interacts directly with the hardware and performs the most crucial tasks.a.Heart of OS/Core componentb.Very first part of OS to load on start-up.2.User space: Where application software runs, apps don’t have privileged access to the underlying hardware. It interacts with kernel.a.GUIb.CLIA shell, also known as a command interpreter, is that part of the operating system that receives commands from the users and gets them executed. Functions of Kernel: 1.Process management:a.Scheduling processes and threads on the CPUs.b.Creating & deleting both user and system process.c.Suspending and resuming processesd.Providing mechanisms for process synchronization or process communication.2.Memory management:a.Allocating and deallocating memory space as per need.b.Keeping track of which part of memory are currently being used and by which process.3.File management:a.Creating and deleting files.b.Creating and deleting directories to organize files.c.Mapping files into secondary storage.d.Backup support onto a stable storage media.4.I/O management: to manage and control I/O operations and I/O devicesa.Buffering (data copy between two devices), caching and spooling.i.Spooling1.Within differing speed two jobs.2.Eg. Print spooling and mail spooling.ii.Buffering1.Within one job.2.Eg. Youtube video bufferingiii.Caching1.Memory caching, Web caching etc.a.All functions are in kernel itself.b.Bulky in size.c.Memory required to run is high.d.Less reliable, one module crashes -> whole kernel is down.e.High performance as communication is fast. (Less user mode, kernelmode overheads)f.Eg. Linux, Unix, MS-DOS.Types of Kernels: 1.Monolithic kernelCodeHelp

connected computer node s. -collection of independent, networked, communicating, and physically separate computational nodes. -Real time error free, c omputations within tight-time boundaries. -Air Traffic control system, ROBOTS etc. CodeHelp LEC-3: Multi-Tasking vs Multi-Threading Program : A Program is an executable file which contains a certain set of instructions written to complete the specific job or operation on your computer. •It’s a compiled code. Ready to be executed. •Stored in Disk Process : Program under execution. R esides in Computer’s primary memory (RAM). Thread: •Single sequence stream within a pr ocess. •An independent path of execution in a process. •Light-weight process. •Used to achieve parallelism by dividing a process’s tasks which are independent path of execution. •E.g., Multiple tabs in a browser, text editor (When you are typing in an editor, spell-checking, formatting of text and saving the text are done concurrently by multiplethreads.) Multi-Tasking Multi-Threading The execution of more than one task simultaneously is called as multitasking. A process is divided into several different sub-tasks called as threads, which has its own path of execution. This concept is called as multithreading. Concept of more than 1 processes being context switched. Concept of more than 1 thread. Threads are context switched. No. of CPU 1. No. of CP U >= 1. (Better to have more than 1) Isolation and memory protection exists. OS must allocate separate memory and resources to each program that CPU is executing. No isolation and memory prote ction , resources are shared among threads of that process. OS allocates memory to a process; multiple threads of that process share the same memory and resources allocated to the process.

Generate the study guide JSON.
IMPORTANT: Only use the CONTEXT if it strictly belongs to the SUBJECT (None). If the context is about a different subject (e.g., Operating Systems), IGNORE the context entirely and use your general knowledge.

2026-06-23 14:13:25,879 - INFO - -------------------------------------------------------
2026-06-23 14:14:43,516 - INFO - CACHE MISS: topic='Database System Concepts', subject='None'
2026-06-23 14:14:53,918 - INFO - CACHE MISS: topic='Database System Concepts', subject='None'
2026-06-23 14:15:00,541 - INFO - CACHE MISS: topic='Database System Concepts', subject='None'
2026-06-23 14:15:06,570 - INFO - CACHE MISS: topic='Database System Concepts', subject='None'
2026-06-23 14:15:14,524 - INFO - [PracticeEngine] Returning cached topics hierarchy for student 3
2026-06-23 14:15:14,527 - INFO - CACHE HIT (Fast Return): topic='Database System Concepts', subject='None'
2026-06-23 14:15:14,602 - INFO - [PracticeEngine] Returning cached topics hierarchy for student 3
2026-06-23 14:15:14,607 - INFO - CACHE HIT (Fast Return): topic='Database System Concepts', subject='None'
2026-06-23 14:15:14,653 - INFO - CACHE HIT: topic='Database System Concepts', subject='None'
2026-06-23 14:15:14,750 - INFO - [PracticeEngine] Returning cached topics hierarchy for student 3
2026-06-23 14:15:14,754 - INFO - CACHE HIT (Fast Return): topic='Database System Concepts', subject='None'
2026-06-23 14:15:14,803 - INFO - CACHE HIT: topic='Database System Concepts', subject='None'
2026-06-23 14:15:14,824 - INFO - [PracticeEngine] Returning cached topics hierarchy for student 3
2026-06-23 14:15:14,827 - INFO - CACHE HIT (Fast Return): topic='Database System Concepts', subject='None'
2026-06-23 14:15:21,731 - INFO - [PracticeEngine] Returning cached topics hierarchy for student 3
2026-06-23 14:15:21,787 - INFO - [PracticeEngine] Returning cached topics hierarchy for student 3
2026-06-23 14:17:21,140 - INFO - CACHE MISS: topic='Database System Concepts', subject='None'
2026-06-23 14:17:25,046 - ERROR - [PracticeEngine] Failed to parse learning content for topic 'Database System Concepts': Expecting ',' delimiter: line 103 column 127 (char 8489)
2026-06-23 14:17:25,046 - ERROR - [PracticeEngine] Raw response: {
    "notes": [
        {
            "type": "heading",
            "text": "Fundamental Architecture of a DBMS"
        },
        {
            "type": "paragraph",
            "text": "A Database Management System (DBMS) is a layered software stack that abstracts physical storage, enforces data integrity, and provides concurrent, durable access to logical data. The canonical three‑tier architecture consists of: 1) Storage Engine (buffer manager, page replacement, recovery log, and on‑disk l
2026-06-23 14:17:25,046 - INFO - CACHE MISS: topic='Database System Concepts', subject='None'
2026-06-23 14:28:21,810 - ERROR - [PracticeEngine] Failed to save topics cache to disk: [Errno 13] Permission denied: '/home/galaxy/Desktop/Student_System/Backend/services/topics_cache.json'
2026-06-23 14:28:21,816 - INFO - CACHE HIT (Fast Return): topic='Database System Concepts', subject='None'
2026-06-23 14:28:32,979 - ERROR - [PracticeEngine] Failed to save topics cache to disk: [Errno 13] Permission denied: '/home/galaxy/Desktop/Student_System/Backend/services/topics_cache.json'
2026-06-23 14:28:32,992 - INFO - [PracticeEngine] Returning cached topics hierarchy for student 3
2026-06-23 14:28:33,291 - INFO - [PracticeEngine] Returning cached topics hierarchy for student 3
2026-06-23 14:28:33,293 - INFO - CACHE HIT (Fast Return): topic='Database System Concepts', subject='None'
2026-06-23 14:28:52,901 - INFO - [PracticeEngine] Returning cached topics hierarchy for student 3
2026-06-23 14:28:52,904 - INFO - CACHE HIT (Fast Return): topic='Database System Concepts', subject='None'
2026-06-23 14:28:52,985 - INFO - [PracticeEngine] Returning cached topics hierarchy for student 3
2026-06-23 14:28:52,987 - INFO - CACHE HIT: topic='Database System Concepts', subject='None'
2026-06-23 14:28:52,989 - INFO - CACHE HIT (Fast Return): topic='Database System Concepts', subject='None'
2026-06-23 14:28:53,096 - INFO - [PracticeEngine] Returning cached topics hierarchy for student 3
2026-06-23 14:28:53,098 - INFO - CACHE HIT (Fast Return): topic='Database System Concepts', subject='None'
2026-06-23 14:28:53,133 - INFO - CACHE HIT: topic='Database System Concepts', subject='None'
2026-06-23 14:28:53,179 - INFO - [PracticeEngine] Returning cached topics hierarchy for student 3
2026-06-23 14:28:53,181 - INFO - CACHE HIT (Fast Return): topic='Database System Concepts', subject='None'
2026-06-23 14:28:57,126 - INFO - [PracticeEngine] Returning cached topics hierarchy for student 3
2026-06-23 14:28:57,130 - INFO - [PracticeEngine] Returning cached topics hierarchy for student 3
2026-06-23 15:40:08,146 - INFO - [PracticeEngine] Returning cached topics hierarchy for student 3
2026-06-23 15:40:08,152 - INFO - CACHE HIT (Fast Return): topic='Database System Concepts', subject='None'
2026-06-23 15:40:08,243 - INFO - [PracticeEngine] Returning cached topics hierarchy for student 3
2026-06-23 15:40:08,245 - INFO - CACHE HIT: topic='Database System Concepts', subject='None'
2026-06-23 15:40:08,249 - INFO - CACHE HIT (Fast Return): topic='Database System Concepts', subject='None'
2026-06-23 15:40:08,406 - INFO - [PracticeEngine] Returning cached topics hierarchy for student 3
2026-06-23 15:40:08,408 - INFO - CACHE HIT (Fast Return): topic='Database System Concepts', subject='None'
2026-06-23 15:40:08,417 - INFO - CACHE HIT: topic='Database System Concepts', subject='None'
2026-06-23 15:40:08,494 - INFO - [PracticeEngine] Returning cached topics hierarchy for student 3
2026-06-23 15:40:08,498 - INFO - CACHE HIT (Fast Return): topic='Database System Concepts', subject='None'
2026-06-23 18:54:11,007 - ERROR - [PracticeEngine] Failed to save topics cache to disk: [Errno 13] Permission denied: '/home/galaxy/Desktop/Student_System/Backend/services/topics_cache.json'
2026-06-23 18:54:11,013 - INFO - CACHE HIT (Fast Return): topic='Database System Concepts', subject='None'
2026-06-23 18:54:11,178 - INFO - [PracticeEngine] Returning cached topics hierarchy for student 3
2026-06-23 18:54:11,180 - INFO - CACHE HIT (Fast Return): topic='Database System Concepts', subject='None'
2026-06-23 18:54:11,377 - INFO - [PracticeEngine] Returning cached topics hierarchy for student 3
2026-06-23 18:54:11,380 - INFO - CACHE HIT (Fast Return): topic='Database System Concepts', subject='None'
2026-06-23 18:54:11,406 - INFO - CACHE HIT: topic='Database System Concepts', subject='None'
2026-06-23 18:54:11,487 - INFO - [PracticeEngine] Returning cached topics hierarchy for student 3
2026-06-23 18:54:11,490 - INFO - CACHE HIT (Fast Return): topic='Database System Concepts', subject='None'
2026-06-23 18:54:11,498 - INFO - CACHE HIT: topic='Database System Concepts', subject='None'
2026-06-23 18:55:12,570 - INFO - [PracticeEngine] Returning cached topics hierarchy for student 3
2026-06-23 18:55:12,574 - INFO - [PracticeEngine] Returning cached topics hierarchy for student 3
2026-06-23 19:00:15,061 - INFO - [PracticeEngine] Returning cached topics hierarchy for student 3
2026-06-23 19:00:15,064 - INFO - CACHE HIT (Fast Return): topic='Database System Concepts', subject='None'
2026-06-23 19:00:15,185 - INFO - [PracticeEngine] Returning cached topics hierarchy for student 3
2026-06-23 19:00:15,187 - INFO - CACHE HIT (Fast Return): topic='Database System Concepts', subject='None'
2026-06-23 19:00:15,191 - INFO - CACHE HIT: topic='Database System Concepts', subject='None'
2026-06-23 19:00:15,424 - INFO - [PracticeEngine] Returning cached topics hierarchy for student 3
2026-06-23 19:00:15,426 - INFO - CACHE HIT: topic='Database System Concepts', subject='None'
2026-06-23 19:00:15,428 - INFO - CACHE HIT (Fast Return): topic='Database System Concepts', subject='None'
2026-06-23 19:00:15,547 - INFO - [PracticeEngine] Returning cached topics hierarchy for student 3
2026-06-23 19:00:15,550 - INFO - CACHE HIT (Fast Return): topic='Database System Concepts', subject='None'
2026-06-23 19:02:00,990 - INFO - [PracticeEngine] Returning cached topics hierarchy for student 3
2026-06-23 19:02:00,992 - INFO - CACHE HIT (Fast Return): topic='Database System Concepts', subject='None'
2026-06-23 19:02:01,108 - INFO - [PracticeEngine] Returning cached topics hierarchy for student 3
2026-06-23 19:02:01,110 - INFO - CACHE HIT (Fast Return): topic='Database System Concepts', subject='None'
2026-06-23 19:02:01,202 - INFO - CACHE HIT: topic='Database System Concepts', subject='None'
2026-06-23 19:02:01,325 - INFO - [PracticeEngine] Returning cached topics hierarchy for student 3
2026-06-23 19:02:01,328 - INFO - CACHE HIT (Fast Return): topic='Database System Concepts', subject='None'
2026-06-23 19:02:01,401 - INFO - CACHE HIT: topic='Database System Concepts', subject='None'
2026-06-23 19:02:01,435 - INFO - [PracticeEngine] Returning cached topics hierarchy for student 3
2026-06-23 19:02:01,438 - INFO - CACHE HIT (Fast Return): topic='Database System Concepts', subject='None'
2026-06-23 19:02:02,309 - INFO - [PracticeEngine] Returning cached topics hierarchy for student 3
2026-06-23 19:02:02,313 - INFO - [PracticeEngine] Returning cached topics hierarchy for student 3
2026-06-23 19:07:30,808 - INFO - [PracticeEngine] Returning cached topics hierarchy for student 3
2026-06-23 19:07:30,812 - INFO - CACHE HIT (Fast Return): topic='Relational Data Model', subject='Database Management Systems'
2026-06-23 19:07:30,842 - INFO - [PracticeEngine] Returning cached topics hierarchy for student 3
2026-06-23 19:07:30,845 - INFO - CACHE HIT (Fast Return): topic='Relational Data Model', subject='Database Management Systems'
2026-06-23 19:07:30,848 - INFO - CACHE HIT: topic='Relational Data Model', subject='Database Management Systems'
2026-06-23 19:07:30,872 - INFO - [PracticeEngine] Returning cached topics hierarchy for student 3
2026-06-23 19:07:30,989 - INFO - CACHE HIT: topic='Relational Data Model', subject='Database Management Systems'
2026-06-23 19:07:31,005 - INFO - [PracticeEngine] Returning cached topics hierarchy for student 3
2026-06-23 19:07:32,857 - INFO - [PracticeEngine] Returning cached topics hierarchy for student 3
2026-06-23 19:07:32,861 - INFO - [PracticeEngine] Returning cached topics hierarchy for student 3
2026-06-23 19:07:32,864 - INFO - CACHE HIT (Fast Return): topic='SQL Basics', subject='Database Management Systems'
2026-06-23 19:07:32,951 - INFO - CACHE HIT: topic='SQL Basics', subject='Database Management Systems'
2026-06-23 19:07:33,446 - INFO - [PracticeEngine] Returning cached topics hierarchy for student 3
2026-06-23 19:07:33,449 - INFO - [PracticeEngine] Returning cached topics hierarchy for student 3
2026-06-23 19:07:33,483 - INFO - --- LLM PROMPT (Subject: Database Management Systems, Topic: Advanced SQL) ---
2026-06-23 19:07:33,484 - INFO - SYSTEM PROMPT:
You are teaching a first-year B.Tech CSE student.
Given the topic and context, generate a highly rigorous and extremely detailed technical study guide using ONLY valid JSON.

Your output must follow this strict JSON format:
{
    "notes": [
        {"type": "heading", "text": "Advanced Concept / Deep Dive"},
        {"type": "paragraph", "text": "In-depth technical explanation, covering edge cases, under-the-hood workings, and performance implications..."},
        {"type": "highlight", "variant": "constructive", "title": "Interview Pro-Tip", "text": "Crucial detail often asked in interviews..."},
        {"type": "code_block", "language": "python", "title": "Complex Implementation", "code": "def complex_algo(): pass"},
        {"type": "note", "text": "Advanced side note or historical context"}
    ],
    "revision": {
        "title": "Interview Cheat Sheet",
        "points": [
            {"id": 1, "text": "Advanced point 1"},
            {"id": 2, "text": "Advanced point 2"}
        ]
    }
}

RULES:
- `notes` array must use types: 'heading', 'paragraph', 'highlight' (variant: 'constructive' or 'destructive'), 'code_block' (include 'language', 'title', 'code'), or 'note'.
- The content MUST be highly rigorous and technically deep. Include complex edge cases, advanced theory, real-world system design implications, and interview-level insights. 
- NEVER generate basic, high-level, or "kidish" overviews. Assume the reader is preparing for a Senior or top-tier placement.
- Generate content ONLY within the context of the provided subject. Do not include concepts from other subjects. For example, if the topic is "Control Flow" and the subject is "Programming Fundamentals", focus on programming logic (if/else, loops) and DO NOT discuss Operating Systems concepts like semaphores or mutexes.
- `revision` should have 3-5 hard-hitting, concise bullet points.
- Do not use markdown fencing (e.g. ```json). Just return the raw JSON object.

2026-06-23 19:07:33,484 - INFO - USER PROMPT:
SUBJECT:
Database Management Systems

TOPIC:
Advanced SQL

CONTEXT:
Subject / Context: Database Management Systems
(Curriculum topic — use highly rigorous general knowledge for a college level curriculum)

Generate the study guide JSON.
IMPORTANT: Only use the CONTEXT if it strictly belongs to the SUBJECT (Database Management Systems). If the context is about a different subject (e.g., Operating Systems), IGNORE the context entirely and use your general knowledge.

2026-06-23 19:07:33,484 - INFO - -------------------------------------------------------
2026-06-23 19:07:33,928 - INFO - [PracticeEngine] Returning cached topics hierarchy for student 3
2026-06-23 19:07:33,942 - INFO - [PracticeEngine] Returning cached topics hierarchy for student 3
2026-06-23 19:07:34,012 - INFO - --- LLM PROMPT (Subject: Database Management Systems, Topic: Database Design) ---
2026-06-23 19:07:34,012 - INFO - SYSTEM PROMPT:
You are teaching a first-year B.Tech CSE student.
Given the topic and context, generate a highly rigorous and extremely detailed technical study guide using ONLY valid JSON.

Your output must follow this strict JSON format:
{
    "notes": [
        {"type": "heading", "text": "Advanced Concept / Deep Dive"},
        {"type": "paragraph", "text": "In-depth technical explanation, covering edge cases, under-the-hood workings, and performance implications..."},
        {"type": "highlight", "variant": "constructive", "title": "Interview Pro-Tip", "text": "Crucial detail often asked in interviews..."},
        {"type": "code_block", "language": "python", "title": "Complex Implementation", "code": "def complex_algo(): pass"},
        {"type": "note", "text": "Advanced side note or historical context"}
    ],
    "revision": {
        "title": "Interview Cheat Sheet",
        "points": [
            {"id": 1, "text": "Advanced point 1"},
            {"id": 2, "text": "Advanced point 2"}
        ]
    }
}

RULES:
- `notes` array must use types: 'heading', 'paragraph', 'highlight' (variant: 'constructive' or 'destructive'), 'code_block' (include 'language', 'title', 'code'), or 'note'.
- The content MUST be highly rigorous and technically deep. Include complex edge cases, advanced theory, real-world system design implications, and interview-level insights. 
- NEVER generate basic, high-level, or "kidish" overviews. Assume the reader is preparing for a Senior or top-tier placement.
- Generate content ONLY within the context of the provided subject. Do not include concepts from other subjects. For example, if the topic is "Control Flow" and the subject is "Programming Fundamentals", focus on programming logic (if/else, loops) and DO NOT discuss Operating Systems concepts like semaphores or mutexes.
- `revision` should have 3-5 hard-hitting, concise bullet points.
- Do not use markdown fencing (e.g. ```json). Just return the raw JSON object.

2026-06-23 19:07:34,012 - INFO - USER PROMPT:
SUBJECT:
Database Management Systems

TOPIC:
Database Design

CONTEXT:
Subject / Context: Database Management Systems
(Curriculum topic — use highly rigorous general knowledge for a college level curriculum)

Generate the study guide JSON.
IMPORTANT: Only use the CONTEXT if it strictly belongs to the SUBJECT (Database Management Systems). If the context is about a different subject (e.g., Operating Systems), IGNORE the context entirely and use your general knowledge.

2026-06-23 19:07:34,012 - INFO - -------------------------------------------------------
2026-06-23 19:07:37,895 - INFO - [PracticeEngine] Returning cached topics hierarchy for student 3
2026-06-23 19:07:37,918 - INFO - [PracticeEngine] Returning cached topics hierarchy for student 3
2026-06-23 19:07:44,073 - INFO - [PracticeEngine] Returning cached topics hierarchy for student 3
2026-06-23 19:07:44,083 - INFO - [PracticeEngine] Returning cached topics hierarchy for student 3
2026-06-23 19:07:44,085 - INFO - CACHE HIT (Fast Return): topic='SQL Basics', subject='Database Management Systems'
2026-06-23 19:07:44,148 - INFO - CACHE HIT: topic='SQL Basics', subject='Database Management Systems'
2026-06-23 19:07:45,041 - INFO - [PracticeEngine] Returning cached topics hierarchy for student 3
2026-06-23 19:07:45,053 - INFO - [PracticeEngine] Returning cached topics hierarchy for student 3
2026-06-23 19:07:45,109 - INFO - --- LLM PROMPT (Subject: Database Management Systems, Topic: Transaction Management) ---
2026-06-23 19:07:45,109 - INFO - SYSTEM PROMPT:
You are teaching a first-year B.Tech CSE student.
Given the topic and context, generate a highly rigorous and extremely detailed technical study guide using ONLY valid JSON.

Your output must follow this strict JSON format:
{
    "notes": [
        {"type": "heading", "text": "Advanced Concept / Deep Dive"},
        {"type": "paragraph", "text": "In-depth technical explanation, covering edge cases, under-the-hood workings, and performance implications..."},
        {"type": "highlight", "variant": "constructive", "title": "Interview Pro-Tip", "text": "Crucial detail often asked in interviews..."},
        {"type": "code_block", "language": "python", "title": "Complex Implementation", "code": "def complex_algo(): pass"},
        {"type": "note", "text": "Advanced side note or historical context"}
    ],
    "revision": {
        "title": "Interview Cheat Sheet",
        "points": [
            {"id": 1, "text": "Advanced point 1"},
            {"id": 2, "text": "Advanced point 2"}
        ]
    }
}

RULES:
- `notes` array must use types: 'heading', 'paragraph', 'highlight' (variant: 'constructive' or 'destructive'), 'code_block' (include 'language', 'title', 'code'), or 'note'.
- The content MUST be highly rigorous and technically deep. Include complex edge cases, advanced theory, real-world system design implications, and interview-level insights. 
- NEVER generate basic, high-level, or "kidish" overviews. Assume the reader is preparing for a Senior or top-tier placement.
- Generate content ONLY within the context of the provided subject. Do not include concepts from other subjects. For example, if the topic is "Control Flow" and the subject is "Programming Fundamentals", focus on programming logic (if/else, loops) and DO NOT discuss Operating Systems concepts like semaphores or mutexes.
- `revision` should have 3-5 hard-hitting, concise bullet points.
- Do not use markdown fencing (e.g. ```json). Just return the raw JSON object.

2026-06-23 19:07:45,109 - INFO - USER PROMPT:
SUBJECT:
Database Management Systems

TOPIC:
Transaction Management

CONTEXT:
Subject / Context: Database Management Systems
(Curriculum topic — use highly rigorous general knowledge for a college level curriculum)

Generate the study guide JSON.
IMPORTANT: Only use the CONTEXT if it strictly belongs to the SUBJECT (Database Management Systems). If the context is about a different subject (e.g., Operating Systems), IGNORE the context entirely and use your general knowledge.

2026-06-23 19:07:45,109 - INFO - -------------------------------------------------------
2026-06-23 19:07:57,226 - INFO - [PracticeEngine] Returning cached topics hierarchy for student 3
2026-06-23 19:07:57,229 - INFO - CACHE HIT (Fast Return): topic='Database System Concepts', subject='None'
2026-06-23 19:07:57,242 - INFO - [PracticeEngine] Returning cached topics hierarchy for student 3
2026-06-23 19:07:57,244 - INFO - CACHE HIT (Fast Return): topic='Database System Concepts', subject='Database Management Systems'
2026-06-23 19:07:57,293 - INFO - CACHE HIT: topic='Database System Concepts', subject='Database Management Systems'
2026-06-23 19:07:57,981 - INFO - --- LLM PROMPT (Subject: Database Management Systems, Topic: Advanced SQL) ---
2026-06-23 19:07:57,981 - INFO - SYSTEM PROMPT:
You are teaching a first-year B.Tech CSE student.
Given the topic and context, generate a highly rigorous and extremely detailed technical study guide using ONLY valid JSON.

Your output must follow this strict JSON format:
{
    "notes": [
        {"type": "heading", "text": "Advanced Concept / Deep Dive"},
        {"type": "paragraph", "text": "In-depth technical explanation, covering edge cases, under-the-hood workings, and performance implications..."},
        {"type": "highlight", "variant": "constructive", "title": "Interview Pro-Tip", "text": "Crucial detail often asked in interviews..."},
        {"type": "code_block", "language": "python", "title": "Complex Implementation", "code": "def complex_algo(): pass"},
        {"type": "note", "text": "Advanced side note or historical context"}
    ],
    "revision": {
        "title": "Interview Cheat Sheet",
        "points": [
            {"id": 1, "text": "Advanced point 1"},
            {"id": 2, "text": "Advanced point 2"}
        ]
    }
}

RULES:
- `notes` array must use types: 'heading', 'paragraph', 'highlight' (variant: 'constructive' or 'destructive'), 'code_block' (include 'language', 'title', 'code'), or 'note'.
- The content MUST be highly rigorous and technically deep. Include complex edge cases, advanced theory, real-world system design implications, and interview-level insights. 
- NEVER generate basic, high-level, or "kidish" overviews. Assume the reader is preparing for a Senior or top-tier placement.
- Generate content ONLY within the context of the provided subject. Do not include concepts from other subjects. For example, if the topic is "Control Flow" and the subject is "Programming Fundamentals", focus on programming logic (if/else, loops) and DO NOT discuss Operating Systems concepts like semaphores or mutexes.
- `revision` should have 3-5 hard-hitting, concise bullet points.
- Do not use markdown fencing (e.g. ```json). Just return the raw JSON object.

2026-06-23 19:07:57,981 - INFO - USER PROMPT:
SUBJECT:
Database Management Systems

TOPIC:
Advanced SQL

CONTEXT:
Subject / Context: Database Management Systems
(Curriculum topic — use highly rigorous general knowledge for a college level curriculum)

Generate the study guide JSON.
IMPORTANT: Only use the CONTEXT if it strictly belongs to the SUBJECT (Database Management Systems). If the context is about a different subject (e.g., Operating Systems), IGNORE the context entirely and use your general knowledge.

2026-06-23 19:07:57,981 - INFO - -------------------------------------------------------
2026-06-23 19:08:03,823 - INFO - [PracticeEngine] Returning cached topics hierarchy for student 3
2026-06-23 19:08:03,834 - INFO - [PracticeEngine] Returning cached topics hierarchy for student 3
2026-06-23 19:08:03,892 - INFO - --- LLM PROMPT (Subject: Database Management Systems, Topic: Indexing and Hashing) ---
2026-06-23 19:08:03,892 - INFO - SYSTEM PROMPT:
You are teaching a first-year B.Tech CSE student.
Given the topic and context, generate a highly rigorous and extremely detailed technical study guide using ONLY valid JSON.

Your output must follow this strict JSON format:
{
    "notes": [
        {"type": "heading", "text": "Advanced Concept / Deep Dive"},
        {"type": "paragraph", "text": "In-depth technical explanation, covering edge cases, under-the-hood workings, and performance implications..."},
        {"type": "highlight", "variant": "constructive", "title": "Interview Pro-Tip", "text": "Crucial detail often asked in interviews..."},
        {"type": "code_block", "language": "python", "title": "Complex Implementation", "code": "def complex_algo(): pass"},
        {"type": "note", "text": "Advanced side note or historical context"}
    ],
    "revision": {
        "title": "Interview Cheat Sheet",
        "points": [
            {"id": 1, "text": "Advanced point 1"},
            {"id": 2, "text": "Advanced point 2"}
        ]
    }
}

RULES:
- `notes` array must use types: 'heading', 'paragraph', 'highlight' (variant: 'constructive' or 'destructive'), 'code_block' (include 'language', 'title', 'code'), or 'note'.
- The content MUST be highly rigorous and technically deep. Include complex edge cases, advanced theory, real-world system design implications, and interview-level insights. 
- NEVER generate basic, high-level, or "kidish" overviews. Assume the reader is preparing for a Senior or top-tier placement.
- Generate content ONLY within the context of the provided subject. Do not include concepts from other subjects. For example, if the topic is "Control Flow" and the subject is "Programming Fundamentals", focus on programming logic (if/else, loops) and DO NOT discuss Operating Systems concepts like semaphores or mutexes.
- `revision` should have 3-5 hard-hitting, concise bullet points.
- Do not use markdown fencing (e.g. ```json). Just return the raw JSON object.

2026-06-23 19:08:03,892 - INFO - USER PROMPT:
SUBJECT:
Database Management Systems

TOPIC:
Indexing and Hashing

CONTEXT:
Subject / Context: Database Management Systems
(Curriculum topic — use highly rigorous general knowledge for a college level curriculum)

Generate the study guide JSON.
IMPORTANT: Only use the CONTEXT if it strictly belongs to the SUBJECT (Database Management Systems). If the context is about a different subject (e.g., Operating Systems), IGNORE the context entirely and use your general knowledge.

2026-06-23 19:08:03,892 - INFO - -------------------------------------------------------
2026-06-23 19:08:04,246 - INFO - [PracticeEngine] Returning cached topics hierarchy for student 3
2026-06-23 19:08:04,250 - INFO - CACHE HIT (Fast Return): topic='Operating Systems', subject='None'
2026-06-23 19:08:04,280 - INFO - [PracticeEngine] Returning cached topics hierarchy for student 3
2026-06-23 19:08:04,333 - INFO - --- LLM PROMPT (Subject: Operating Systems, Topic: Operating Systems) ---
2026-06-23 19:08:04,333 - INFO - SYSTEM PROMPT:
You are teaching a first-year B.Tech CSE student.
Given the topic and context, generate a highly rigorous and extremely detailed technical study guide using ONLY valid JSON.

Your output must follow this strict JSON format:
{
    "notes": [
        {"type": "heading", "text": "Advanced Concept / Deep Dive"},
        {"type": "paragraph", "text": "In-depth technical explanation, covering edge cases, under-the-hood workings, and performance implications..."},
        {"type": "highlight", "variant": "constructive", "title": "Interview Pro-Tip", "text": "Crucial detail often asked in interviews..."},
        {"type": "code_block", "language": "python", "title": "Complex Implementation", "code": "def complex_algo(): pass"},
        {"type": "note", "text": "Advanced side note or historical context"}
    ],
    "revision": {
        "title": "Interview Cheat Sheet",
        "points": [
            {"id": 1, "text": "Advanced point 1"},
            {"id": 2, "text": "Advanced point 2"}
        ]
    }
}

RULES:
- `notes` array must use types: 'heading', 'paragraph', 'highlight' (variant: 'constructive' or 'destructive'), 'code_block' (include 'language', 'title', 'code'), or 'note'.
- The content MUST be highly rigorous and technically deep. Include complex edge cases, advanced theory, real-world system design implications, and interview-level insights. 
- NEVER generate basic, high-level, or "kidish" overviews. Assume the reader is preparing for a Senior or top-tier placement.
- Generate content ONLY within the context of the provided subject. Do not include concepts from other subjects. For example, if the topic is "Control Flow" and the subject is "Programming Fundamentals", focus on programming logic (if/else, loops) and DO NOT discuss Operating Systems concepts like semaphores or mutexes.
- `revision` should have 3-5 hard-hitting, concise bullet points.
- Do not use markdown fencing (e.g. ```json). Just return the raw JSON object.

2026-06-23 19:08:04,334 - INFO - USER PROMPT:
SUBJECT:
Operating Systems

TOPIC:
Operating Systems

CONTEXT:
Subject / Context: Operating Systems
(Curriculum topic — use highly rigorous general knowledge for a college level curriculum)

Generate the study guide JSON.
IMPORTANT: Only use the CONTEXT if it strictly belongs to the SUBJECT (Operating Systems). If the context is about a different subject (e.g., Operating Systems), IGNORE the context entirely and use your general knowledge.

2026-06-23 19:08:04,334 - INFO - -------------------------------------------------------
2026-06-23 19:08:47,094 - INFO - CACHE MISS: topic='Advanced SQL', subject='Database Management Systems'
2026-06-23 19:08:47,929 - INFO - [PracticeEngine] Returning cached topics hierarchy for student 3
2026-06-23 19:08:47,955 - INFO - [PracticeEngine] Returning cached topics hierarchy for student 3
2026-06-23 19:08:47,979 - INFO - --- LLM PROMPT (Subject: Operating Systems, Topic: Operating Systems) ---
2026-06-23 19:08:47,979 - INFO - SYSTEM PROMPT:
You are teaching a first-year B.Tech CSE student.
Given the topic and context, generate a highly rigorous and extremely detailed technical study guide using ONLY valid JSON.

Your output must follow this strict JSON format:
{
    "notes": [
        {"type": "heading", "text": "Advanced Concept / Deep Dive"},
        {"type": "paragraph", "text": "In-depth technical explanation, covering edge cases, under-the-hood workings, and performance implications..."},
        {"type": "highlight", "variant": "constructive", "title": "Interview Pro-Tip", "text": "Crucial detail often asked in interviews..."},
        {"type": "code_block", "language": "python", "title": "Complex Implementation", "code": "def complex_algo(): pass"},
        {"type": "note", "text": "Advanced side note or historical context"}
    ],
    "revision": {
        "title": "Interview Cheat Sheet",
        "points": [
            {"id": 1, "text": "Advanced point 1"},
            {"id": 2, "text": "Advanced point 2"}
        ]
    }
}

RULES:
- `notes` array must use types: 'heading', 'paragraph', 'highlight' (variant: 'constructive' or 'destructive'), 'code_block' (include 'language', 'title', 'code'), or 'note'.
- The content MUST be highly rigorous and technically deep. Include complex edge cases, advanced theory, real-world system design implications, and interview-level insights. 
- NEVER generate basic, high-level, or "kidish" overviews. Assume the reader is preparing for a Senior or top-tier placement.
- Generate content ONLY within the context of the provided subject. Do not include concepts from other subjects. For example, if the topic is "Control Flow" and the subject is "Programming Fundamentals", focus on programming logic (if/else, loops) and DO NOT discuss Operating Systems concepts like semaphores or mutexes.
- `revision` should have 3-5 hard-hitting, concise bullet points.
- Do not use markdown fencing (e.g. ```json). Just return the raw JSON object.

2026-06-23 19:08:47,979 - INFO - USER PROMPT:
SUBJECT:
Operating Systems

TOPIC:
Operating Systems

CONTEXT:
Subject / Context: Operating Systems
(Curriculum topic — use highly rigorous general knowledge for a college level curriculum)

Generate the study guide JSON.
IMPORTANT: Only use the CONTEXT if it strictly belongs to the SUBJECT (Operating Systems). If the context is about a different subject (e.g., Operating Systems), IGNORE the context entirely and use your general knowledge.

2026-06-23 19:08:47,979 - INFO - -------------------------------------------------------
2026-06-23 19:08:48,016 - INFO - [PracticeEngine] Returning cached topics hierarchy for student 3
2026-06-23 19:08:48,019 - INFO - CACHE HIT (Fast Return): topic='Operating Systems', subject='None'
2026-06-23 19:08:48,149 - INFO - [PracticeEngine] Returning cached topics hierarchy for student 3
2026-06-23 19:08:48,151 - INFO - CACHE HIT (Fast Return): topic='Operating Systems', subject='None'
2026-06-23 19:08:53,433 - INFO - CACHE MISS: topic='Transaction Management', subject='Database Management Systems'
2026-06-23 19:09:08,039 - INFO - --- LLM PROMPT (Subject: Operating Systems, Topic: Operating Systems) ---
2026-06-23 19:09:08,040 - INFO - SYSTEM PROMPT:
You are teaching a first-year B.Tech CSE student.
Given the topic and context, generate a highly rigorous and extremely detailed technical study guide using ONLY valid JSON.

Your output must follow this strict JSON format:
{
    "notes": [
        {"type": "heading", "text": "Advanced Concept / Deep Dive"},
        {"type": "paragraph", "text": "In-depth technical explanation, covering edge cases, under-the-hood workings, and performance implications..."},
        {"type": "highlight", "variant": "constructive", "title": "Interview Pro-Tip", "text": "Crucial detail often asked in interviews..."},
        {"type": "code_block", "language": "python", "title": "Complex Implementation", "code": "def complex_algo(): pass"},
        {"type": "note", "text": "Advanced side note or historical context"}
    ],
    "revision": {
        "title": "Interview Cheat Sheet",
        "points": [
            {"id": 1, "text": "Advanced point 1"},
            {"id": 2, "text": "Advanced point 2"}
        ]
    }
}

RULES:
- `notes` array must use types: 'heading', 'paragraph', 'highlight' (variant: 'constructive' or 'destructive'), 'code_block' (include 'language', 'title', 'code'), or 'note'.
- The content MUST be highly rigorous and technically deep. Include complex edge cases, advanced theory, real-world system design implications, and interview-level insights. 
- NEVER generate basic, high-level, or "kidish" overviews. Assume the reader is preparing for a Senior or top-tier placement.
- Generate content ONLY within the context of the provided subject. Do not include concepts from other subjects. For example, if the topic is "Control Flow" and the subject is "Programming Fundamentals", focus on programming logic (if/else, loops) and DO NOT discuss Operating Systems concepts like semaphores or mutexes.
- `revision` should have 3-5 hard-hitting, concise bullet points.
- Do not use markdown fencing (e.g. ```json). Just return the raw JSON object.

2026-06-23 19:09:08,040 - INFO - USER PROMPT:
SUBJECT:
Operating Systems

TOPIC:
Operating Systems

CONTEXT:
Subject / Context: Operating Systems
(Curriculum topic — use highly rigorous general knowledge for a college level curriculum)

Generate the study guide JSON.
IMPORTANT: Only use the CONTEXT if it strictly belongs to the SUBJECT (Operating Systems). If the context is about a different subject (e.g., Operating Systems), IGNORE the context entirely and use your general knowledge.

2026-06-23 19:09:08,040 - INFO - -------------------------------------------------------
2026-06-23 19:09:12,022 - INFO - 
================================================================================
2026-06-23 19:09:12,022 - INFO - [2026-06-23T19:09:12.022262] CHATBOT REQUEST RECEIVED (STREAMING)
2026-06-23 19:09:12,022 - INFO -   Student ID : 3
2026-06-23 19:09:12,022 - INFO -   Question   : what should i study for ai jobs
2026-06-23 19:09:12,022 - INFO -   Role       : student
2026-06-23 19:09:12,022 - INFO -   Reset      : False
2026-06-23 19:09:12,022 - INFO - ================================================================================
2026-06-23 19:09:12,023 - INFO -   Student Name: Keshav
2026-06-23 19:09:12,025 - INFO -   Uploaded documents: ['1_20260312_195129_CV - Keshav Gupta - Intern.pdf', 'OS_Full_Notes.pdf']
2026-06-23 19:09:12,025 - INFO -   [LLM Call] Preferred provider: gpt4o
2026-06-23 19:09:12,025 - INFO -   [LLM Call] Resolved configuration chain: ['GPT-4o-mini', 'Llama']
2026-06-23 19:09:12,025 - INFO -   [LLM Call] Trying provider 'GPT-4o-mini' at http://192.168.10.65:8010/v1 using model gpt-oss-120b...
2026-06-23 19:09:12,763 - INFO - CACHE MISS: topic='Database Design', subject='Database Management Systems'
2026-06-23 19:09:14,634 - INFO -   [LLM Call] Success with provider 'GPT-4o-mini'!
2026-06-23 19:09:14,634 - INFO -   Detected Intent: Intent.GENERAL_QUERY
2026-06-23 19:09:14,635 - INFO -   Retrieving top_8 chunks from vector DB...
2026-06-23 19:09:14,635 - INFO - [Search] Searching relevant chunks for student_id=3, question='what should i study for ai jobs'
2026-06-23 19:09:14,636 - INFO - [Search] Student has 2 document(s): ['1_20260312_195129_CV - Keshav Gupta - Intern.pdf', 'OS_Full_Notes.pdf']
2026-06-23 19:09:14,636 - INFO - [Search] No specific document mentioned. Performing balanced retrieval across all documents.
2026-06-23 19:09:14,636 - INFO - [Search] Querying document '1_20260312_195129_CV - Keshav Gupta - Intern.pdf' (ID: 1) for up to 4 chunks...
2026-06-23 19:09:14,942 - INFO - [Search] Querying document 'OS_Full_Notes.pdf' (ID: 12) for up to 4 chunks...
2026-06-23 19:09:15,332 - INFO - [Search] Performing global query across all documents for top_8...
2026-06-23 19:09:15,577 - INFO - [Search] Finished search. Returning 8 chunks after balanced round-robin selection.
2026-06-23 19:09:15,577 - INFO -   Retrieved 8 chunks from ChromaDB.
2026-06-23 19:09:15,577 - INFO -     Chunk 1: Doc='1_20260312_195129_CV - Keshav Gupta - Intern.pdf' | Snippet: imbalance, boosting model performance for business intelligence applications. •Optimized machine lea...
2026-06-23 19:09:15,577 - INFO -     Chunk 2: Doc='OS_Full_Notes.pdf' | Snippet: a singl e computer. -Increases reliability, 1 CPU fails, othercan work -Better throughput. -Lesser p...
2026-06-23 19:09:15,577 - INFO -     Chunk 3: Doc='1_20260312_195129_CV - Keshav Gupta - Intern.pdf' | Snippet: KESHAV GUPTA (+91) 9625122267 keshavg2539@gmail.com linkedin.com/in/keshav-gupta2539 github.com/kesh...
2026-06-23 19:09:15,577 - INFO -     Chunk 4: Doc='OS_Full_Notes.pdf' | Snippet: connected computer node s. -collection of independent, networked, communicating, and physically sepa...
2026-06-23 19:09:15,577 - INFO -     Chunk 5: Doc='1_20260312_195129_CV - Keshav Gupta - Intern.pdf' | Snippet: for cultural events with over 500 attendees. Social Media Lead Event Manager, Incognito, Kernel, Fit...
2026-06-23 19:09:15,577 - INFO -     Chunk 6: Doc='OS_Full_Notes.pdf' | Snippet: system -Batch -processing operating system -Multitasking operating system -Multi -processing operati...
2026-06-23 19:09:15,577 - INFO -     Chunk 7: Doc='OS_Full_Notes.pdf' | Snippet: Compatibility: 64-bit CPU can run both 32-bit and 64-bit OS. While 32-bit CPU can only run 32-bit OS...
2026-06-23 19:09:15,578 - INFO -     Chunk 8: Doc='OS_Full_Notes.pdf' | Snippet: and kernel mode?Ans. Inter process communication (IPC).1.Two processes executing independently, havi...
2026-06-23 19:09:15,578 - INFO - 
--- CONTEXT SENT TO LLM ---
2026-06-23 19:09:15,578 - INFO - --- DOCUMENT: 1_20260312_195129_CV - Keshav Gupta - Intern.pdf ---
[Chunk 0]:
KESHAV GUPTA (+91) 9625122267 keshavg2539@gmail.com linkedin.com/in/keshav-gupta2539 github.com/keshavg125 EDUCATION Indian Institute of Information Technology, Kota 2022 – 2026 Bachelor of Technology in Electronics and Communication Engineering [ECE] WORK EXPERIENCE AI ML Intern – Edunet Foundation (Microsoft-AICTE Program) Apr 2025 – May 2025 •Engineered an end-to-end NLP application by designing a data pipeline for text extraction, preprocessing, and performing sentiment analysis using Hugging Face transformer models. •Conducted statistical analysis on chat logs, performing data modeling to identify key engagement drivers and visualize communication patterns for stakeholder review via a Streamlit dashboard. PROJECTS Whisper-Small Fine-Tuning for Hindi ASR (Deep Learning) •Improved ASR accuracy by 50.1% (reducing WER to 42.01%) by designing a complete ETL pipeline and fine-tuning the ‘openai/whisper-small‘ model on a custom Hindi dataset. •Accelerated model training and inference on GPU hardware using Hugging Face ‘transformers‘ and mixed-precision (FP16), preparing the model for production-level deployment. Customer Churn Prediction (Predictive Modeling) •Developed a predictive modeling framework that achieved 79% accuracy and 64% recall , providing a reliable tool for identifying at-risk customers from a large-scale Telco dataset. •Executed comprehensive feature engineering and selection, then applied SMOTE to rectify significant class imbalance, boosting model performance for business intelligence applications. •Optimized machine learning models (XGBoost, LightGBM) using hyperparameter tuning (GridSearchCV) and validated model performance using a suite of metrics including ROC/AUC curves.
[Chunk 1]:
imbalance, boosting model performance for business intelligence applications. •Optimized machine learning models (XGBoost, LightGBM) using hyperparameter tuning (GridSearchCV) and validated model performance using a suite of metrics including ROC/AUC curves. Twitter Sentiment Analysis (Natural Language Processing) •Made a Transformer-based deep learning model for large-scale text classification, achieving 81.37% test accuracy on a 1.6M tweet dataset. •Implemented regularization techniques including early stopping and learning rate scheduling to mitigate overfitting and improve model generalization on unseen data. •Performed statistical analysis and model comparison between RNN (LSTM) and Transformer architectures to inform model selection for large-scale NLP tasks. TECHNICAL SKILLS Languages & Databases: Python, C++, C, SQL, JavaScript, HTML/CSS ML Libraries Frameworks: Scikit-learn, TensorFlow, PyTorch, Pandas, NumPy, Matplotlib, Seaborn, OpenCV, Stream- lit, LightGBM, XGBoost, Hugging Face Transformers Tools, Platforms & Cloud: Git, GitHub, Docker, CI/CD, Azure, AWS (S3, EC2), Google Colab, Jupyter Notebook, REST APIs ML Concepts: Data Science, Data Analysis, Data Visualization, ETL Pipelines, Predictive Modeling, NLP, ASR, Com- puter Vision, Generative AI, Supervised Unsupervised Learning, Classification, Regression, Statistical Analysis, Feature Engineering, Hyperparameter Tuning, Model Evaluation Validation CERTIFICATIONS •Machine Learning Specialization by Andrew Ng - Coursera •Generative AI Prompt Engineering (24+ hours) - Udemy LEADERSHIP EXTRACURRICULAR Logistics Secretary, CACS Creative Arts and Cultural Society, IIIT Kota •Led a 30-member team to manage logistics and operations for cultural events with over 500 attendees. Social Media Lead Event Manager, Incognito, Kernel, Fit India Clubs •Managed promotions and digital strategies across three clubs, boosting student engagement by 25%.
[Chunk 2]:
for cultural events with over 500 attendees. Social Media Lead Event Manager, Incognito, Kernel, Fit India Clubs •Managed promotions and digital strategies across three clubs, boosting student engagement by 25%.

--- DOCUMENT: OS_Full_Notes.pdf ---
[Chunk 2]:
system -Batch -processing operating system -Multitasking operating system -Multi -processing operating system -Distributed system -Real time OS[CTSS, MIT, early 1960s] [Windows NT] [LOCUS ] [ATCS] LEC-2: Types of OS CodeHelp Single process OS, only 1 process executes at a time from the ready queue. [Oldest] Batch- processing OS, 1.Firstly, user prepares his job using punch cards. 2.Then, he submits the job to the computer operator. 3.Operator collects the jobs from different users and sort the jobs into batches with similar needs. 4.Then, operator submits the batches to the processor one by one. 5.All the jobs of one batch are executed together. -Priorities cannot be set, if a job comes with some higher priority. -May lead to starvation. (A batch may take more time to complete) -CPU may become idle in case of I/O operations. Multiprogramming increases CPU utilization by keeping multiple jobs (code and data) in the memory so that the CPU always has one to execute in case some job gets busy with I/O. -Single CPU -Context switching for processes. -Switch happens when current process goes to wait state. -CPU idle time reduced. Multitasking is a logical extension of multiprogramming. -Single CPU -Able to run more than one task simultaneously. -Context switching and time sharing used. -Increases responsiveness. -CPU idle time is further reduced. Multi -processing OS, more than 1 CPU in a singl e computer. -Increases reliability, 1 CPU fails, othercan work -Better throughput. -Lesser process starvation, (if 1 CPU isworking on some process, other can beexecuted on other CPU. CodeHelp
[Chunk 3]:
a singl e computer. -Increases reliability, 1 CPU fails, othercan work -Better throughput. -Lesser process starvation, (if 1 CPU isworking on some process, other can beexecuted on other CPU. CodeHelp Distri bute d OS, RTOS -OS manages many b unches of resources, >=1 CPUs, >=1 memory, >=1 GPUs, etc -Loosely connected autonomous, inter connected computer node s. -collection of independent, networked, communicating, and physically separate computational nodes. -Real time error free, c omputations within tight-time boundaries. -Air Traffic control system, ROBOTS etc. CodeHelp
[Chunk 4]:
connected computer node s. -collection of independent, networked, communicating, and physically separate computational nodes. -Real time error free, c omputations within tight-time boundaries. -Air Traffic control system, ROBOTS etc. CodeHelp LEC-3: Multi-Tasking vs Multi-Threading Program : A Program is an executable file which contains a certain set of instructions written to complete the specific job or operation on your computer. •It’s a compiled code. Ready to be executed. •Stored in Disk Process : Program under execution. R esides in Computer’s primary memory (RAM). Thread: •Single sequence stream within a pr ocess. •An independent path of execution in a process. •Light-weight process. •Used to achieve parallelism by dividing a process’s tasks which are independent path of execution. •E.g., Multiple tabs in a browser, text editor (When you are typing in an editor, spell-checking, formatting of text and saving the text are done concurrently by multiplethreads.) Multi-Tasking Multi-Threading The execution of more than one task simultaneously is called as multitasking. A process is divided into several different sub-tasks called as threads, which has its own path of execution. This concept is called as multithreading. Concept of more than 1 processes being context switched. Concept of more than 1 thread. Threads are context switched. No. of CPU 1. No. of CP U >= 1. (Better to have more than 1) Isolation and memory protection exists. OS must allocate separate memory and resources to each program that CPU is executing. No isolation and memory prote ction , resources are shared among threads of that process. OS allocates memory to a process; multiple threads of that process share the same memory and resources allocated to the process.
[Chunk 8]:
and kernel mode?Ans. Inter process communication (IPC).1.Two processes executing independently, having independent memory space (Memory protection), But some may need to communicate to work.2.Done by shared memory and message passing.CodeHelp LEC-5: System Calls How do apps interact with Kernel? -> using system calls. Eg. Mkdir laks - Mkdir indirectly calls kernel and asked the file mgmt. module to create a new directory. - Mkdir is just a wrapper of actual system calls. - Mkdir interacts with kernel using system calls. Eg. Creating a process. - User executes a process. (User space) - Gets system call. (US) - Exec system call to create a process. (KS) - Return to US. Transitions from US to KS done by software interrupts. System calls are implemented in C. A system call is a mechanism using which a user program can request a service from the kernel for which it does not have the permission to perform. User programs typically do not have permission to perform operations like accessing I/O devices and communicating other programs. System Calls are the only way through which a process can go into kernel mode from user mode.
[Chunk 14]:
Compatibility: 64-bit CPU can run both 32-bit and 64-bit OS. While 32-bit CPU can only run 32-bit OS. e. Better Graphics performance: 8-bytes graphics calculations make graphics-intensive appsrun faster. CodeHelp Lec-8: Storage Devices Basics What are the different memory present in the computer system? 1. Register: Smallest unit of storage. It is a part of CPU itself. A register may hold an instruction, a storage address, or any data (such as bit sequence or individual characters). Registers are a type of computer memory used to quickly accept, store, and transfer data and instructions that are being used immediately by the CPU. 2. Cache: Additional memory system that temporarily stores frequently used instructions and data for quicker processing by the CPU. 3. Main Memory: RAM. 4. Secondary Memory: Storage media, on which computer can store data & programs. Comparison 1. Cost : a. Primary storages are costly. b. Registers are most expensive due to expensive semiconductors & labour. c.Secondary storages are cheaper than primary. 2. Access Speed: a. Primary has higher access speed than secondary memory. b. Registers has highest access speed, then comes cache, then main memory. 3. Storage size: a. Secondary has more space. 4. Volatility: a. Primary memory is volatile. b. Secondary is non-volatile. CodeHelp

2026-06-23 19:09:15,578 - INFO - ---------------------------

2026-06-23 19:09:15,584 - INFO -   Conversation history loaded: 4 messages.
2026-06-23 19:09:15,590 - INFO -   [LLM Stream] Preferred provider: gpt4o
2026-06-23 19:09:15,590 - INFO -   [LLM Stream] Resolved configuration chain: ['GPT-4o-mini', 'Llama']
2026-06-23 19:09:15,590 - INFO -   [LLM Stream] Trying provider 'GPT-4o-mini' at http://192.168.10.65:8010/v1 using model gpt-oss-120b...
2026-06-23 19:09:24,624 - INFO - CACHE MISS: topic='Advanced SQL', subject='Database Management Systems'
2026-06-23 19:09:44,063 - INFO - CACHE MISS: topic='Indexing and Hashing', subject='Database Management Systems'
2026-06-23 19:09:59,725 - ERROR - [PracticeEngine] Failed to parse learning content for topic 'Operating Systems': Expecting ',' delimiter: line 78 column 10 (char 7924)
2026-06-23 19:09:59,725 - ERROR - [PracticeEngine] Raw response: {
    "notes": [
        {
            "type": "heading",
            "text": "Kernel Architecture: Monolithic vs Microkernel vs Hybrid"
        },
        {
            "type": "paragraph",
            "text": "A kernel is the privileged core of an OS that provides abstractions over hardware. Monolithic kernels expose a single address space where device drivers, file systems, and core services execute in kernel mode, yielding minimal context-switch overhead but increasing the fault surface. Mic
2026-06-23 19:09:59,725 - INFO - CACHE MISS: topic='Operating Systems', subject='Operating Systems'
2026-06-23 19:10:21,581 - INFO -   [LLM Stream] Success with provider 'GPT-4o-mini'!
2026-06-23 19:10:27,244 - INFO - CACHE MISS: topic='Operating Systems', subject='Operating Systems'
2026-06-23 19:10:37,824 - ERROR - [PracticeEngine] Failed to parse learning content for topic 'Operating Systems': Expecting ',' delimiter: line 88 column 10 (char 8292)
2026-06-23 19:10:37,824 - ERROR - [PracticeEngine] Raw response: {
    "notes": [
        {
            "type": "heading",
            "text": "Kernel Architecture: Monolithic vs Microkernel vs Hybrid"
        },
        {
            "type": "paragraph",
            "text": "A kernel is the privileged core of an OS that abstracts hardware resources. Monolithic kernels expose a single address space where device drivers, file systems, and core services run in kernel mode, yielding minimal context-switch overhead but increasing the risk of a single fault crashi
2026-06-23 19:10:37,824 - INFO - CACHE MISS: topic='Operating Systems', subject='Operating Systems'
2026-06-23 19:10:47,909 - INFO - 
================================================================================
2026-06-23 19:10:47,909 - INFO - [2026-06-23T19:10:47.909845] CHATBOT REQUEST RECEIVED (STREAMING)
2026-06-23 19:10:47,910 - INFO -   Student ID : 3
2026-06-23 19:10:47,910 - INFO -   Question   : can you integrate it into my practice and quizzes
2026-06-23 19:10:47,910 - INFO -   Role       : student
2026-06-23 19:10:47,910 - INFO -   Reset      : False
2026-06-23 19:10:47,910 - INFO - ================================================================================
2026-06-23 19:10:47,911 - INFO -   Student Name: Keshav
2026-06-23 19:10:47,912 - INFO -   Uploaded documents: ['1_20260312_195129_CV - Keshav Gupta - Intern.pdf', 'OS_Full_Notes.pdf']
2026-06-23 19:10:47,912 - INFO -   [LLM Call] Preferred provider: gpt4o
2026-06-23 19:10:47,912 - INFO -   [LLM Call] Resolved configuration chain: ['GPT-4o-mini', 'Llama']
2026-06-23 19:10:47,912 - INFO -   [LLM Call] Trying provider 'GPT-4o-mini' at http://192.168.10.65:8010/v1 using model gpt-oss-120b...
2026-06-23 19:10:49,801 - INFO -   [LLM Call] Success with provider 'GPT-4o-mini'!
2026-06-23 19:10:49,801 - INFO -   Detected Intent: Intent.GENERAL_QUERY
2026-06-23 19:10:49,801 - INFO -   Retrieving top_8 chunks from vector DB...
2026-06-23 19:10:49,801 - INFO - [Search] Searching relevant chunks for student_id=3, question='can you integrate it into my practice and quizzes'
2026-06-23 19:10:49,803 - INFO - [Search] Student has 2 document(s): ['1_20260312_195129_CV - Keshav Gupta - Intern.pdf', 'OS_Full_Notes.pdf']
2026-06-23 19:10:49,803 - INFO - [Search] No specific document mentioned. Performing balanced retrieval across all documents.
2026-06-23 19:10:49,803 - INFO - [Search] Querying document '1_20260312_195129_CV - Keshav Gupta - Intern.pdf' (ID: 1) for up to 4 chunks...
2026-06-23 19:10:50,010 - INFO - [Search] Querying document 'OS_Full_Notes.pdf' (ID: 12) for up to 4 chunks...
2026-06-23 19:10:50,233 - INFO - [Search] Performing global query across all documents for top_8...
2026-06-23 19:10:50,416 - INFO - [Search] Finished search. Returning 8 chunks after balanced round-robin selection.
2026-06-23 19:10:50,417 - INFO -   Retrieved 8 chunks from ChromaDB.
2026-06-23 19:10:50,417 - INFO -     Chunk 1: Doc='1_20260312_195129_CV - Keshav Gupta - Intern.pdf' | Snippet: imbalance, boosting model performance for business intelligence applications. •Optimized machine lea...
2026-06-23 19:10:50,417 - INFO -     Chunk 2: Doc='OS_Full_Notes.pdf' | Snippet: SetConsoleMode () ReadConsole() WriteConsole() ioctI () read() write( ) Information Management GetCu...
2026-06-23 19:10:50,417 - INFO -     Chunk 3: Doc='1_20260312_195129_CV - Keshav Gupta - Intern.pdf' | Snippet: KESHAV GUPTA (+91) 9625122267 keshavg2539@gmail.com linkedin.com/in/keshav-gupta2539 github.com/kesh...
2026-06-23 19:10:50,417 - INFO -     Chunk 4: Doc='OS_Full_Notes.pdf' | Snippet: ory. ii.User can never access the physical address of the Program . iii. The physical address is in ...
2026-06-23 19:10:50,417 - INFO -     Chunk 5: Doc='1_20260312_195129_CV - Keshav Gupta - Intern.pdf' | Snippet: for cultural events with over 500 attendees. Social Media Lead Event Manager, Incognito, Kernel, Fit...
2026-06-23 19:10:50,417 - INFO -     Chunk 6: Doc='OS_Full_Notes.pdf' | Snippet: Complex Preemption No No Yes No Yes Yes Yes Yes Convoy effect Yes Yes No Yes Yes No Yes Yes Overhead...
2026-06-23 19:10:50,417 - INFO -     Chunk 7: Doc='OS_Full_Notes.pdf' | Snippet: () operation. The process isrestarted by a wakeup () operation, which changes the process from thewa...
2026-06-23 19:10:50,417 - INFO -     Chunk 8: Doc='OS_Full_Notes.pdf' | Snippet: cycle is eliminated. b. Resource preemption i. To eliminate DL, we successively preempt some resourc...
2026-06-23 19:10:50,417 - INFO - 
--- CONTEXT SENT TO LLM ---
2026-06-23 19:10:50,417 - INFO - --- DOCUMENT: 1_20260312_195129_CV - Keshav Gupta - Intern.pdf ---
[Chunk 0]:
KESHAV GUPTA (+91) 9625122267 keshavg2539@gmail.com linkedin.com/in/keshav-gupta2539 github.com/keshavg125 EDUCATION Indian Institute of Information Technology, Kota 2022 – 2026 Bachelor of Technology in Electronics and Communication Engineering [ECE] WORK EXPERIENCE AI ML Intern – Edunet Foundation (Microsoft-AICTE Program) Apr 2025 – May 2025 •Engineered an end-to-end NLP application by designing a data pipeline for text extraction, preprocessing, and performing sentiment analysis using Hugging Face transformer models. •Conducted statistical analysis on chat logs, performing data modeling to identify key engagement drivers and visualize communication patterns for stakeholder review via a Streamlit dashboard. PROJECTS Whisper-Small Fine-Tuning for Hindi ASR (Deep Learning) •Improved ASR accuracy by 50.1% (reducing WER to 42.01%) by designing a complete ETL pipeline and fine-tuning the ‘openai/whisper-small‘ model on a custom Hindi dataset. •Accelerated model training and inference on GPU hardware using Hugging Face ‘transformers‘ and mixed-precision (FP16), preparing the model for production-level deployment. Customer Churn Prediction (Predictive Modeling) •Developed a predictive modeling framework that achieved 79% accuracy and 64% recall , providing a reliable tool for identifying at-risk customers from a large-scale Telco dataset. •Executed comprehensive feature engineering and selection, then applied SMOTE to rectify significant class imbalance, boosting model performance for business intelligence applications. •Optimized machine learning models (XGBoost, LightGBM) using hyperparameter tuning (GridSearchCV) and validated model performance using a suite of metrics including ROC/AUC curves.
[Chunk 1]:
imbalance, boosting model performance for business intelligence applications. •Optimized machine learning models (XGBoost, LightGBM) using hyperparameter tuning (GridSearchCV) and validated model performance using a suite of metrics including ROC/AUC curves. Twitter Sentiment Analysis (Natural Language Processing) •Made a Transformer-based deep learning model for large-scale text classification, achieving 81.37% test accuracy on a 1.6M tweet dataset. •Implemented regularization techniques including early stopping and learning rate scheduling to mitigate overfitting and improve model generalization on unseen data. •Performed statistical analysis and model comparison between RNN (LSTM) and Transformer architectures to inform model selection for large-scale NLP tasks. TECHNICAL SKILLS Languages & Databases: Python, C++, C, SQL, JavaScript, HTML/CSS ML Libraries Frameworks: Scikit-learn, TensorFlow, PyTorch, Pandas, NumPy, Matplotlib, Seaborn, OpenCV, Stream- lit, LightGBM, XGBoost, Hugging Face Transformers Tools, Platforms & Cloud: Git, GitHub, Docker, CI/CD, Azure, AWS (S3, EC2), Google Colab, Jupyter Notebook, REST APIs ML Concepts: Data Science, Data Analysis, Data Visualization, ETL Pipelines, Predictive Modeling, NLP, ASR, Com- puter Vision, Generative AI, Supervised Unsupervised Learning, Classification, Regression, Statistical Analysis, Feature Engineering, Hyperparameter Tuning, Model Evaluation Validation CERTIFICATIONS •Machine Learning Specialization by Andrew Ng - Coursera •Generative AI Prompt Engineering (24+ hours) - Udemy LEADERSHIP EXTRACURRICULAR Logistics Secretary, CACS Creative Arts and Cultural Society, IIIT Kota •Led a 30-member team to manage logistics and operations for cultural events with over 500 attendees. Social Media Lead Event Manager, Incognito, Kernel, Fit India Clubs •Managed promotions and digital strategies across three clubs, boosting student engagement by 25%.
[Chunk 2]:
for cultural events with over 500 attendees. Social Media Lead Event Manager, Incognito, Kernel, Fit India Clubs •Managed promotions and digital strategies across three clubs, boosting student engagement by 25%.

--- DOCUMENT: OS_Full_Notes.pdf ---
[Chunk 10]:
SetConsoleMode () ReadConsole() WriteConsole() ioctI () read() write( ) Information Management GetCurrentProcessID() SetTimer() Sleep() getpid () alarm () sleep () Communicatio n CreatePipe() CreateFileMapping() MapViewOfFile() pipe () shmget () mmap()
[Chunk 28]:
Complex Preemption No No Yes No Yes Yes Yes Yes Convoy effect Yes Yes No Yes Yes No Yes Yes Overhead No No Yes No Yes Yes Yes Yes CodeHelpµ⑧ LEC- 15: Introduction to Co ncurrency 1. Concurrency is the execution of the multiple instruction sequences at the same time. It happens in the operating system when there are several process threads running in parallel. 2. Thread: • Single sequence stream within a process. • An independent path of execution in a process. • Light-weight process. • Used to achieve parallelism by dividing a process’s tasks which are independent path of execution. • E.g., Multiple tabs in a browser, text editor (When you are typing in an editor, spellchecking, formatting of text and saving the text are done concurrently by multiple threads.) 3. Thread Scheduling: Threads are scheduled for execution based on their priority. Even though threads are executing within the runtime, all threads are assigned processor time slices by the operating system. 4. Threads context switching • OS saves current state of thread & switches to another thread of same process. • Doesn’t includes switching of memory address space. (But Program counter, registers & stack are included.) • Fast switching as compared to process switching • CPU’s cache state is preserved. 5. How each thread get access to the CPU? • Each thread has its own program counter. • Depending upon the thread scheduling algorithm, OS schedule these threads. • OS will fetch instructions corresponding to PC of that thread and execute instruction. 6.
[Chunk 34]:
() operation. The process isrestarted by a wakeup () operation, which changes the process from thewaiting state to the ready state. The process is then placed in the readyqueue. CodeHelp Lec- 20: The Dining Philosophers problem 1. We have 5 philosophers. 2. They spend their life just being in two states: a. Thinking b. Eating 3. They sit on a circular table surrounded by 5 chairs (1 each), in the center of table is a bowl of noodles, and the table is laid with 5 single forks. 4.Thinking state: When a ph. Thinks, he doesn’t interact with others. 5.Eating state: When a ph. Gets hungry, he tries to pick up the 2 forks adjacent to him (Left and Right). He can pick one fork at a time. 6. One can’t pick up a fork if it is already taken. 7. When ph. Has both forks at the same time, he eats without releasing forks. 8. Solution can be given using semaphores. a. Each fork is a binary semaphore. b. A ph. Calls wait() operation to acquire a fork. c.Release fork by calling signal(). d.Semaphore fork[5]{1}; 9. Although the semaphore solution makes sure that no two neighbors are eating simultaneously but it could still create Deadlock . 10. Suppose that all 5 ph. Become hungry at the same time and each picks up their left fork, then All fork semaphores would be 0. 11. When each ph. Tries to grab his right fork, he will be waiting for ever (Deadlock) 12. We must use some methods to avoid Deadlock and make the solution work a. Allow at most 4 ph. To be sitting simultaneously. b. Allow a ph. To pick up his fork only if both forks are available and to do this, he must pick them up in a critical section (atomically). CodeHelp
[Chunk 42]:
cycle is eliminated. b. Resource preemption i. To eliminate DL, we successively preempt some resources from processes and give these resources to other processes until DL cycle is broken. CodeHelp
[Chunk 44]:
ory. ii.User can never access the physical address of the Program . iii. The physical address is in the memory unit. It’s a location in the main memory physically. iv. A physical address can be accessed by a user indirectly b ut not directly. v.The set of all physical addresses corresponding to the Logical addresses is commonlyknown as Physical Address Space. vi. It is computed by the Memory Management Unit ( MMU). vii. Range: (R + 0) to (R + max) , for a base value R. c. The runtime mapping from virtual to physical address is done by a hardware device called t he memory -ma nagement un it (MMU). d. The user's program mainly generates the lo gical address, and the user thinks that the program i s running in this logical addr ess, but the program mainly needs physical memory in order to complete its execution . e. 4. How OS manages the isolation and prote ct? (Memory Mapping and Protection) a. OS provides this Virtual Address Space (VAS) concept . b. To separate memor y space , we need the abi lity to determine the range of legal addresses that the process may access and to ensure th at the process can access only these legal addresses. c. The relocation re gister contains value of smallest physical address (Base address [R]); the lim it register contains the ran ge of logical addresses (e.g., relocation = 100040 & limit = 74600). d. Each logical address must be less th an the limit regi ster. CodeHelp

2026-06-23 19:10:50,417 - INFO - ---------------------------

2026-06-23 19:10:50,419 - INFO -   Conversation history loaded: 4 messages.
2026-06-23 19:10:50,422 - INFO -   [LLM Stream] Preferred provider: gpt4o
2026-06-23 19:10:50,422 - INFO -   [LLM Stream] Resolved configuration chain: ['GPT-4o-mini', 'Llama']
2026-06-23 19:10:50,422 - INFO -   [LLM Stream] Trying provider 'GPT-4o-mini' at http://192.168.10.65:8010/v1 using model gpt-oss-120b...
2026-06-23 19:11:12,695 - INFO - [PracticeEngine] Returning cached topics hierarchy for student 3
2026-06-23 19:11:12,698 - INFO - CACHE HIT (Fast Return): topic='Database System Concepts', subject='None'
2026-06-23 19:11:12,738 - INFO - [PracticeEngine] Returning cached topics hierarchy for student 3
2026-06-23 19:11:12,741 - INFO - CACHE HIT (Fast Return): topic='Database System Concepts', subject='None'
2026-06-23 19:11:12,755 - INFO - CACHE HIT: topic='Database System Concepts', subject='None'
2026-06-23 19:11:12,785 - INFO - [PracticeEngine] Returning cached topics hierarchy for student 3
2026-06-23 19:11:12,790 - INFO - CACHE HIT (Fast Return): topic='Database System Concepts', subject='None'
2026-06-23 19:11:12,959 - INFO - CACHE HIT: topic='Database System Concepts', subject='None'
2026-06-23 19:11:13,017 - INFO - [PracticeEngine] Returning cached topics hierarchy for student 3
2026-06-23 19:11:13,020 - INFO - CACHE HIT (Fast Return): topic='Database System Concepts', subject='None'
2026-06-23 19:11:21,406 - INFO - [PracticeEngine] Returning cached topics hierarchy for student 3
2026-06-23 19:11:21,427 - INFO - [PracticeEngine] Returning cached topics hierarchy for student 3
2026-06-23 19:11:21,430 - INFO - CACHE HIT (Fast Return): topic='Database Management Systems', subject='Database Management Systems'
2026-06-23 19:11:21,489 - INFO - CACHE HIT: topic='Database Management Systems', subject='Database Management Systems'
2026-06-23 19:11:23,452 - INFO - [PracticeEngine] Returning cached topics hierarchy for student 3
2026-06-23 19:11:23,461 - INFO - [PracticeEngine] Returning cached topics hierarchy for student 3
2026-06-23 19:11:42,177 - INFO -   [LLM Stream] Success with provider 'GPT-4o-mini'!
2026-06-23 19:15:43,745 - INFO - [PracticeEngine] Returning cached topics hierarchy for student 3
2026-06-23 19:15:43,813 - INFO - [PracticeEngine] Returning cached topics hierarchy for student 3
2026-06-23 19:15:44,032 - INFO - [PracticeEngine] Returning cached topics hierarchy for student 3
2026-06-23 19:15:44,071 - INFO - --- LLM PROMPT (Subject: None, Topic: Day 1: Introduction) ---
2026-06-23 19:15:44,071 - INFO - SYSTEM PROMPT:
You are teaching a first-year B.Tech CSE student.
Given the topic and context, generate a highly rigorous and extremely detailed technical study guide using ONLY valid JSON.

Your output must follow this strict JSON format:
{
    "notes": [
        {"type": "heading", "text": "Advanced Concept / Deep Dive"},
        {"type": "paragraph", "text": "In-depth technical explanation, covering edge cases, under-the-hood workings, and performance implications..."},
        {"type": "highlight", "variant": "constructive", "title": "Interview Pro-Tip", "text": "Crucial detail often asked in interviews..."},
        {"type": "code_block", "language": "python", "title": "Complex Implementation", "code": "def complex_algo(): pass"},
        {"type": "note", "text": "Advanced side note or historical context"}
    ],
    "revision": {
        "title": "Interview Cheat Sheet",
        "points": [
            {"id": 1, "text": "Advanced point 1"},
            {"id": 2, "text": "Advanced point 2"}
        ]
    }
}

RULES:
- `notes` array must use types: 'heading', 'paragraph', 'highlight' (variant: 'constructive' or 'destructive'), 'code_block' (include 'language', 'title', 'code'), or 'note'.
- The content MUST be highly rigorous and technically deep. Include complex edge cases, advanced theory, real-world system design implications, and interview-level insights. 
- NEVER generate basic, high-level, or "kidish" overviews. Assume the reader is preparing for a Senior or top-tier placement.
- Generate content ONLY within the context of the provided subject. Do not include concepts from other subjects. For example, if the topic is "Control Flow" and the subject is "Programming Fundamentals", focus on programming logic (if/else, loops) and DO NOT discuss Operating Systems concepts like semaphores or mutexes.
- `revision` should have 3-5 hard-hitting, concise bullet points.
- Do not use markdown fencing (e.g. ```json). Just return the raw JSON object.

2026-06-23 19:15:44,072 - INFO - USER PROMPT:
SUBJECT:
None

TOPIC:
Day 1: Introduction

CONTEXT:
Subject / Context: General Computer Science
UNIT 1 AN INTRODUCTION TO OPERATING SYSTEMS Application software performs specific task for the user. System software operates and controls the computer system and provides a platform to run application software. An operating system is a piece of software that manages all the resources of a computer system, both hardware and software, and provides an environment in which the user can execute his/her programs in a convenient and efficient manner by hiding underlying complexity of the hardware and acting as a resource manager. Why OS? 1.What if there is no OS? a.Bulky and complex app. (Hardware interaction code must be in app’ s code base) b.Resource exploitation by 1 App. c.No memory protection. 2.What is an OS made up of? a.Collection of system software. An operating system function - - Access to the computer hardware. -interface between the user and the computer hardware -Resource management (Aka, Arbitration) (memory, device, file, security, process etc) -Hides the underlying complexity of the hardware. (Aka, Abstraction) -facilitates execution of application programs by providing isolation and protection. User Application programs Operating system Computer hardware The operating system provides the means for proper use of the resources in the operation of the computer system.

for cultural events with over 500 attendees. Social Media Lead Event Manager, Incognito, Kernel, Fit India Clubs •Managed promotions and digital strategies across three clubs, boosting student engagement by 25%.

SetConsoleMode () ReadConsole() WriteConsole() ioctI () read() write( ) Information Management GetCurrentProcessID() SetTimer() Sleep() getpid () alarm () sleep () Communicatio n CreatePipe() CreateFileMapping() MapViewOfFile() pipe () shmget () mmap()

a singl e computer. -Increases reliability, 1 CPU fails, othercan work -Better throughput. -Lesser process starvation, (if 1 CPU isworking on some process, other can beexecuted on other CPU. CodeHelp Distri bute d OS, RTOS -OS manages many b unches of resources, >=1 CPUs, >=1 memory, >=1 GPUs, etc -Loosely connected autonomous, inter connected computer node s. -collection of independent, networked, communicating, and physically separate computational nodes. -Real time error free, c omputations within tight-time boundaries. -Air Traffic control system, ROBOTS etc. CodeHelp

() operation. The process isrestarted by a wakeup () operation, which changes the process from thewaiting state to the ready state. The process is then placed in the readyqueue. CodeHelp Lec- 20: The Dining Philosophers problem 1. We have 5 philosophers. 2. They spend their life just being in two states: a. Thinking b. Eating 3. They sit on a circular table surrounded by 5 chairs (1 each), in the center of table is a bowl of noodles, and the table is laid with 5 single forks. 4.Thinking state: When a ph. Thinks, he doesn’t interact with others. 5.Eating state: When a ph. Gets hungry, he tries to pick up the 2 forks adjacent to him (Left and Right). He can pick one fork at a time. 6. One can’t pick up a fork if it is already taken. 7. When ph. Has both forks at the same time, he eats without releasing forks. 8. Solution can be given using semaphores. a. Each fork is a binary semaphore. b. A ph. Calls wait() operation to acquire a fork. c.Release fork by calling signal(). d.Semaphore fork[5]{1}; 9. Although the semaphore solution makes sure that no two neighbors are eating simultaneously but it could still create Deadlock . 10. Suppose that all 5 ph. Become hungry at the same time and each picks up their left fork, then All fork semaphores would be 0. 11. When each ph. Tries to grab his right fork, he will be waiting for ever (Deadlock) 12. We must use some methods to avoid Deadlock and make the solution work a. Allow at most 4 ph. To be sitting simultaneously. b. Allow a ph. To pick up his fork only if both forks are available and to do this, he must pick them up in a critical section (atomically). CodeHelp

SetConsoleMode () ReadConsole() WriteConsole() ioctI () read() write( ) Information Management GetCurrentProcessID() SetTimer() Sleep() getpid () alarm () sleep () Communicatio n CreatePipe() CreateFileMapping() MapViewOfFile() pipe () shmget () mmap() i.PC On ii.CPU initializes itself and looks for a firmware program (BIOS) stored in BIOS Chip (Basic input-ou tput system chip is a ROM chip found on mother b oard t hat allows t o access & setup c omputer s ystem at most basic level.) 1.In modern PCs, CPU loads UEFI (Unified extensible firmware interface) iii.CPU runs the BIOS which t ests and initializes system hardware. Bios loads configuration settings. If something is not appropriate (like missing RAM) error is thrown and boot process is stopped. This is called POST (Power on self-te st) process. (UEFI can do a lot more than just initialize hardware; it’s really a tiny operating system. For example, Intel CPUs have the Intel M anagement Engine. This provides a variety of features, including powering I ntel’s Active Management Technology, which allows for remote management of business PCs.) iv.BIOS will handoff responsibility for booting your PC to your OS’s bootloader. 1.BIOS looked at the MBR (master boot record) , a special boot sector at the beginni ng of a disk. The MBR contains code that loads the r est of the operating system, known as a “b ootloader.” The BIOS executes the bootloader, which takes it from ther e and begins booting the actual operating system—W indows or Linux, for example.

cycle is eliminated. b. Resource preemption i. To eliminate DL, we successively preempt some resources from processes and give these resources to other processes until DL cycle is broken. CodeHelp

busy waiting, the process car blockitself. The block- operation places a process into a waiting queue associatedwith the semaphore, and the state of the process is switched to the Waitingstate. Then control is transferred to the CPU scheduler, which selects another process to execute. h.A process that is blocked, waiting on a semaphore S, should be restarted when some other process executes a signal () operation. The process isrestarted by a wakeup () operation, which changes the process from thewaiting state to the ready state. The process is then placed in the readyqueue. CodeHelp

Generate the study guide JSON.
IMPORTANT: Only use the CONTEXT if it strictly belongs to the SUBJECT (None). If the context is about a different subject (e.g., Operating Systems), IGNORE the context entirely and use your general knowledge.

2026-06-23 19:15:44,072 - INFO - -------------------------------------------------------
2026-06-23 19:15:44,103 - INFO - [PracticeEngine] Returning cached topics hierarchy for student 3
2026-06-23 19:15:55,924 - INFO - [PracticeEngine] Returning cached topics hierarchy for student 3
2026-06-23 19:15:55,997 - INFO - [PracticeEngine] Returning cached topics hierarchy for student 3
2026-06-23 19:15:56,172 - INFO - [PracticeEngine] Returning cached topics hierarchy for student 3
2026-06-23 19:15:56,266 - INFO - [PracticeEngine] Returning cached topics hierarchy for student 3
2026-06-23 19:15:59,308 - INFO - [PracticeEngine] Returning cached topics hierarchy for student 3
2026-06-23 19:15:59,567 - INFO - --- LLM PROMPT (Subject: roadmap-week-1, Topic: Day 1: Introduction) ---
2026-06-23 19:15:59,567 - INFO - SYSTEM PROMPT:
You are teaching a first-year B.Tech CSE student.
Given the topic and context, generate a highly rigorous and extremely detailed technical study guide using ONLY valid JSON.

Your output must follow this strict JSON format:
{
    "notes": [
        {"type": "heading", "text": "Advanced Concept / Deep Dive"},
        {"type": "paragraph", "text": "In-depth technical explanation, covering edge cases, under-the-hood workings, and performance implications..."},
        {"type": "highlight", "variant": "constructive", "title": "Interview Pro-Tip", "text": "Crucial detail often asked in interviews..."},
        {"type": "code_block", "language": "python", "title": "Complex Implementation", "code": "def complex_algo(): pass"},
        {"type": "note", "text": "Advanced side note or historical context"}
    ],
    "revision": {
        "title": "Interview Cheat Sheet",
        "points": [
            {"id": 1, "text": "Advanced point 1"},
            {"id": 2, "text": "Advanced point 2"}
        ]
    }
}

RULES:
- `notes` array must use types: 'heading', 'paragraph', 'highlight' (variant: 'constructive' or 'destructive'), 'code_block' (include 'language', 'title', 'code'), or 'note'.
- The content MUST be highly rigorous and technically deep. Include complex edge cases, advanced theory, real-world system design implications, and interview-level insights. 
- NEVER generate basic, high-level, or "kidish" overviews. Assume the reader is preparing for a Senior or top-tier placement.
- Generate content ONLY within the context of the provided subject. Do not include concepts from other subjects. For example, if the topic is "Control Flow" and the subject is "Programming Fundamentals", focus on programming logic (if/else, loops) and DO NOT discuss Operating Systems concepts like semaphores or mutexes.
- `revision` should have 3-5 hard-hitting, concise bullet points.
- Do not use markdown fencing (e.g. ```json). Just return the raw JSON object.

2026-06-23 19:15:59,567 - INFO - USER PROMPT:
SUBJECT:
roadmap-week-1

TOPIC:
Day 1: Introduction

CONTEXT:
Subject / Context: roadmap-week-1
for cultural events with over 500 attendees. Social Media Lead Event Manager, Incognito, Kernel, Fit India Clubs •Managed promotions and digital strategies across three clubs, boosting student engagement by 25%.

a singl e computer. -Increases reliability, 1 CPU fails, othercan work -Better throughput. -Lesser process starvation, (if 1 CPU isworking on some process, other can beexecuted on other CPU. CodeHelp Distri bute d OS, RTOS -OS manages many b unches of resources, >=1 CPUs, >=1 memory, >=1 GPUs, etc -Loosely connected autonomous, inter connected computer node s. -collection of independent, networked, communicating, and physically separate computational nodes. -Real time error free, c omputations within tight-time boundaries. -Air Traffic control system, ROBOTS etc. CodeHelp

KESHAV GUPTA (+91) 9625122267 keshavg2539@gmail.com linkedin.com/in/keshav-gupta2539 github.com/keshavg125 EDUCATION Indian Institute of Information Technology, Kota 2022 – 2026 Bachelor of Technology in Electronics and Communication Engineering [ECE] WORK EXPERIENCE AI ML Intern – Edunet Foundation (Microsoft-AICTE Program) Apr 2025 – May 2025 •Engineered an end-to-end NLP application by designing a data pipeline for text extraction, preprocessing, and performing sentiment analysis using Hugging Face transformer models. •Conducted statistical analysis on chat logs, performing data modeling to identify key engagement drivers and visualize communication patterns for stakeholder review via a Streamlit dashboard. PROJECTS Whisper-Small Fine-Tuning for Hindi ASR (Deep Learning) •Improved ASR accuracy by 50.1% (reducing WER to 42.01%) by designing a complete ETL pipeline and fine-tuning the ‘openai/whisper-small‘ model on a custom Hindi dataset. •Accelerated model training and inference on GPU hardware using Hugging Face ‘transformers‘ and mixed-precision (FP16), preparing the model for production-level deployment. Customer Churn Prediction (Predictive Modeling) •Developed a predictive modeling framework that achieved 79% accuracy and 64% recall , providing a reliable tool for identifying at-risk customers from a large-scale Telco dataset. •Executed comprehensive feature engineering and selection, then applied SMOTE to rectify significant class imbalance, boosting model performance for business intelligence applications. •Optimized machine learning models (XGBoost, LightGBM) using hyperparameter tuning (GridSearchCV) and validated model performance using a suite of metrics including ROC/AUC curves.

for both preemptive and non -preemptive version) i.Solution: Ageing is the solution. ii.Gradually increase priority of process that wait so long. E.g., increase priority by 1 every 15 minutes. 5. Round r obin scheduling (RR) a. Most popular b. Like FCFS but preemptive. c. Designed for time sharing systems. d. Criteria: AT + time quantum (TQ ), Doesn’t depend on BT. e. No process is going to wait forever, hence very low starvation. [No convoy effect] f. Easy to implement. g. If TQ is small, more will be the context switch (more overhead). CodeHelp

contains t he same type of functions such as the main function can be included in one segment and the library functions can be included in the other segment. 9. .Advantages : a. No internal fragmentation. b. One segment has a contiguous allocation , hence efficient working within segment. c. The size o f segment table is gen erally less than the size of page table. d. It results in a more efficient system because the compiler keeps the same type of functions in one segment. 11. Disadvantages: a. External fragmentation. b. The d ifferent size of segment is not goo d that the time of swapping. 12. Modern System architecture provides both segmentation and paging implemented in some hybrid approach. CodeHelp

is going to wait forever, hence very low starvation. [No convoy effect] f. Easy to implement. g. If TQ is small, more will be the context switch (more overhead). CodeHelp LEC-14: MLQ | MLFQ 1.Multi-level queue scheduling (MLQ)a.Ready queue is divided into multiple queues depending upon priority.b.A process is permanently assigned to one of the queues (inflexible) based on some property ofprocess, memory, size, process priority or process type.c.Each queue has its own scheduling algorithm. E.g., SP -> RR, IP -> RR & BP -> FCFS. d.System process: Created by OS (Highest priority)Interactive process (Foreground process): Needs user input (I/O).Batch process (Background process): Runs silently, no user input required.e.Scheduling among different sub-queues is implemented as fixed priority preemptivescheduling. E.g., foreground queue has absolute priority over background queue.f.If an interactive process comes & batch process is currently executing. Then, batch process willbe preempted.g.Problem: Only after completion of all the processes from the top-level ready queue, thefurther level ready queues will be scheduled.This came starvation for lower priority process.h.Convoy effect is present.2.Multi-level feedback queue scheduling (MLFQ)a.Multiple sub-queues are present.b.Allows the process to move between queues. The idea is to separate processes according tothe characteristics of their BT. If a process uses too much CPU time, it will be moved to lowerpriority queue. This scheme leaves I/O bound and interactive processes in the higher-priorityqueue.In addition, a process that waits too much in a lower-priority queue may be moved to a higher priority queue. This form of ageing prevents starvation. c.Less starvation then MLQ.d.It is flexible.e.Can be configured to match a specific system design requirement.Sample MLFQ design: CodeHelp

imbalance, boosting model performance for business intelligence applications. •Optimized machine learning models (XGBoost, LightGBM) using hyperparameter tuning (GridSearchCV) and validated model performance using a suite of metrics including ROC/AUC curves. Twitter Sentiment Analysis (Natural Language Processing) •Made a Transformer-based deep learning model for large-scale text classification, achieving 81.37% test accuracy on a 1.6M tweet dataset. •Implemented regularization techniques including early stopping and learning rate scheduling to mitigate overfitting and improve model generalization on unseen data. •Performed statistical analysis and model comparison between RNN (LSTM) and Transformer architectures to inform model selection for large-scale NLP tasks. TECHNICAL SKILLS Languages & Databases: Python, C++, C, SQL, JavaScript, HTML/CSS ML Libraries Frameworks: Scikit-learn, TensorFlow, PyTorch, Pandas, NumPy, Matplotlib, Seaborn, OpenCV, Stream- lit, LightGBM, XGBoost, Hugging Face Transformers Tools, Platforms & Cloud: Git, GitHub, Docker, CI/CD, Azure, AWS (S3, EC2), Google Colab, Jupyter Notebook, REST APIs ML Concepts: Data Science, Data Analysis, Data Visualization, ETL Pipelines, Predictive Modeling, NLP, ASR, Com- puter Vision, Generative AI, Supervised Unsupervised Learning, Classification, Regression, Statistical Analysis, Feature Engineering, Hyperparameter Tuning, Model Evaluation Validation CERTIFICATIONS •Machine Learning Specialization by Andrew Ng - Coursera •Generative AI Prompt Engineering (24+ hours) - Udemy LEADERSHIP EXTRACURRICULAR Logistics Secretary, CACS Creative Arts and Cultural Society, IIIT Kota •Led a 30-member team to manage logistics and operations for cultural events with over 500 attendees. Social Media Lead Event Manager, Incognito, Kernel, Fit India Clubs •Managed promotions and digital strategies across three clubs, boosting student engagement by 25%.

moved to a higher priority queue. This form of ageing prevents starvation. c.Less starvation then MLQ.d.It is flexible.e.Can be configured to match a specific system design requirement.Sample MLFQ design: CodeHelp 3.Comparison:FCFS SJF PSJF Priority P-Priority RR MLQ MLFQ Design Simple Complex Complex Complex Complex Simple Complex Complex Preemption No No Yes No Yes Yes Yes Yes Convoy effect Yes Yes No Yes Yes No Yes Yes Overhead No No Yes No Yes Yes Yes Yes CodeHelpµ⑧

Generate the study guide JSON.
IMPORTANT: Only use the CONTEXT if it strictly belongs to the SUBJECT (roadmap-week-1). If the context is about a different subject (e.g., Operating Systems), IGNORE the context entirely and use your general knowledge.

2026-06-23 19:15:59,567 - INFO - -------------------------------------------------------
2026-06-23 19:16:04,243 - INFO - --- LLM PROMPT (Subject: None, Topic: Day 1: Introduction) ---
2026-06-23 19:16:04,243 - INFO - SYSTEM PROMPT:
You are teaching a first-year B.Tech CSE student.
Given the topic and context, generate a highly rigorous and extremely detailed technical study guide using ONLY valid JSON.

Your output must follow this strict JSON format:
{
    "notes": [
        {"type": "heading", "text": "Advanced Concept / Deep Dive"},
        {"type": "paragraph", "text": "In-depth technical explanation, covering edge cases, under-the-hood workings, and performance implications..."},
        {"type": "highlight", "variant": "constructive", "title": "Interview Pro-Tip", "text": "Crucial detail often asked in interviews..."},
        {"type": "code_block", "language": "python", "title": "Complex Implementation", "code": "def complex_algo(): pass"},
        {"type": "note", "text": "Advanced side note or historical context"}
    ],
    "revision": {
        "title": "Interview Cheat Sheet",
        "points": [
            {"id": 1, "text": "Advanced point 1"},
            {"id": 2, "text": "Advanced point 2"}
        ]
    }
}

RULES:
- `notes` array must use types: 'heading', 'paragraph', 'highlight' (variant: 'constructive' or 'destructive'), 'code_block' (include 'language', 'title', 'code'), or 'note'.
- The content MUST be highly rigorous and technically deep. Include complex edge cases, advanced theory, real-world system design implications, and interview-level insights. 
- NEVER generate basic, high-level, or "kidish" overviews. Assume the reader is preparing for a Senior or top-tier placement.
- Generate content ONLY within the context of the provided subject. Do not include concepts from other subjects. For example, if the topic is "Control Flow" and the subject is "Programming Fundamentals", focus on programming logic (if/else, loops) and DO NOT discuss Operating Systems concepts like semaphores or mutexes.
- `revision` should have 3-5 hard-hitting, concise bullet points.
- Do not use markdown fencing (e.g. ```json). Just return the raw JSON object.

2026-06-23 19:16:04,244 - INFO - USER PROMPT:
SUBJECT:
None

TOPIC:
Day 1: Introduction

CONTEXT:
Subject / Context: General Computer Science
UNIT 1 AN INTRODUCTION TO OPERATING SYSTEMS Application software performs specific task for the user. System software operates and controls the computer system and provides a platform to run application software. An operating system is a piece of software that manages all the resources of a computer system, both hardware and software, and provides an environment in which the user can execute his/her programs in a convenient and efficient manner by hiding underlying complexity of the hardware and acting as a resource manager. Why OS? 1.What if there is no OS? a.Bulky and complex app. (Hardware interaction code must be in app’ s code base) b.Resource exploitation by 1 App. c.No memory protection. 2.What is an OS made up of? a.Collection of system software. An operating system function - - Access to the computer hardware. -interface between the user and the computer hardware -Resource management (Aka, Arbitration) (memory, device, file, security, process etc) -Hides the underlying complexity of the hardware. (Aka, Abstraction) -facilitates execution of application programs by providing isolation and protection. User Application programs Operating system Computer hardware The operating system provides the means for proper use of the resources in the operation of the computer system.

for cultural events with over 500 attendees. Social Media Lead Event Manager, Incognito, Kernel, Fit India Clubs •Managed promotions and digital strategies across three clubs, boosting student engagement by 25%.

SetConsoleMode () ReadConsole() WriteConsole() ioctI () read() write( ) Information Management GetCurrentProcessID() SetTimer() Sleep() getpid () alarm () sleep () Communicatio n CreatePipe() CreateFileMapping() MapViewOfFile() pipe () shmget () mmap()

a singl e computer. -Increases reliability, 1 CPU fails, othercan work -Better throughput. -Lesser process starvation, (if 1 CPU isworking on some process, other can beexecuted on other CPU. CodeHelp Distri bute d OS, RTOS -OS manages many b unches of resources, >=1 CPUs, >=1 memory, >=1 GPUs, etc -Loosely connected autonomous, inter connected computer node s. -collection of independent, networked, communicating, and physically separate computational nodes. -Real time error free, c omputations within tight-time boundaries. -Air Traffic control system, ROBOTS etc. CodeHelp

() operation. The process isrestarted by a wakeup () operation, which changes the process from thewaiting state to the ready state. The process is then placed in the readyqueue. CodeHelp Lec- 20: The Dining Philosophers problem 1. We have 5 philosophers. 2. They spend their life just being in two states: a. Thinking b. Eating 3. They sit on a circular table surrounded by 5 chairs (1 each), in the center of table is a bowl of noodles, and the table is laid with 5 single forks. 4.Thinking state: When a ph. Thinks, he doesn’t interact with others. 5.Eating state: When a ph. Gets hungry, he tries to pick up the 2 forks adjacent to him (Left and Right). He can pick one fork at a time. 6. One can’t pick up a fork if it is already taken. 7. When ph. Has both forks at the same time, he eats without releasing forks. 8. Solution can be given using semaphores. a. Each fork is a binary semaphore. b. A ph. Calls wait() operation to acquire a fork. c.Release fork by calling signal(). d.Semaphore fork[5]{1}; 9. Although the semaphore solution makes sure that no two neighbors are eating simultaneously but it could still create Deadlock . 10. Suppose that all 5 ph. Become hungry at the same time and each picks up their left fork, then All fork semaphores would be 0. 11. When each ph. Tries to grab his right fork, he will be waiting for ever (Deadlock) 12. We must use some methods to avoid Deadlock and make the solution work a. Allow at most 4 ph. To be sitting simultaneously. b. Allow a ph. To pick up his fork only if both forks are available and to do this, he must pick them up in a critical section (atomically). CodeHelp

SetConsoleMode () ReadConsole() WriteConsole() ioctI () read() write( ) Information Management GetCurrentProcessID() SetTimer() Sleep() getpid () alarm () sleep () Communicatio n CreatePipe() CreateFileMapping() MapViewOfFile() pipe () shmget () mmap() i.PC On ii.CPU initializes itself and looks for a firmware program (BIOS) stored in BIOS Chip (Basic input-ou tput system chip is a ROM chip found on mother b oard t hat allows t o access & setup c omputer s ystem at most basic level.) 1.In modern PCs, CPU loads UEFI (Unified extensible firmware interface) iii.CPU runs the BIOS which t ests and initializes system hardware. Bios loads configuration settings. If something is not appropriate (like missing RAM) error is thrown and boot process is stopped. This is called POST (Power on self-te st) process. (UEFI can do a lot more than just initialize hardware; it’s really a tiny operating system. For example, Intel CPUs have the Intel M anagement Engine. This provides a variety of features, including powering I ntel’s Active Management Technology, which allows for remote management of business PCs.) iv.BIOS will handoff responsibility for booting your PC to your OS’s bootloader. 1.BIOS looked at the MBR (master boot record) , a special boot sector at the beginni ng of a disk. The MBR contains code that loads the r est of the operating system, known as a “b ootloader.” The BIOS executes the bootloader, which takes it from ther e and begins booting the actual operating system—W indows or Linux, for example.

cycle is eliminated. b. Resource preemption i. To eliminate DL, we successively preempt some resources from processes and give these resources to other processes until DL cycle is broken. CodeHelp

busy waiting, the process car blockitself. The block- operation places a process into a waiting queue associatedwith the semaphore, and the state of the process is switched to the Waitingstate. Then control is transferred to the CPU scheduler, which selects another process to execute. h.A process that is blocked, waiting on a semaphore S, should be restarted when some other process executes a signal () operation. The process isrestarted by a wakeup () operation, which changes the process from thewaiting state to the ready state. The process is then placed in the readyqueue. CodeHelp

Generate the study guide JSON.
IMPORTANT: Only use the CONTEXT if it strictly belongs to the SUBJECT (None). If the context is about a different subject (e.g., Operating Systems), IGNORE the context entirely and use your general knowledge.

2026-06-23 19:16:04,244 - INFO - -------------------------------------------------------
2026-06-23 19:16:16,680 - INFO - --- LLM PROMPT (Subject: None, Topic: Day 1: Introduction) ---
2026-06-23 19:16:16,681 - INFO - SYSTEM PROMPT:
You are teaching a first-year B.Tech CSE student.
Given the topic and context, generate a highly rigorous and extremely detailed technical study guide using ONLY valid JSON.

Your output must follow this strict JSON format:
{
    "notes": [
        {"type": "heading", "text": "Advanced Concept / Deep Dive"},
        {"type": "paragraph", "text": "In-depth technical explanation, covering edge cases, under-the-hood workings, and performance implications..."},
        {"type": "highlight", "variant": "constructive", "title": "Interview Pro-Tip", "text": "Crucial detail often asked in interviews..."},
        {"type": "code_block", "language": "python", "title": "Complex Implementation", "code": "def complex_algo(): pass"},
        {"type": "note", "text": "Advanced side note or historical context"}
    ],
    "revision": {
        "title": "Interview Cheat Sheet",
        "points": [
            {"id": 1, "text": "Advanced point 1"},
            {"id": 2, "text": "Advanced point 2"}
        ]
    }
}

RULES:
- `notes` array must use types: 'heading', 'paragraph', 'highlight' (variant: 'constructive' or 'destructive'), 'code_block' (include 'language', 'title', 'code'), or 'note'.
- The content MUST be highly rigorous and technically deep. Include complex edge cases, advanced theory, real-world system design implications, and interview-level insights. 
- NEVER generate basic, high-level, or "kidish" overviews. Assume the reader is preparing for a Senior or top-tier placement.
- Generate content ONLY within the context of the provided subject. Do not include concepts from other subjects. For example, if the topic is "Control Flow" and the subject is "Programming Fundamentals", focus on programming logic (if/else, loops) and DO NOT discuss Operating Systems concepts like semaphores or mutexes.
- `revision` should have 3-5 hard-hitting, concise bullet points.
- Do not use markdown fencing (e.g. ```json). Just return the raw JSON object.

2026-06-23 19:16:16,681 - INFO - USER PROMPT:
SUBJECT:
None

TOPIC:
Day 1: Introduction

CONTEXT:
Subject / Context: General Computer Science
UNIT 1 AN INTRODUCTION TO OPERATING SYSTEMS Application software performs specific task for the user. System software operates and controls the computer system and provides a platform to run application software. An operating system is a piece of software that manages all the resources of a computer system, both hardware and software, and provides an environment in which the user can execute his/her programs in a convenient and efficient manner by hiding underlying complexity of the hardware and acting as a resource manager. Why OS? 1.What if there is no OS? a.Bulky and complex app. (Hardware interaction code must be in app’ s code base) b.Resource exploitation by 1 App. c.No memory protection. 2.What is an OS made up of? a.Collection of system software. An operating system function - - Access to the computer hardware. -interface between the user and the computer hardware -Resource management (Aka, Arbitration) (memory, device, file, security, process etc) -Hides the underlying complexity of the hardware. (Aka, Abstraction) -facilitates execution of application programs by providing isolation and protection. User Application programs Operating system Computer hardware The operating system provides the means for proper use of the resources in the operation of the computer system.

for cultural events with over 500 attendees. Social Media Lead Event Manager, Incognito, Kernel, Fit India Clubs •Managed promotions and digital strategies across three clubs, boosting student engagement by 25%.

SetConsoleMode () ReadConsole() WriteConsole() ioctI () read() write( ) Information Management GetCurrentProcessID() SetTimer() Sleep() getpid () alarm () sleep () Communicatio n CreatePipe() CreateFileMapping() MapViewOfFile() pipe () shmget () mmap()

a singl e computer. -Increases reliability, 1 CPU fails, othercan work -Better throughput. -Lesser process starvation, (if 1 CPU isworking on some process, other can beexecuted on other CPU. CodeHelp Distri bute d OS, RTOS -OS manages many b unches of resources, >=1 CPUs, >=1 memory, >=1 GPUs, etc -Loosely connected autonomous, inter connected computer node s. -collection of independent, networked, communicating, and physically separate computational nodes. -Real time error free, c omputations within tight-time boundaries. -Air Traffic control system, ROBOTS etc. CodeHelp

() operation. The process isrestarted by a wakeup () operation, which changes the process from thewaiting state to the ready state. The process is then placed in the readyqueue. CodeHelp Lec- 20: The Dining Philosophers problem 1. We have 5 philosophers. 2. They spend their life just being in two states: a. Thinking b. Eating 3. They sit on a circular table surrounded by 5 chairs (1 each), in the center of table is a bowl of noodles, and the table is laid with 5 single forks. 4.Thinking state: When a ph. Thinks, he doesn’t interact with others. 5.Eating state: When a ph. Gets hungry, he tries to pick up the 2 forks adjacent to him (Left and Right). He can pick one fork at a time. 6. One can’t pick up a fork if it is already taken. 7. When ph. Has both forks at the same time, he eats without releasing forks. 8. Solution can be given using semaphores. a. Each fork is a binary semaphore. b. A ph. Calls wait() operation to acquire a fork. c.Release fork by calling signal(). d.Semaphore fork[5]{1}; 9. Although the semaphore solution makes sure that no two neighbors are eating simultaneously but it could still create Deadlock . 10. Suppose that all 5 ph. Become hungry at the same time and each picks up their left fork, then All fork semaphores would be 0. 11. When each ph. Tries to grab his right fork, he will be waiting for ever (Deadlock) 12. We must use some methods to avoid Deadlock and make the solution work a. Allow at most 4 ph. To be sitting simultaneously. b. Allow a ph. To pick up his fork only if both forks are available and to do this, he must pick them up in a critical section (atomically). CodeHelp

SetConsoleMode () ReadConsole() WriteConsole() ioctI () read() write( ) Information Management GetCurrentProcessID() SetTimer() Sleep() getpid () alarm () sleep () Communicatio n CreatePipe() CreateFileMapping() MapViewOfFile() pipe () shmget () mmap() i.PC On ii.CPU initializes itself and looks for a firmware program (BIOS) stored in BIOS Chip (Basic input-ou tput system chip is a ROM chip found on mother b oard t hat allows t o access & setup c omputer s ystem at most basic level.) 1.In modern PCs, CPU loads UEFI (Unified extensible firmware interface) iii.CPU runs the BIOS which t ests and initializes system hardware. Bios loads configuration settings. If something is not appropriate (like missing RAM) error is thrown and boot process is stopped. This is called POST (Power on self-te st) process. (UEFI can do a lot more than just initialize hardware; it’s really a tiny operating system. For example, Intel CPUs have the Intel M anagement Engine. This provides a variety of features, including powering I ntel’s Active Management Technology, which allows for remote management of business PCs.) iv.BIOS will handoff responsibility for booting your PC to your OS’s bootloader. 1.BIOS looked at the MBR (master boot record) , a special boot sector at the beginni ng of a disk. The MBR contains code that loads the r est of the operating system, known as a “b ootloader.” The BIOS executes the bootloader, which takes it from ther e and begins booting the actual operating system—W indows or Linux, for example.

cycle is eliminated. b. Resource preemption i. To eliminate DL, we successively preempt some resources from processes and give these resources to other processes until DL cycle is broken. CodeHelp

busy waiting, the process car blockitself. The block- operation places a process into a waiting queue associatedwith the semaphore, and the state of the process is switched to the Waitingstate. Then control is transferred to the CPU scheduler, which selects another process to execute. h.A process that is blocked, waiting on a semaphore S, should be restarted when some other process executes a signal () operation. The process isrestarted by a wakeup () operation, which changes the process from thewaiting state to the ready state. The process is then placed in the readyqueue. CodeHelp

Generate the study guide JSON.
IMPORTANT: Only use the CONTEXT if it strictly belongs to the SUBJECT (None). If the context is about a different subject (e.g., Operating Systems), IGNORE the context entirely and use your general knowledge.

2026-06-23 19:16:16,681 - INFO - -------------------------------------------------------
2026-06-23 19:16:16,682 - INFO - --- LLM PROMPT (Subject: None, Topic: Day 1: Introduction) ---
2026-06-23 19:16:16,682 - INFO - SYSTEM PROMPT:
You are teaching a first-year B.Tech CSE student.
Given the topic and context, generate a highly rigorous and extremely detailed technical study guide using ONLY valid JSON.

Your output must follow this strict JSON format:
{
    "notes": [
        {"type": "heading", "text": "Advanced Concept / Deep Dive"},
        {"type": "paragraph", "text": "In-depth technical explanation, covering edge cases, under-the-hood workings, and performance implications..."},
        {"type": "highlight", "variant": "constructive", "title": "Interview Pro-Tip", "text": "Crucial detail often asked in interviews..."},
        {"type": "code_block", "language": "python", "title": "Complex Implementation", "code": "def complex_algo(): pass"},
        {"type": "note", "text": "Advanced side note or historical context"}
    ],
    "revision": {
        "title": "Interview Cheat Sheet",
        "points": [
            {"id": 1, "text": "Advanced point 1"},
            {"id": 2, "text": "Advanced point 2"}
        ]
    }
}

RULES:
- `notes` array must use types: 'heading', 'paragraph', 'highlight' (variant: 'constructive' or 'destructive'), 'code_block' (include 'language', 'title', 'code'), or 'note'.
- The content MUST be highly rigorous and technically deep. Include complex edge cases, advanced theory, real-world system design implications, and interview-level insights. 
- NEVER generate basic, high-level, or "kidish" overviews. Assume the reader is preparing for a Senior or top-tier placement.
- Generate content ONLY within the context of the provided subject. Do not include concepts from other subjects. For example, if the topic is "Control Flow" and the subject is "Programming Fundamentals", focus on programming logic (if/else, loops) and DO NOT discuss Operating Systems concepts like semaphores or mutexes.
- `revision` should have 3-5 hard-hitting, concise bullet points.
- Do not use markdown fencing (e.g. ```json). Just return the raw JSON object.

2026-06-23 19:16:16,683 - INFO - USER PROMPT:
SUBJECT:
None

TOPIC:
Day 1: Introduction

CONTEXT:
Subject / Context: General Computer Science
UNIT 1 AN INTRODUCTION TO OPERATING SYSTEMS Application software performs specific task for the user. System software operates and controls the computer system and provides a platform to run application software. An operating system is a piece of software that manages all the resources of a computer system, both hardware and software, and provides an environment in which the user can execute his/her programs in a convenient and efficient manner by hiding underlying complexity of the hardware and acting as a resource manager. Why OS? 1.What if there is no OS? a.Bulky and complex app. (Hardware interaction code must be in app’ s code base) b.Resource exploitation by 1 App. c.No memory protection. 2.What is an OS made up of? a.Collection of system software. An operating system function - - Access to the computer hardware. -interface between the user and the computer hardware -Resource management (Aka, Arbitration) (memory, device, file, security, process etc) -Hides the underlying complexity of the hardware. (Aka, Abstraction) -facilitates execution of application programs by providing isolation and protection. User Application programs Operating system Computer hardware The operating system provides the means for proper use of the resources in the operation of the computer system.

for cultural events with over 500 attendees. Social Media Lead Event Manager, Incognito, Kernel, Fit India Clubs •Managed promotions and digital strategies across three clubs, boosting student engagement by 25%.

SetConsoleMode () ReadConsole() WriteConsole() ioctI () read() write( ) Information Management GetCurrentProcessID() SetTimer() Sleep() getpid () alarm () sleep () Communicatio n CreatePipe() CreateFileMapping() MapViewOfFile() pipe () shmget () mmap()

a singl e computer. -Increases reliability, 1 CPU fails, othercan work -Better throughput. -Lesser process starvation, (if 1 CPU isworking on some process, other can beexecuted on other CPU. CodeHelp Distri bute d OS, RTOS -OS manages many b unches of resources, >=1 CPUs, >=1 memory, >=1 GPUs, etc -Loosely connected autonomous, inter connected computer node s. -collection of independent, networked, communicating, and physically separate computational nodes. -Real time error free, c omputations within tight-time boundaries. -Air Traffic control system, ROBOTS etc. CodeHelp

() operation. The process isrestarted by a wakeup () operation, which changes the process from thewaiting state to the ready state. The process is then placed in the readyqueue. CodeHelp Lec- 20: The Dining Philosophers problem 1. We have 5 philosophers. 2. They spend their life just being in two states: a. Thinking b. Eating 3. They sit on a circular table surrounded by 5 chairs (1 each), in the center of table is a bowl of noodles, and the table is laid with 5 single forks. 4.Thinking state: When a ph. Thinks, he doesn’t interact with others. 5.Eating state: When a ph. Gets hungry, he tries to pick up the 2 forks adjacent to him (Left and Right). He can pick one fork at a time. 6. One can’t pick up a fork if it is already taken. 7. When ph. Has both forks at the same time, he eats without releasing forks. 8. Solution can be given using semaphores. a. Each fork is a binary semaphore. b. A ph. Calls wait() operation to acquire a fork. c.Release fork by calling signal(). d.Semaphore fork[5]{1}; 9. Although the semaphore solution makes sure that no two neighbors are eating simultaneously but it could still create Deadlock . 10. Suppose that all 5 ph. Become hungry at the same time and each picks up their left fork, then All fork semaphores would be 0. 11. When each ph. Tries to grab his right fork, he will be waiting for ever (Deadlock) 12. We must use some methods to avoid Deadlock and make the solution work a. Allow at most 4 ph. To be sitting simultaneously. b. Allow a ph. To pick up his fork only if both forks are available and to do this, he must pick them up in a critical section (atomically). CodeHelp

SetConsoleMode () ReadConsole() WriteConsole() ioctI () read() write( ) Information Management GetCurrentProcessID() SetTimer() Sleep() getpid () alarm () sleep () Communicatio n CreatePipe() CreateFileMapping() MapViewOfFile() pipe () shmget () mmap() i.PC On ii.CPU initializes itself and looks for a firmware program (BIOS) stored in BIOS Chip (Basic input-ou tput system chip is a ROM chip found on mother b oard t hat allows t o access & setup c omputer s ystem at most basic level.) 1.In modern PCs, CPU loads UEFI (Unified extensible firmware interface) iii.CPU runs the BIOS which t ests and initializes system hardware. Bios loads configuration settings. If something is not appropriate (like missing RAM) error is thrown and boot process is stopped. This is called POST (Power on self-te st) process. (UEFI can do a lot more than just initialize hardware; it’s really a tiny operating system. For example, Intel CPUs have the Intel M anagement Engine. This provides a variety of features, including powering I ntel’s Active Management Technology, which allows for remote management of business PCs.) iv.BIOS will handoff responsibility for booting your PC to your OS’s bootloader. 1.BIOS looked at the MBR (master boot record) , a special boot sector at the beginni ng of a disk. The MBR contains code that loads the r est of the operating system, known as a “b ootloader.” The BIOS executes the bootloader, which takes it from ther e and begins booting the actual operating system—W indows or Linux, for example.

cycle is eliminated. b. Resource preemption i. To eliminate DL, we successively preempt some resources from processes and give these resources to other processes until DL cycle is broken. CodeHelp

busy waiting, the process car blockitself. The block- operation places a process into a waiting queue associatedwith the semaphore, and the state of the process is switched to the Waitingstate. Then control is transferred to the CPU scheduler, which selects another process to execute. h.A process that is blocked, waiting on a semaphore S, should be restarted when some other process executes a signal () operation. The process isrestarted by a wakeup () operation, which changes the process from thewaiting state to the ready state. The process is then placed in the readyqueue. CodeHelp

Generate the study guide JSON.
IMPORTANT: Only use the CONTEXT if it strictly belongs to the SUBJECT (None). If the context is about a different subject (e.g., Operating Systems), IGNORE the context entirely and use your general knowledge.

2026-06-23 19:16:16,683 - INFO - -------------------------------------------------------
2026-06-23 19:16:37,511 - INFO - [PracticeEngine] Returning cached topics hierarchy for student 3
2026-06-23 19:16:57,905 - INFO - --- LLM PROMPT (Subject: None, Topic: Day 1: Introduction) ---
2026-06-23 19:16:57,905 - INFO - SYSTEM PROMPT:
You are teaching a first-year B.Tech CSE student.
Given the topic and context, generate a highly rigorous and extremely detailed technical study guide using ONLY valid JSON.

Your output must follow this strict JSON format:
{
    "notes": [
        {"type": "heading", "text": "Advanced Concept / Deep Dive"},
        {"type": "paragraph", "text": "In-depth technical explanation, covering edge cases, under-the-hood workings, and performance implications..."},
        {"type": "highlight", "variant": "constructive", "title": "Interview Pro-Tip", "text": "Crucial detail often asked in interviews..."},
        {"type": "code_block", "language": "python", "title": "Complex Implementation", "code": "def complex_algo(): pass"},
        {"type": "note", "text": "Advanced side note or historical context"}
    ],
    "revision": {
        "title": "Interview Cheat Sheet",
        "points": [
            {"id": 1, "text": "Advanced point 1"},
            {"id": 2, "text": "Advanced point 2"}
        ]
    }
}

RULES:
- `notes` array must use types: 'heading', 'paragraph', 'highlight' (variant: 'constructive' or 'destructive'), 'code_block' (include 'language', 'title', 'code'), or 'note'.
- The content MUST be highly rigorous and technically deep. Include complex edge cases, advanced theory, real-world system design implications, and interview-level insights. 
- NEVER generate basic, high-level, or "kidish" overviews. Assume the reader is preparing for a Senior or top-tier placement.
- Generate content ONLY within the context of the provided subject. Do not include concepts from other subjects. For example, if the topic is "Control Flow" and the subject is "Programming Fundamentals", focus on programming logic (if/else, loops) and DO NOT discuss Operating Systems concepts like semaphores or mutexes.
- `revision` should have 3-5 hard-hitting, concise bullet points.
- Do not use markdown fencing (e.g. ```json). Just return the raw JSON object.

2026-06-23 19:16:57,905 - INFO - USER PROMPT:
SUBJECT:
None

TOPIC:
Day 1: Introduction

CONTEXT:
Subject / Context: General Computer Science
UNIT 1 AN INTRODUCTION TO OPERATING SYSTEMS Application software performs specific task for the user. System software operates and controls the computer system and provides a platform to run application software. An operating system is a piece of software that manages all the resources of a computer system, both hardware and software, and provides an environment in which the user can execute his/her programs in a convenient and efficient manner by hiding underlying complexity of the hardware and acting as a resource manager. Why OS? 1.What if there is no OS? a.Bulky and complex app. (Hardware interaction code must be in app’ s code base) b.Resource exploitation by 1 App. c.No memory protection. 2.What is an OS made up of? a.Collection of system software. An operating system function - - Access to the computer hardware. -interface between the user and the computer hardware -Resource management (Aka, Arbitration) (memory, device, file, security, process etc) -Hides the underlying complexity of the hardware. (Aka, Abstraction) -facilitates execution of application programs by providing isolation and protection. User Application programs Operating system Computer hardware The operating system provides the means for proper use of the resources in the operation of the computer system.

for cultural events with over 500 attendees. Social Media Lead Event Manager, Incognito, Kernel, Fit India Clubs •Managed promotions and digital strategies across three clubs, boosting student engagement by 25%.

SetConsoleMode () ReadConsole() WriteConsole() ioctI () read() write( ) Information Management GetCurrentProcessID() SetTimer() Sleep() getpid () alarm () sleep () Communicatio n CreatePipe() CreateFileMapping() MapViewOfFile() pipe () shmget () mmap()

a singl e computer. -Increases reliability, 1 CPU fails, othercan work -Better throughput. -Lesser process starvation, (if 1 CPU isworking on some process, other can beexecuted on other CPU. CodeHelp Distri bute d OS, RTOS -OS manages many b unches of resources, >=1 CPUs, >=1 memory, >=1 GPUs, etc -Loosely connected autonomous, inter connected computer node s. -collection of independent, networked, communicating, and physically separate computational nodes. -Real time error free, c omputations within tight-time boundaries. -Air Traffic control system, ROBOTS etc. CodeHelp

() operation. The process isrestarted by a wakeup () operation, which changes the process from thewaiting state to the ready state. The process is then placed in the readyqueue. CodeHelp Lec- 20: The Dining Philosophers problem 1. We have 5 philosophers. 2. They spend their life just being in two states: a. Thinking b. Eating 3. They sit on a circular table surrounded by 5 chairs (1 each), in the center of table is a bowl of noodles, and the table is laid with 5 single forks. 4.Thinking state: When a ph. Thinks, he doesn’t interact with others. 5.Eating state: When a ph. Gets hungry, he tries to pick up the 2 forks adjacent to him (Left and Right). He can pick one fork at a time. 6. One can’t pick up a fork if it is already taken. 7. When ph. Has both forks at the same time, he eats without releasing forks. 8. Solution can be given using semaphores. a. Each fork is a binary semaphore. b. A ph. Calls wait() operation to acquire a fork. c.Release fork by calling signal(). d.Semaphore fork[5]{1}; 9. Although the semaphore solution makes sure that no two neighbors are eating simultaneously but it could still create Deadlock . 10. Suppose that all 5 ph. Become hungry at the same time and each picks up their left fork, then All fork semaphores would be 0. 11. When each ph. Tries to grab his right fork, he will be waiting for ever (Deadlock) 12. We must use some methods to avoid Deadlock and make the solution work a. Allow at most 4 ph. To be sitting simultaneously. b. Allow a ph. To pick up his fork only if both forks are available and to do this, he must pick them up in a critical section (atomically). CodeHelp

SetConsoleMode () ReadConsole() WriteConsole() ioctI () read() write( ) Information Management GetCurrentProcessID() SetTimer() Sleep() getpid () alarm () sleep () Communicatio n CreatePipe() CreateFileMapping() MapViewOfFile() pipe () shmget () mmap() i.PC On ii.CPU initializes itself and looks for a firmware program (BIOS) stored in BIOS Chip (Basic input-ou tput system chip is a ROM chip found on mother b oard t hat allows t o access & setup c omputer s ystem at most basic level.) 1.In modern PCs, CPU loads UEFI (Unified extensible firmware interface) iii.CPU runs the BIOS which t ests and initializes system hardware. Bios loads configuration settings. If something is not appropriate (like missing RAM) error is thrown and boot process is stopped. This is called POST (Power on self-te st) process. (UEFI can do a lot more than just initialize hardware; it’s really a tiny operating system. For example, Intel CPUs have the Intel M anagement Engine. This provides a variety of features, including powering I ntel’s Active Management Technology, which allows for remote management of business PCs.) iv.BIOS will handoff responsibility for booting your PC to your OS’s bootloader. 1.BIOS looked at the MBR (master boot record) , a special boot sector at the beginni ng of a disk. The MBR contains code that loads the r est of the operating system, known as a “b ootloader.” The BIOS executes the bootloader, which takes it from ther e and begins booting the actual operating system—W indows or Linux, for example.

cycle is eliminated. b. Resource preemption i. To eliminate DL, we successively preempt some resources from processes and give these resources to other processes until DL cycle is broken. CodeHelp

busy waiting, the process car blockitself. The block- operation places a process into a waiting queue associatedwith the semaphore, and the state of the process is switched to the Waitingstate. Then control is transferred to the CPU scheduler, which selects another process to execute. h.A process that is blocked, waiting on a semaphore S, should be restarted when some other process executes a signal () operation. The process isrestarted by a wakeup () operation, which changes the process from thewaiting state to the ready state. The process is then placed in the readyqueue. CodeHelp

Generate the study guide JSON.
IMPORTANT: Only use the CONTEXT if it strictly belongs to the SUBJECT (None). If the context is about a different subject (e.g., Operating Systems), IGNORE the context entirely and use your general knowledge.

2026-06-23 19:16:57,905 - INFO - -------------------------------------------------------
2026-06-23 19:17:25,580 - INFO - CACHE MISS: topic='Day 1: Introduction', subject='None'
2026-06-23 19:17:27,068 - INFO - CACHE MISS: topic='Day 1: Introduction', subject='None'
2026-06-23 19:17:28,357 - INFO - CACHE MISS: topic='Day 1: Introduction', subject='roadmap-week-1'
2026-06-23 19:17:28,759 - INFO - CACHE MISS: topic='Day 1: Introduction', subject='None'
2026-06-23 19:17:31,052 - INFO - CACHE MISS: topic='Day 1: Introduction', subject='None'
2026-06-23 19:18:07,197 - INFO - CACHE MISS: topic='Day 1: Introduction', subject='None'
2026-06-23 19:28:40,099 - ERROR - [PracticeEngine] Failed to save topics cache to disk: [Errno 13] Permission denied: '/home/galaxy/Desktop/Student_System/Backend/services/topics_cache.json'
2026-06-23 19:28:40,104 - INFO - CACHE HIT (Fast Return): topic='Day 1: Introduction', subject='None'
2026-06-23 19:28:40,260 - INFO - [PracticeEngine] Returning cached topics hierarchy for student 3
2026-06-23 19:28:40,262 - INFO - CACHE HIT: topic='Day 1: Introduction', subject='None'
2026-06-23 19:28:40,264 - INFO - CACHE HIT (Fast Return): topic='Binary Trees', subject='None'
2026-06-23 19:28:40,408 - INFO - CACHE HIT: topic='Binary Trees', subject='None'
2026-06-23 19:38:16,654 - ERROR - [PracticeEngine] Failed to save topics cache to disk: [Errno 13] Permission denied: '/home/galaxy/Desktop/Student_System/Backend/services/topics_cache.json'
2026-06-23 19:38:16,732 - INFO - [PracticeEngine] Returning cached topics hierarchy for student 3
2026-06-23 19:38:17,029 - INFO - [PracticeEngine] Returning cached topics hierarchy for student 3
2026-06-23 19:38:17,123 - INFO - [PracticeEngine] Returning cached topics hierarchy for student 3
2026-06-23 19:38:17,344 - INFO - --- LLM PROMPT (Subject: None, Topic: Day 1: Advanced Data Structures & Algorithms – Graph Patterns) ---
2026-06-23 19:38:17,345 - INFO - SYSTEM PROMPT:
You are teaching a first-year B.Tech CSE student.
Given the topic and context, generate a highly rigorous and extremely detailed technical study guide using ONLY valid JSON.

Your output must follow this strict JSON format:
{
    "notes": [
        {"type": "heading", "text": "Advanced Concept / Deep Dive"},
        {"type": "paragraph", "text": "In-depth technical explanation, covering edge cases, under-the-hood workings, and performance implications..."},
        {"type": "highlight", "variant": "constructive", "title": "Interview Pro-Tip", "text": "Crucial detail often asked in interviews..."},
        {"type": "code_block", "language": "python", "title": "Complex Implementation", "code": "def complex_algo(): pass"},
        {"type": "note", "text": "Advanced side note or historical context"}
    ],
    "revision": {
        "title": "Interview Cheat Sheet",
        "points": [
            {"id": 1, "text": "Advanced point 1"},
            {"id": 2, "text": "Advanced point 2"}
        ]
    }
}

RULES:
- `notes` array must use types: 'heading', 'paragraph', 'highlight' (variant: 'constructive' or 'destructive'), 'code_block' (include 'language', 'title', 'code'), or 'note'.
- The content MUST be highly rigorous and technically deep. Include complex edge cases, advanced theory, real-world system design implications, and interview-level insights. 
- NEVER generate basic, high-level, or "kidish" overviews. Assume the reader is preparing for a Senior or top-tier placement.
- Generate content ONLY within the context of the provided subject. Do not include concepts from other subjects. For example, if the topic is "Control Flow" and the subject is "Programming Fundamentals", focus on programming logic (if/else, loops) and DO NOT discuss Operating Systems concepts like semaphores or mutexes.
- `revision` should have 3-5 hard-hitting, concise bullet points.
- Do not use markdown fencing (e.g. ```json). Just return the raw JSON object.

2026-06-23 19:38:17,346 - INFO - USER PROMPT:
SUBJECT:
None

TOPIC:
Day 1: Advanced Data Structures & Algorithms – Graph Patterns

CONTEXT:
Subject / Context: General Computer Science
contains t he same type of functions such as the main function can be included in one segment and the library functions can be included in the other segment. 9. .Advantages : a. No internal fragmentation. b. One segment has a contiguous allocation , hence efficient working within segment. c. The size o f segment table is gen erally less than the size of page table. d. It results in a more efficient system because the compiler keeps the same type of functions in one segment. 11. Disadvantages: a. External fragmentation. b. The d ifferent size of segment is not goo d that the time of swapping. 12. Modern System architecture provides both segmentation and paging implemented in some hybrid approach. CodeHelp

1. In the case of LRU and optimal page replacement algorithms, it is seen that the number of page faults will be reduced if we increase the number of frames. Ho wever, Balady found that, In FIFO page replacement algorithm, the number of page faults will get increased with the increment in number offrames. 2. This is the strange behavior shown by FIFO algorithm in some of the cases. b. Optimal page replacement i.Find if a page that is never referenced in future. If such a page exists, replace this page with new page.If no such page exists, find a page that is referenced farthest in future . Replace this page with new page. ii.Lowest page fault rate among any algorithm. iii. Difficult to implement as OS requires future knowledge of reference string which is kind of impossible. (Similar to SJF scheduling) c. Least-r ecently used (LRU) i.We can use recent past as an approximation of the near future then we can replace the page that has not been used fo r the longest period. ii.Can be implemented by two ways 1. Counters a. Associate time fi eld with each page table entry. b. Replace the page with smallest time value. 2. Stack a. Keep a stack of page number. b. Whenever page is referenced, it i s removed from the stack & put on the top. c. By this, most recently used is always on the top, & least recently used is always o n the bottom. d. As entri es mi ght be removed from the middle of the stack, so Doubly linked list can be used. d.

all processes, then the state of the system is called unsafe. f. Scheduling algorithm using which DL can be avoided by finding safe state. (Banker Algorithm) 2. Banker Algorithm a. When a process requests a set of resources, the system must determine whether allocating these resources will leave the system in a safe state. If yes, then the resources may beallocated to the process. If not, then the process must wait till other processes release enough resources. 3. Deadlock Detection: Systems haven’t implemented deadlock-prevention or a deadlock avoidance technique, then they may employ DL detection then, recovery technique. a. Single Instance of Each resource type (wait-for graph method) i. A deadlock exists in the system if and only if there is a cycle in the wait-for graph. In order to detect the deadlock, the system needs to maintain the wait-for graph and periodically system invokes an algorithm that searches for the cycle in the wait-for graph. b. Multiple instances for each resource type i. Banker Algorithm 4. Recovery from Deadlock a. Process termination i. Abort all DL processes ii. Abort one process at a time until DL cycle is eliminated. b. Resource preemption i. To eliminate DL, we successively preempt some resources from processes and give these resources to other processes until DL cycle is broken. CodeHelp

a singl e computer. -Increases reliability, 1 CPU fails, othercan work -Better throughput. -Lesser process starvation, (if 1 CPU isworking on some process, other can beexecuted on other CPU. CodeHelp Distri bute d OS, RTOS -OS manages many b unches of resources, >=1 CPUs, >=1 memory, >=1 GPUs, etc -Loosely connected autonomous, inter connected computer node s. -collection of independent, networked, communicating, and physically separate computational nodes. -Real time error free, c omputations within tight-time boundaries. -Air Traffic control system, ROBOTS etc. CodeHelp

advantages of First Fit. d. Best Fit i.Allocate sm allest hole that is big enough. ii.Lesser internal fragmentation. iii. May create many small holes and cause major external fragmentation. iv. Slow, as required to iterate whole free holes list. e. Worst Fit i.Allocate the largest hole that is big enough. ii.Slow, as required to iterate whole free holes list. iii. Leaves larger holes that may accommodate other processes. CodeHelp

ii. iii. Advantages over fixed partitioning 1. No internal fragmentation 2. No limit o n size of process 3. Better degree of multi- programming iv. Limitation 1. External fragmentation CodeHelp LEC-25: Free Space Management 1. Defragmentation/Compaction a. Dynamic partitioning suffers from external fragmentation. b. Compaction to minimize the probability of external fragmentation . c. All the free partitions are made contiguous, and all the loaded partitions are brought together. d. By applying this technique, we can store the bigger processes in the memory. The free partitions are merged which can now be allocated according to the needs of new processes. This technique i s also called def ragmentation . e. The efficiency of the system is decreased in the case of compaction since all the free spaces will be transferred from several places to a single place. 2. How free space is stored/represented in OS? a. Free holes in the memory are represente d by a free list (Linked -List data structure). 3. How to satisfy a request of a of n size from a list of free holes? a. Various algorithms which are implemented by the Operating System in order to find out the holes in the linked list and allocate them to the pr ocesses. b. First Fit i.Allocate the first hole that is big enough. ii.Simple and easy to implement. iii. Fast/Less time complexity c. Next Fit i.Enhancement on First fit but starts search always from last allocated hole. ii.Same advantages of First Fit. d. Best Fit i.Allocate sm allest hole that is big enough. ii.Lesser internal fragmentation. iii. May create many small holes and cause major external fragmentation. iv.

Page Table i.A Data structure sto res which page is mapped to which frame . ii.The page table contains the base address of each page in the physical memory. f. Every address generated by CPU (logical address ) is divided into two parts: a page number (p) and a page offset (d ). The p is used as an index into a page table to get base address the corresponding frame in physical memory. g. Page table is stored in main memory at the time of process creation and its base address is stor ed in process control block ( PCB ). h. A page table base register (PTBR) is present in the system that points to the current page table . Changing page tables requires onl y this one register, at the time o f context -switching. 4. How Paging avoids external fragmentation? a. Non- contiguous allocation of the pages of the proce ss is allo wed in the random free frames of the physical memory. 5. Why paging is slow and how do we make it fast? a. There are too many memory references to access the desired location in physical memory. 6. Translation Look- aside buffer (TL B) a. A Hardware support to speed-up paging process. b. It’s a hardware cache , high speed memory. c. TBL has key and value. CodeHelp

is going to wait forever, hence very low starvation. [No convoy effect] f. Easy to implement. g. If TQ is small, more will be the context switch (more overhead). CodeHelp LEC-14: MLQ | MLFQ 1.Multi-level queue scheduling (MLQ)a.Ready queue is divided into multiple queues depending upon priority.b.A process is permanently assigned to one of the queues (inflexible) based on some property ofprocess, memory, size, process priority or process type.c.Each queue has its own scheduling algorithm. E.g., SP -> RR, IP -> RR & BP -> FCFS. d.System process: Created by OS (Highest priority)Interactive process (Foreground process): Needs user input (I/O).Batch process (Background process): Runs silently, no user input required.e.Scheduling among different sub-queues is implemented as fixed priority preemptivescheduling. E.g., foreground queue has absolute priority over background queue.f.If an interactive process comes & batch process is currently executing. Then, batch process willbe preempted.g.Problem: Only after completion of all the processes from the top-level ready queue, thefurther level ready queues will be scheduled.This came starvation for lower priority process.h.Convoy effect is present.2.Multi-level feedback queue scheduling (MLFQ)a.Multiple sub-queues are present.b.Allows the process to move between queues. The idea is to separate processes according tothe characteristics of their BT. If a process uses too much CPU time, it will be moved to lowerpriority queue. This scheme leaves I/O bound and interactive processes in the higher-priorityqueue.In addition, a process that waits too much in a lower-priority queue may be moved to a higher priority queue. This form of ageing prevents starvation. c.Less starvation then MLQ.d.It is flexible.e.Can be configured to match a specific system design requirement.Sample MLFQ design: CodeHelp

Generate the study guide JSON.
IMPORTANT: Only use the CONTEXT if it strictly belongs to the SUBJECT (None). If the context is about a different subject (e.g., Operating Systems), IGNORE the context entirely and use your general knowledge.

2026-06-23 19:38:17,346 - INFO - -------------------------------------------------------
2026-06-23 19:38:35,961 - INFO - [PracticeEngine] Returning cached topics hierarchy for student 3
2026-06-23 19:38:36,395 - INFO - --- LLM PROMPT (Subject: roadmap-week-1, Topic: Day 1: Advanced Data Structures & Algorithms – Graph Patterns) ---
2026-06-23 19:38:36,395 - INFO - SYSTEM PROMPT:
You are teaching a first-year B.Tech CSE student.
Given the topic and context, generate a highly rigorous and extremely detailed technical study guide using ONLY valid JSON.

Your output must follow this strict JSON format:
{
    "notes": [
        {"type": "heading", "text": "Advanced Concept / Deep Dive"},
        {"type": "paragraph", "text": "In-depth technical explanation, covering edge cases, under-the-hood workings, and performance implications..."},
        {"type": "highlight", "variant": "constructive", "title": "Interview Pro-Tip", "text": "Crucial detail often asked in interviews..."},
        {"type": "code_block", "language": "python", "title": "Complex Implementation", "code": "def complex_algo(): pass"},
        {"type": "note", "text": "Advanced side note or historical context"}
    ],
    "revision": {
        "title": "Interview Cheat Sheet",
        "points": [
            {"id": 1, "text": "Advanced point 1"},
            {"id": 2, "text": "Advanced point 2"}
        ]
    }
}

RULES:
- `notes` array must use types: 'heading', 'paragraph', 'highlight' (variant: 'constructive' or 'destructive'), 'code_block' (include 'language', 'title', 'code'), or 'note'.
- The content MUST be highly rigorous and technically deep. Include complex edge cases, advanced theory, real-world system design implications, and interview-level insights. 
- NEVER generate basic, high-level, or "kidish" overviews. Assume the reader is preparing for a Senior or top-tier placement.
- Generate content ONLY within the context of the provided subject. Do not include concepts from other subjects. For example, if the topic is "Control Flow" and the subject is "Programming Fundamentals", focus on programming logic (if/else, loops) and DO NOT discuss Operating Systems concepts like semaphores or mutexes.
- `revision` should have 3-5 hard-hitting, concise bullet points.
- Do not use markdown fencing (e.g. ```json). Just return the raw JSON object.

2026-06-23 19:38:36,396 - INFO - USER PROMPT:
SUBJECT:
roadmap-week-1

TOPIC:
Day 1: Advanced Data Structures & Algorithms – Graph Patterns

CONTEXT:
Subject / Context: roadmap-week-1
contains t he same type of functions such as the main function can be included in one segment and the library functions can be included in the other segment. 9. .Advantages : a. No internal fragmentation. b. One segment has a contiguous allocation , hence efficient working within segment. c. The size o f segment table is gen erally less than the size of page table. d. It results in a more efficient system because the compiler keeps the same type of functions in one segment. 11. Disadvantages: a. External fragmentation. b. The d ifferent size of segment is not goo d that the time of swapping. 12. Modern System architecture provides both segmentation and paging implemented in some hybrid approach. CodeHelp

a singl e computer. -Increases reliability, 1 CPU fails, othercan work -Better throughput. -Lesser process starvation, (if 1 CPU isworking on some process, other can beexecuted on other CPU. CodeHelp Distri bute d OS, RTOS -OS manages many b unches of resources, >=1 CPUs, >=1 memory, >=1 GPUs, etc -Loosely connected autonomous, inter connected computer node s. -collection of independent, networked, communicating, and physically separate computational nodes. -Real time error free, c omputations within tight-time boundaries. -Air Traffic control system, ROBOTS etc. CodeHelp

is going to wait forever, hence very low starvation. [No convoy effect] f. Easy to implement. g. If TQ is small, more will be the context switch (more overhead). CodeHelp LEC-14: MLQ | MLFQ 1.Multi-level queue scheduling (MLQ)a.Ready queue is divided into multiple queues depending upon priority.b.A process is permanently assigned to one of the queues (inflexible) based on some property ofprocess, memory, size, process priority or process type.c.Each queue has its own scheduling algorithm. E.g., SP -> RR, IP -> RR & BP -> FCFS. d.System process: Created by OS (Highest priority)Interactive process (Foreground process): Needs user input (I/O).Batch process (Background process): Runs silently, no user input required.e.Scheduling among different sub-queues is implemented as fixed priority preemptivescheduling. E.g., foreground queue has absolute priority over background queue.f.If an interactive process comes & batch process is currently executing. Then, batch process willbe preempted.g.Problem: Only after completion of all the processes from the top-level ready queue, thefurther level ready queues will be scheduled.This came starvation for lower priority process.h.Convoy effect is present.2.Multi-level feedback queue scheduling (MLFQ)a.Multiple sub-queues are present.b.Allows the process to move between queues. The idea is to separate processes according tothe characteristics of their BT. If a process uses too much CPU time, it will be moved to lowerpriority queue. This scheme leaves I/O bound and interactive processes in the higher-priorityqueue.In addition, a process that waits too much in a lower-priority queue may be moved to a higher priority queue. This form of ageing prevents starvation. c.Less starvation then MLQ.d.It is flexible.e.Can be configured to match a specific system design requirement.Sample MLFQ design: CodeHelp

1. In the case of LRU and optimal page replacement algorithms, it is seen that the number of page faults will be reduced if we increase the number of frames. Ho wever, Balady found that, In FIFO page replacement algorithm, the number of page faults will get increased with the increment in number offrames. 2. This is the strange behavior shown by FIFO algorithm in some of the cases. b. Optimal page replacement i.Find if a page that is never referenced in future. If such a page exists, replace this page with new page.If no such page exists, find a page that is referenced farthest in future . Replace this page with new page. ii.Lowest page fault rate among any algorithm. iii. Difficult to implement as OS requires future knowledge of reference string which is kind of impossible. (Similar to SJF scheduling) c. Least-r ecently used (LRU) i.We can use recent past as an approximation of the near future then we can replace the page that has not been used fo r the longest period. ii.Can be implemented by two ways 1. Counters a. Associate time fi eld with each page table entry. b. Replace the page with smallest time value. 2. Stack a. Keep a stack of page number. b. Whenever page is referenced, it i s removed from the stack & put on the top. c. By this, most recently used is always on the top, & least recently used is always o n the bottom. d. As entri es mi ght be removed from the middle of the stack, so Doubly linked list can be used. d.

all processes, then the state of the system is called unsafe. f. Scheduling algorithm using which DL can be avoided by finding safe state. (Banker Algorithm) 2. Banker Algorithm a. When a process requests a set of resources, the system must determine whether allocating these resources will leave the system in a safe state. If yes, then the resources may beallocated to the process. If not, then the process must wait till other processes release enough resources. 3. Deadlock Detection: Systems haven’t implemented deadlock-prevention or a deadlock avoidance technique, then they may employ DL detection then, recovery technique. a. Single Instance of Each resource type (wait-for graph method) i. A deadlock exists in the system if and only if there is a cycle in the wait-for graph. In order to detect the deadlock, the system needs to maintain the wait-for graph and periodically system invokes an algorithm that searches for the cycle in the wait-for graph. b. Multiple instances for each resource type i. Banker Algorithm 4. Recovery from Deadlock a. Process termination i. Abort all DL processes ii. Abort one process at a time until DL cycle is eliminated. b. Resource preemption i. To eliminate DL, we successively preempt some resources from processes and give these resources to other processes until DL cycle is broken. CodeHelp

moved to a higher priority queue. This form of ageing prevents starvation. c.Less starvation then MLQ.d.It is flexible.e.Can be configured to match a specific system design requirement.Sample MLFQ design: CodeHelp 3.Comparison:FCFS SJF PSJF Priority P-Priority RR MLQ MLFQ Design Simple Complex Complex Complex Complex Simple Complex Complex Preemption No No Yes No Yes Yes Yes Yes Convoy effect Yes Yes No Yes Yes No Yes Yes Overhead No No Yes No Yes Yes Yes Yes CodeHelpµ⑧

for cultural events with over 500 attendees. Social Media Lead Event Manager, Incognito, Kernel, Fit India Clubs •Managed promotions and digital strategies across three clubs, boosting student engagement by 25%.

for both preemptive and non -preemptive version) i.Solution: Ageing is the solution. ii.Gradually increase priority of process that wait so long. E.g., increase priority by 1 every 15 minutes. 5. Round r obin scheduling (RR) a. Most popular b. Like FCFS but preemptive. c. Designed for time sharing systems. d. Criteria: AT + time quantum (TQ ), Doesn’t depend on BT. e. No process is going to wait forever, hence very low starvation. [No convoy effect] f. Easy to implement. g. If TQ is small, more will be the context switch (more overhead). CodeHelp

Generate the study guide JSON.
IMPORTANT: Only use the CONTEXT if it strictly belongs to the SUBJECT (roadmap-week-1). If the context is about a different subject (e.g., Operating Systems), IGNORE the context entirely and use your general knowledge.

2026-06-23 19:38:36,396 - INFO - -------------------------------------------------------
2026-06-23 19:38:37,152 - INFO - --- LLM PROMPT (Subject: None, Topic: Day 1: Advanced Data Structures & Algorithms – Graph Patterns) ---
2026-06-23 19:38:37,152 - INFO - SYSTEM PROMPT:
You are teaching a first-year B.Tech CSE student.
Given the topic and context, generate a highly rigorous and extremely detailed technical study guide using ONLY valid JSON.

Your output must follow this strict JSON format:
{
    "notes": [
        {"type": "heading", "text": "Advanced Concept / Deep Dive"},
        {"type": "paragraph", "text": "In-depth technical explanation, covering edge cases, under-the-hood workings, and performance implications..."},
        {"type": "highlight", "variant": "constructive", "title": "Interview Pro-Tip", "text": "Crucial detail often asked in interviews..."},
        {"type": "code_block", "language": "python", "title": "Complex Implementation", "code": "def complex_algo(): pass"},
        {"type": "note", "text": "Advanced side note or historical context"}
    ],
    "revision": {
        "title": "Interview Cheat Sheet",
        "points": [
            {"id": 1, "text": "Advanced point 1"},
            {"id": 2, "text": "Advanced point 2"}
        ]
    }
}

RULES:
- `notes` array must use types: 'heading', 'paragraph', 'highlight' (variant: 'constructive' or 'destructive'), 'code_block' (include 'language', 'title', 'code'), or 'note'.
- The content MUST be highly rigorous and technically deep. Include complex edge cases, advanced theory, real-world system design implications, and interview-level insights. 
- NEVER generate basic, high-level, or "kidish" overviews. Assume the reader is preparing for a Senior or top-tier placement.
- Generate content ONLY within the context of the provided subject. Do not include concepts from other subjects. For example, if the topic is "Control Flow" and the subject is "Programming Fundamentals", focus on programming logic (if/else, loops) and DO NOT discuss Operating Systems concepts like semaphores or mutexes.
- `revision` should have 3-5 hard-hitting, concise bullet points.
- Do not use markdown fencing (e.g. ```json). Just return the raw JSON object.

2026-06-23 19:38:37,152 - INFO - USER PROMPT:
SUBJECT:
None

TOPIC:
Day 1: Advanced Data Structures & Algorithms – Graph Patterns

CONTEXT:
Subject / Context: General Computer Science
contains t he same type of functions such as the main function can be included in one segment and the library functions can be included in the other segment. 9. .Advantages : a. No internal fragmentation. b. One segment has a contiguous allocation , hence efficient working within segment. c. The size o f segment table is gen erally less than the size of page table. d. It results in a more efficient system because the compiler keeps the same type of functions in one segment. 11. Disadvantages: a. External fragmentation. b. The d ifferent size of segment is not goo d that the time of swapping. 12. Modern System architecture provides both segmentation and paging implemented in some hybrid approach. CodeHelp

1. In the case of LRU and optimal page replacement algorithms, it is seen that the number of page faults will be reduced if we increase the number of frames. Ho wever, Balady found that, In FIFO page replacement algorithm, the number of page faults will get increased with the increment in number offrames. 2. This is the strange behavior shown by FIFO algorithm in some of the cases. b. Optimal page replacement i.Find if a page that is never referenced in future. If such a page exists, replace this page with new page.If no such page exists, find a page that is referenced farthest in future . Replace this page with new page. ii.Lowest page fault rate among any algorithm. iii. Difficult to implement as OS requires future knowledge of reference string which is kind of impossible. (Similar to SJF scheduling) c. Least-r ecently used (LRU) i.We can use recent past as an approximation of the near future then we can replace the page that has not been used fo r the longest period. ii.Can be implemented by two ways 1. Counters a. Associate time fi eld with each page table entry. b. Replace the page with smallest time value. 2. Stack a. Keep a stack of page number. b. Whenever page is referenced, it i s removed from the stack & put on the top. c. By this, most recently used is always on the top, & least recently used is always o n the bottom. d. As entri es mi ght be removed from the middle of the stack, so Doubly linked list can be used. d.

all processes, then the state of the system is called unsafe. f. Scheduling algorithm using which DL can be avoided by finding safe state. (Banker Algorithm) 2. Banker Algorithm a. When a process requests a set of resources, the system must determine whether allocating these resources will leave the system in a safe state. If yes, then the resources may beallocated to the process. If not, then the process must wait till other processes release enough resources. 3. Deadlock Detection: Systems haven’t implemented deadlock-prevention or a deadlock avoidance technique, then they may employ DL detection then, recovery technique. a. Single Instance of Each resource type (wait-for graph method) i. A deadlock exists in the system if and only if there is a cycle in the wait-for graph. In order to detect the deadlock, the system needs to maintain the wait-for graph and periodically system invokes an algorithm that searches for the cycle in the wait-for graph. b. Multiple instances for each resource type i. Banker Algorithm 4. Recovery from Deadlock a. Process termination i. Abort all DL processes ii. Abort one process at a time until DL cycle is eliminated. b. Resource preemption i. To eliminate DL, we successively preempt some resources from processes and give these resources to other processes until DL cycle is broken. CodeHelp

a singl e computer. -Increases reliability, 1 CPU fails, othercan work -Better throughput. -Lesser process starvation, (if 1 CPU isworking on some process, other can beexecuted on other CPU. CodeHelp Distri bute d OS, RTOS -OS manages many b unches of resources, >=1 CPUs, >=1 memory, >=1 GPUs, etc -Loosely connected autonomous, inter connected computer node s. -collection of independent, networked, communicating, and physically separate computational nodes. -Real time error free, c omputations within tight-time boundaries. -Air Traffic control system, ROBOTS etc. CodeHelp

advantages of First Fit. d. Best Fit i.Allocate sm allest hole that is big enough. ii.Lesser internal fragmentation. iii. May create many small holes and cause major external fragmentation. iv. Slow, as required to iterate whole free holes list. e. Worst Fit i.Allocate the largest hole that is big enough. ii.Slow, as required to iterate whole free holes list. iii. Leaves larger holes that may accommodate other processes. CodeHelp

ii. iii. Advantages over fixed partitioning 1. No internal fragmentation 2. No limit o n size of process 3. Better degree of multi- programming iv. Limitation 1. External fragmentation CodeHelp LEC-25: Free Space Management 1. Defragmentation/Compaction a. Dynamic partitioning suffers from external fragmentation. b. Compaction to minimize the probability of external fragmentation . c. All the free partitions are made contiguous, and all the loaded partitions are brought together. d. By applying this technique, we can store the bigger processes in the memory. The free partitions are merged which can now be allocated according to the needs of new processes. This technique i s also called def ragmentation . e. The efficiency of the system is decreased in the case of compaction since all the free spaces will be transferred from several places to a single place. 2. How free space is stored/represented in OS? a. Free holes in the memory are represente d by a free list (Linked -List data structure). 3. How to satisfy a request of a of n size from a list of free holes? a. Various algorithms which are implemented by the Operating System in order to find out the holes in the linked list and allocate them to the pr ocesses. b. First Fit i.Allocate the first hole that is big enough. ii.Simple and easy to implement. iii. Fast/Less time complexity c. Next Fit i.Enhancement on First fit but starts search always from last allocated hole. ii.Same advantages of First Fit. d. Best Fit i.Allocate sm allest hole that is big enough. ii.Lesser internal fragmentation. iii. May create many small holes and cause major external fragmentation. iv.

Page Table i.A Data structure sto res which page is mapped to which frame . ii.The page table contains the base address of each page in the physical memory. f. Every address generated by CPU (logical address ) is divided into two parts: a page number (p) and a page offset (d ). The p is used as an index into a page table to get base address the corresponding frame in physical memory. g. Page table is stored in main memory at the time of process creation and its base address is stor ed in process control block ( PCB ). h. A page table base register (PTBR) is present in the system that points to the current page table . Changing page tables requires onl y this one register, at the time o f context -switching. 4. How Paging avoids external fragmentation? a. Non- contiguous allocation of the pages of the proce ss is allo wed in the random free frames of the physical memory. 5. Why paging is slow and how do we make it fast? a. There are too many memory references to access the desired location in physical memory. 6. Translation Look- aside buffer (TL B) a. A Hardware support to speed-up paging process. b. It’s a hardware cache , high speed memory. c. TBL has key and value. CodeHelp

is going to wait forever, hence very low starvation. [No convoy effect] f. Easy to implement. g. If TQ is small, more will be the context switch (more overhead). CodeHelp LEC-14: MLQ | MLFQ 1.Multi-level queue scheduling (MLQ)a.Ready queue is divided into multiple queues depending upon priority.b.A process is permanently assigned to one of the queues (inflexible) based on some property ofprocess, memory, size, process priority or process type.c.Each queue has its own scheduling algorithm. E.g., SP -> RR, IP -> RR & BP -> FCFS. d.System process: Created by OS (Highest priority)Interactive process (Foreground process): Needs user input (I/O).Batch process (Background process): Runs silently, no user input required.e.Scheduling among different sub-queues is implemented as fixed priority preemptivescheduling. E.g., foreground queue has absolute priority over background queue.f.If an interactive process comes & batch process is currently executing. Then, batch process willbe preempted.g.Problem: Only after completion of all the processes from the top-level ready queue, thefurther level ready queues will be scheduled.This came starvation for lower priority process.h.Convoy effect is present.2.Multi-level feedback queue scheduling (MLFQ)a.Multiple sub-queues are present.b.Allows the process to move between queues. The idea is to separate processes according tothe characteristics of their BT. If a process uses too much CPU time, it will be moved to lowerpriority queue. This scheme leaves I/O bound and interactive processes in the higher-priorityqueue.In addition, a process that waits too much in a lower-priority queue may be moved to a higher priority queue. This form of ageing prevents starvation. c.Less starvation then MLQ.d.It is flexible.e.Can be configured to match a specific system design requirement.Sample MLFQ design: CodeHelp

Generate the study guide JSON.
IMPORTANT: Only use the CONTEXT if it strictly belongs to the SUBJECT (None). If the context is about a different subject (e.g., Operating Systems), IGNORE the context entirely and use your general knowledge.

2026-06-23 19:38:37,152 - INFO - -------------------------------------------------------
2026-06-23 19:39:37,340 - ERROR - [PracticeEngine] Failed to parse learning content for topic 'Day 1: Advanced Data Structures & Algorithms – Graph Patterns': Expecting ',' delimiter: line 34 column 10 (char 6859)
2026-06-23 19:39:37,340 - ERROR - [PracticeEngine] Raw response: {
    "notes": [
        {
            "type": "heading",
            "text": "Advanced Graph Patterns – Structural Decomposition & Traversal Optimizations"
        },
        {
            "type": "paragraph",
            "text": "Graph algorithms at interview and system‑design level often rely on exploiting hidden structural properties of the input. The most powerful paradigm is *graph decomposition*: converting a complex graph into a collection of simpler components (e.g., treewidth‑bounded, 
2026-06-23 19:39:37,340 - INFO - CACHE MISS: topic='Day 1: Advanced Data Structures & Algorithms – Graph Patterns', subject='None'
2026-06-23 19:39:58,673 - ERROR - [PracticeEngine] Failed to parse learning content for topic 'Day 1: Advanced Data Structures & Algorithms – Graph Patterns': Expecting ',' delimiter: line 54 column 10 (char 7119)
2026-06-23 19:39:58,674 - ERROR - [PracticeEngine] Raw response: {
    "notes": [
        {
            "type": "heading",
            "text": "Advanced Graph Patterns for Complex Problem Solving"
        },
        {
            "type": "paragraph",
            "text": "Graph algorithms form the backbone of many high‑performance systems, from compilers to distributed consensus. This guide delves into the nuanced variants of classic patterns—spanning trees, connectivity, and flow—while exposing edge‑case pitfalls such as integer overflow in weight calculation
2026-06-23 19:39:58,674 - INFO - CACHE MISS: topic='Day 1: Advanced Data Structures & Algorithms – Graph Patterns', subject='roadmap-week-1'
2026-06-23 19:39:58,859 - ERROR - [PracticeEngine] Failed to parse learning content for topic 'Day 1: Advanced Data Structures & Algorithms – Graph Patterns': Expecting ',' delimiter: line 44 column 10 (char 7173)
2026-06-23 19:39:58,859 - ERROR - [PracticeEngine] Raw response: {
    "notes": [
        {
            "type": "heading",
            "text": "Advanced Graph Patterns for Complex Problem Solving"
        },
        {
            "type": "paragraph",
            "text": "Graph algorithms form the backbone of many high‑performance systems, from route planning in large‑scale road networks to dependency analysis in build systems. Mastery requires understanding not only classic traversals but also the subtle invariants that enable sub‑linear query times, amortize
2026-06-23 19:39:58,860 - INFO - CACHE MISS: topic='Day 1: Advanced Data Structures & Algorithms – Graph Patterns', subject='None'
2026-06-23 19:40:03,637 - INFO - [PracticeEngine] Returning cached topics hierarchy for student 3
2026-06-23 19:40:03,637 - INFO - [PracticeEngine] Returning cached topics hierarchy for student 3
2026-06-23 19:40:04,104 - INFO - --- LLM PROMPT (Subject: roadmap-week-1, Topic: DFS/BFS on weighted graphs) ---
2026-06-23 19:40:04,105 - INFO - SYSTEM PROMPT:
You are teaching a first-year B.Tech CSE student.
Given the topic and context, generate a highly rigorous and extremely detailed technical study guide using ONLY valid JSON.

Your output must follow this strict JSON format:
{
    "notes": [
        {"type": "heading", "text": "Advanced Concept / Deep Dive"},
        {"type": "paragraph", "text": "In-depth technical explanation, covering edge cases, under-the-hood workings, and performance implications..."},
        {"type": "highlight", "variant": "constructive", "title": "Interview Pro-Tip", "text": "Crucial detail often asked in interviews..."},
        {"type": "code_block", "language": "python", "title": "Complex Implementation", "code": "def complex_algo(): pass"},
        {"type": "note", "text": "Advanced side note or historical context"}
    ],
    "revision": {
        "title": "Interview Cheat Sheet",
        "points": [
            {"id": 1, "text": "Advanced point 1"},
            {"id": 2, "text": "Advanced point 2"}
        ]
    }
}

RULES:
- `notes` array must use types: 'heading', 'paragraph', 'highlight' (variant: 'constructive' or 'destructive'), 'code_block' (include 'language', 'title', 'code'), or 'note'.
- The content MUST be highly rigorous and technically deep. Include complex edge cases, advanced theory, real-world system design implications, and interview-level insights. 
- NEVER generate basic, high-level, or "kidish" overviews. Assume the reader is preparing for a Senior or top-tier placement.
- Generate content ONLY within the context of the provided subject. Do not include concepts from other subjects. For example, if the topic is "Control Flow" and the subject is "Programming Fundamentals", focus on programming logic (if/else, loops) and DO NOT discuss Operating Systems concepts like semaphores or mutexes.
- `revision` should have 3-5 hard-hitting, concise bullet points.
- Do not use markdown fencing (e.g. ```json). Just return the raw JSON object.

2026-06-23 19:40:04,105 - INFO - USER PROMPT:
SUBJECT:
roadmap-week-1

TOPIC:
DFS/BFS on weighted graphs

CONTEXT:
Subject / Context: roadmap-week-1
is going to wait forever, hence very low starvation. [No convoy effect] f. Easy to implement. g. If TQ is small, more will be the context switch (more overhead). CodeHelp LEC-14: MLQ | MLFQ 1.Multi-level queue scheduling (MLQ)a.Ready queue is divided into multiple queues depending upon priority.b.A process is permanently assigned to one of the queues (inflexible) based on some property ofprocess, memory, size, process priority or process type.c.Each queue has its own scheduling algorithm. E.g., SP -> RR, IP -> RR & BP -> FCFS. d.System process: Created by OS (Highest priority)Interactive process (Foreground process): Needs user input (I/O).Batch process (Background process): Runs silently, no user input required.e.Scheduling among different sub-queues is implemented as fixed priority preemptivescheduling. E.g., foreground queue has absolute priority over background queue.f.If an interactive process comes & batch process is currently executing. Then, batch process willbe preempted.g.Problem: Only after completion of all the processes from the top-level ready queue, thefurther level ready queues will be scheduled.This came starvation for lower priority process.h.Convoy effect is present.2.Multi-level feedback queue scheduling (MLFQ)a.Multiple sub-queues are present.b.Allows the process to move between queues. The idea is to separate processes according tothe characteristics of their BT. If a process uses too much CPU time, it will be moved to lowerpriority queue. This scheme leaves I/O bound and interactive processes in the higher-priorityqueue.In addition, a process that waits too much in a lower-priority queue may be moved to a higher priority queue. This form of ageing prevents starvation. c.Less starvation then MLQ.d.It is flexible.e.Can be configured to match a specific system design requirement.Sample MLFQ design: CodeHelp

moved to a higher priority queue. This form of ageing prevents starvation. c.Less starvation then MLQ.d.It is flexible.e.Can be configured to match a specific system design requirement.Sample MLFQ design: CodeHelp 3.Comparison:FCFS SJF PSJF Priority P-Priority RR MLQ MLFQ Design Simple Complex Complex Complex Complex Simple Complex Complex Preemption No No Yes No Yes Yes Yes Yes Convoy effect Yes Yes No Yes Yes No Yes Yes Overhead No No Yes No Yes Yes Yes Yes CodeHelpµ⑧

for both preemptive and non -preemptive version) i.Solution: Ageing is the solution. ii.Gradually increase priority of process that wait so long. E.g., increase priority by 1 every 15 minutes. 5. Round r obin scheduling (RR) a. Most popular b. Like FCFS but preemptive. c. Designed for time sharing systems. d. Criteria: AT + time quantum (TQ ), Doesn’t depend on BT. e. No process is going to wait forever, hence very low starvation. [No convoy effect] f. Easy to implement. g. If TQ is small, more will be the context switch (more overhead). CodeHelp

1. In the case of LRU and optimal page replacement algorithms, it is seen that the number of page faults will be reduced if we increase the number of frames. Ho wever, Balady found that, In FIFO page replacement algorithm, the number of page faults will get increased with the increment in number offrames. 2. This is the strange behavior shown by FIFO algorithm in some of the cases. b. Optimal page replacement i.Find if a page that is never referenced in future. If such a page exists, replace this page with new page.If no such page exists, find a page that is referenced farthest in future . Replace this page with new page. ii.Lowest page fault rate among any algorithm. iii. Difficult to implement as OS requires future knowledge of reference string which is kind of impossible. (Similar to SJF scheduling) c. Least-r ecently used (LRU) i.We can use recent past as an approximation of the near future then we can replace the page that has not been used fo r the longest period. ii.Can be implemented by two ways 1. Counters a. Associate time fi eld with each page table entry. b. Replace the page with smallest time value. 2. Stack a. Keep a stack of page number. b. Whenever page is referenced, it i s removed from the stack & put on the top. c. By this, most recently used is always on the top, & least recently used is always o n the bottom. d. As entri es mi ght be removed from the middle of the stack, so Doubly linked list can be used. d.

all processes, then the state of the system is called unsafe. f. Scheduling algorithm using which DL can be avoided by finding safe state. (Banker Algorithm) 2. Banker Algorithm a. When a process requests a set of resources, the system must determine whether allocating these resources will leave the system in a safe state. If yes, then the resources may beallocated to the process. If not, then the process must wait till other processes release enough resources. 3. Deadlock Detection: Systems haven’t implemented deadlock-prevention or a deadlock avoidance technique, then they may employ DL detection then, recovery technique. a. Single Instance of Each resource type (wait-for graph method) i. A deadlock exists in the system if and only if there is a cycle in the wait-for graph. In order to detect the deadlock, the system needs to maintain the wait-for graph and periodically system invokes an algorithm that searches for the cycle in the wait-for graph. b. Multiple instances for each resource type i. Banker Algorithm 4. Recovery from Deadlock a. Process termination i. Abort all DL processes ii. Abort one process at a time until DL cycle is eliminated. b. Resource preemption i. To eliminate DL, we successively preempt some resources from processes and give these resources to other processes until DL cycle is broken. CodeHelp

advantages of First Fit. d. Best Fit i.Allocate sm allest hole that is big enough. ii.Lesser internal fragmentation. iii. May create many small holes and cause major external fragmentation. iv. Slow, as required to iterate whole free holes list. e. Worst Fit i.Allocate the largest hole that is big enough. ii.Slow, as required to iterate whole free holes list. iii. Leaves larger holes that may accommodate other processes. CodeHelp

many processes, who need to use a resource for a short time, are blocked by one process holding that resource for a long time. i.This cause poor resource management. CodeHelp LEC-13: CPU Scheduling | SJF | Priority | RR 1. Shortest Job First (SJF) [Non- preemptive] a. Process with least BT will be dispatched to CPU first. b. Must do estimation for BT for each process in ready queue beforehand, Correct estimation of BT is an impossible task (ideally.) c. Run lowest time process for all time then, choose job having lowest BT at that instance. d. This will suffer from convoy effect as if the very first process which came is Ready state is having a large BT. e. Process starvation might happen. f. Criteria for SJF algos, AT + BT. 2. SJF [Preemptive] a. Less starvation.b. No convoy effect. c. Gives average WT less for a given set of processes as scheduling short job before a long one decreases the WT of short job more than it increases the WT of the long process. 3. Pri ority Scheduling [Non- preemptive] a. Priority is assigned to a process when it is created. b. SJF is a special case of general priority scheduling with priority inversely proportional to BT. 4. Priority Scheduling [Preemptive] a. Current RUN state job will be preempted if next job has higher priority. b. May cause indefinite waiting (Starvation) for lower priority jobs. (Possibility is they won’t get executed ever). (Tru e for both preemptive and non -preemptive version) i.Solution: Ageing is the solution. ii.Gradually increase priority of process that wait so long. E.g., increase priority by 1 every 15 minutes. 5.

on the argument that the page with the smallest count was probably just brought in and has yet to be used. iii. Neither MFU nor LFU replacement is common. CodeHelp LEC-30: Thrashing 1. Thrashing a. If the process doesn’t have the number o f frames it needs to support pages in active use, it will quickl y page-f ault. At this point, it must replace some page. However, since all its pages are in active use, it must replace a page that will be needed again right away. Consequently, it quickly faults again, and again, and again, replacing pages that it must bring back in immediately. b. Thi s high paging activity is called Thrashing. c. A system is Thrashing when it spends more time servicing the page faults than executing processes. d. Technique to Handle Thrashing i.Working set model 1. This model is based on the concept of the Locality Model. 2. The basic principle states that if we allocate enough frames to a process to accommodate its current locality, it will only fault whenever it moves to some new locality. But if the allocated frames are lesser than the size of the current locality, the process is bound to thrash. ii.Page Fault frequency 1. Thrashing has a high page- fault rate. 2. We want to control the page -fault rate. 3. When it is too high, the process needs more frames. Conversely, if the page-fault rate is too low, then the process may have to o many frames. 4. We establish upper and lower bounds on the desired page fault rate. 5. If pf- rate exceeds the upper limit, allocate the process another frame, if pf -rate fails falls below the lower limit, remove a frame from the process. 6. By controlling pf -rate, thrashing can be prevented. CodeHelp

Generate the study guide JSON.
IMPORTANT: Only use the CONTEXT if it strictly belongs to the SUBJECT (roadmap-week-1). If the context is about a different subject (e.g., Operating Systems), IGNORE the context entirely and use your general knowledge.

2026-06-23 19:40:04,105 - INFO - -------------------------------------------------------
2026-06-23 19:40:05,204 - INFO - [PracticeEngine] Returning cached topics hierarchy for student 3
2026-06-23 19:40:05,287 - INFO - [PracticeEngine] Returning cached topics hierarchy for student 3
2026-06-23 19:40:05,684 - INFO - --- LLM PROMPT (Subject: roadmap-week-1, Topic: Day 1: Advanced Data Structures & Algorithms – Graph Patterns) ---
2026-06-23 19:40:05,684 - INFO - SYSTEM PROMPT:
You are teaching a first-year B.Tech CSE student.
Given the topic and context, generate a highly rigorous and extremely detailed technical study guide using ONLY valid JSON.

Your output must follow this strict JSON format:
{
    "notes": [
        {"type": "heading", "text": "Advanced Concept / Deep Dive"},
        {"type": "paragraph", "text": "In-depth technical explanation, covering edge cases, under-the-hood workings, and performance implications..."},
        {"type": "highlight", "variant": "constructive", "title": "Interview Pro-Tip", "text": "Crucial detail often asked in interviews..."},
        {"type": "code_block", "language": "python", "title": "Complex Implementation", "code": "def complex_algo(): pass"},
        {"type": "note", "text": "Advanced side note or historical context"}
    ],
    "revision": {
        "title": "Interview Cheat Sheet",
        "points": [
            {"id": 1, "text": "Advanced point 1"},
            {"id": 2, "text": "Advanced point 2"}
        ]
    }
}

RULES:
- `notes` array must use types: 'heading', 'paragraph', 'highlight' (variant: 'constructive' or 'destructive'), 'code_block' (include 'language', 'title', 'code'), or 'note'.
- The content MUST be highly rigorous and technically deep. Include complex edge cases, advanced theory, real-world system design implications, and interview-level insights. 
- NEVER generate basic, high-level, or "kidish" overviews. Assume the reader is preparing for a Senior or top-tier placement.
- Generate content ONLY within the context of the provided subject. Do not include concepts from other subjects. For example, if the topic is "Control Flow" and the subject is "Programming Fundamentals", focus on programming logic (if/else, loops) and DO NOT discuss Operating Systems concepts like semaphores or mutexes.
- `revision` should have 3-5 hard-hitting, concise bullet points.
- Do not use markdown fencing (e.g. ```json). Just return the raw JSON object.

2026-06-23 19:40:05,684 - INFO - USER PROMPT:
SUBJECT:
roadmap-week-1

TOPIC:
Day 1: Advanced Data Structures & Algorithms – Graph Patterns

CONTEXT:
Subject / Context: roadmap-week-1
contains t he same type of functions such as the main function can be included in one segment and the library functions can be included in the other segment. 9. .Advantages : a. No internal fragmentation. b. One segment has a contiguous allocation , hence efficient working within segment. c. The size o f segment table is gen erally less than the size of page table. d. It results in a more efficient system because the compiler keeps the same type of functions in one segment. 11. Disadvantages: a. External fragmentation. b. The d ifferent size of segment is not goo d that the time of swapping. 12. Modern System architecture provides both segmentation and paging implemented in some hybrid approach. CodeHelp

a singl e computer. -Increases reliability, 1 CPU fails, othercan work -Better throughput. -Lesser process starvation, (if 1 CPU isworking on some process, other can beexecuted on other CPU. CodeHelp Distri bute d OS, RTOS -OS manages many b unches of resources, >=1 CPUs, >=1 memory, >=1 GPUs, etc -Loosely connected autonomous, inter connected computer node s. -collection of independent, networked, communicating, and physically separate computational nodes. -Real time error free, c omputations within tight-time boundaries. -Air Traffic control system, ROBOTS etc. CodeHelp

is going to wait forever, hence very low starvation. [No convoy effect] f. Easy to implement. g. If TQ is small, more will be the context switch (more overhead). CodeHelp LEC-14: MLQ | MLFQ 1.Multi-level queue scheduling (MLQ)a.Ready queue is divided into multiple queues depending upon priority.b.A process is permanently assigned to one of the queues (inflexible) based on some property ofprocess, memory, size, process priority or process type.c.Each queue has its own scheduling algorithm. E.g., SP -> RR, IP -> RR & BP -> FCFS. d.System process: Created by OS (Highest priority)Interactive process (Foreground process): Needs user input (I/O).Batch process (Background process): Runs silently, no user input required.e.Scheduling among different sub-queues is implemented as fixed priority preemptivescheduling. E.g., foreground queue has absolute priority over background queue.f.If an interactive process comes & batch process is currently executing. Then, batch process willbe preempted.g.Problem: Only after completion of all the processes from the top-level ready queue, thefurther level ready queues will be scheduled.This came starvation for lower priority process.h.Convoy effect is present.2.Multi-level feedback queue scheduling (MLFQ)a.Multiple sub-queues are present.b.Allows the process to move between queues. The idea is to separate processes according tothe characteristics of their BT. If a process uses too much CPU time, it will be moved to lowerpriority queue. This scheme leaves I/O bound and interactive processes in the higher-priorityqueue.In addition, a process that waits too much in a lower-priority queue may be moved to a higher priority queue. This form of ageing prevents starvation. c.Less starvation then MLQ.d.It is flexible.e.Can be configured to match a specific system design requirement.Sample MLFQ design: CodeHelp

1. In the case of LRU and optimal page replacement algorithms, it is seen that the number of page faults will be reduced if we increase the number of frames. Ho wever, Balady found that, In FIFO page replacement algorithm, the number of page faults will get increased with the increment in number offrames. 2. This is the strange behavior shown by FIFO algorithm in some of the cases. b. Optimal page replacement i.Find if a page that is never referenced in future. If such a page exists, replace this page with new page.If no such page exists, find a page that is referenced farthest in future . Replace this page with new page. ii.Lowest page fault rate among any algorithm. iii. Difficult to implement as OS requires future knowledge of reference string which is kind of impossible. (Similar to SJF scheduling) c. Least-r ecently used (LRU) i.We can use recent past as an approximation of the near future then we can replace the page that has not been used fo r the longest period. ii.Can be implemented by two ways 1. Counters a. Associate time fi eld with each page table entry. b. Replace the page with smallest time value. 2. Stack a. Keep a stack of page number. b. Whenever page is referenced, it i s removed from the stack & put on the top. c. By this, most recently used is always on the top, & least recently used is always o n the bottom. d. As entri es mi ght be removed from the middle of the stack, so Doubly linked list can be used. d.

all processes, then the state of the system is called unsafe. f. Scheduling algorithm using which DL can be avoided by finding safe state. (Banker Algorithm) 2. Banker Algorithm a. When a process requests a set of resources, the system must determine whether allocating these resources will leave the system in a safe state. If yes, then the resources may beallocated to the process. If not, then the process must wait till other processes release enough resources. 3. Deadlock Detection: Systems haven’t implemented deadlock-prevention or a deadlock avoidance technique, then they may employ DL detection then, recovery technique. a. Single Instance of Each resource type (wait-for graph method) i. A deadlock exists in the system if and only if there is a cycle in the wait-for graph. In order to detect the deadlock, the system needs to maintain the wait-for graph and periodically system invokes an algorithm that searches for the cycle in the wait-for graph. b. Multiple instances for each resource type i. Banker Algorithm 4. Recovery from Deadlock a. Process termination i. Abort all DL processes ii. Abort one process at a time until DL cycle is eliminated. b. Resource preemption i. To eliminate DL, we successively preempt some resources from processes and give these resources to other processes until DL cycle is broken. CodeHelp

moved to a higher priority queue. This form of ageing prevents starvation. c.Less starvation then MLQ.d.It is flexible.e.Can be configured to match a specific system design requirement.Sample MLFQ design: CodeHelp 3.Comparison:FCFS SJF PSJF Priority P-Priority RR MLQ MLFQ Design Simple Complex Complex Complex Complex Simple Complex Complex Preemption No No Yes No Yes Yes Yes Yes Convoy effect Yes Yes No Yes Yes No Yes Yes Overhead No No Yes No Yes Yes Yes Yes CodeHelpµ⑧

for cultural events with over 500 attendees. Social Media Lead Event Manager, Incognito, Kernel, Fit India Clubs •Managed promotions and digital strategies across three clubs, boosting student engagement by 25%.

for both preemptive and non -preemptive version) i.Solution: Ageing is the solution. ii.Gradually increase priority of process that wait so long. E.g., increase priority by 1 every 15 minutes. 5. Round r obin scheduling (RR) a. Most popular b. Like FCFS but preemptive. c. Designed for time sharing systems. d. Criteria: AT + time quantum (TQ ), Doesn’t depend on BT. e. No process is going to wait forever, hence very low starvation. [No convoy effect] f. Easy to implement. g. If TQ is small, more will be the context switch (more overhead). CodeHelp

Generate the study guide JSON.
IMPORTANT: Only use the CONTEXT if it strictly belongs to the SUBJECT (roadmap-week-1). If the context is about a different subject (e.g., Operating Systems), IGNORE the context entirely and use your general knowledge.

2026-06-23 19:40:05,684 - INFO - -------------------------------------------------------
2026-06-23 19:40:57,196 - INFO - CACHE MISS: topic='DFS/BFS on weighted graphs', subject='roadmap-week-1'
2026-06-23 19:41:03,249 - INFO - CACHE MISS: topic='Day 1: Advanced Data Structures & Algorithms – Graph Patterns', subject='roadmap-week-1'
2026-06-23 19:45:00,778 - ERROR - [PracticeEngine] Failed to save topics cache to disk: [Errno 13] Permission denied: '/home/galaxy/Desktop/Student_System/Backend/services/topics_cache.json'
2026-06-23 19:45:00,783 - INFO - CACHE HIT (Fast Return): topic='Day 1: Advanced Data Structures & Algorithms – Graph Patterns', subject='roadmap-week-1'
2026-06-23 19:45:10,266 - ERROR - [PracticeEngine] Failed to save topics cache to disk: [Errno 13] Permission denied: '/home/galaxy/Desktop/Student_System/Backend/services/topics_cache.json'
2026-06-23 19:45:10,273 - INFO - [PracticeEngine] Returning cached topics hierarchy for student 3
2026-06-23 19:45:10,286 - INFO - [PracticeEngine] Returning cached topics hierarchy for student 3
2026-06-23 19:45:10,291 - INFO - CACHE HIT (Fast Return): topic='Database System Concepts', subject='None'
2026-06-23 19:45:10,386 - INFO - [PracticeEngine] Returning cached topics hierarchy for student 3
2026-06-23 19:45:10,390 - INFO - CACHE HIT (Fast Return): topic='Day 1: Advanced Data Structures & Algorithms – Graph Patterns', subject='roadmap-week-1'
2026-06-23 19:45:10,394 - INFO - [PracticeEngine] Returning cached topics hierarchy for student 3
2026-06-23 19:45:10,396 - INFO - CACHE HIT (Fast Return): topic='Database System Concepts', subject='None'
2026-06-23 19:46:48,949 - INFO - [PracticeEngine] Returning cached topics hierarchy for student 3
2026-06-23 19:46:49,028 - INFO - [PracticeEngine] Returning cached topics hierarchy for student 3
2026-06-23 19:46:49,228 - INFO - [PracticeEngine] Returning cached topics hierarchy for student 3
2026-06-23 19:46:49,260 - INFO - --- LLM PROMPT (Subject: None, Topic: Day 1: Advanced Data Structures for Interviews) ---
2026-06-23 19:46:49,261 - INFO - SYSTEM PROMPT:
You are teaching a first-year B.Tech CSE student.
Given the topic and context, generate a concise and high-yield technical study guide using ONLY valid JSON. Keep it punchy and fast to read.

Your output must follow this strict JSON format:
{
    "notes": [
        {"type": "heading", "text": "Advanced Concept / Deep Dive"},
        {"type": "paragraph", "text": "In-depth technical explanation, covering edge cases, under-the-hood workings, and performance implications..."},
        {"type": "highlight", "variant": "constructive", "title": "Interview Pro-Tip", "text": "Crucial detail often asked in interviews..."},
        {"type": "code_block", "language": "python", "title": "Complex Implementation", "code": "def complex_algo(): pass"},
        {"type": "note", "text": "Advanced side note or historical context"}
    ],
    "revision": {
        "title": "Interview Cheat Sheet",
        "points": [
            {"id": 1, "text": "Advanced point 1"},
            {"id": 2, "text": "Advanced point 2"}
        ]
    }
}

RULES:
- `notes` array must use types: 'heading', 'paragraph', 'highlight' (variant: 'constructive' or 'destructive'), 'code_block' (include 'language', 'title', 'code'), or 'note'.
- The content MUST be technically deep but CONCISE. Limit the entire `notes` array to EXACTLY 4 highly-impactful sections. Do NOT generate long walls of text.
- NEVER generate basic, high-level, or "kidish" overviews. Assume the reader is preparing for a Senior or top-tier placement.
- Generate content ONLY within the context of the provided subject.
- `revision` should have exactly 3 hard-hitting, concise bullet points.
- Do not use markdown fencing (e.g. ```json). Just return the raw JSON object.

2026-06-23 19:46:49,261 - INFO - USER PROMPT:
SUBJECT:
None

TOPIC:
Day 1: Advanced Data Structures for Interviews

CONTEXT:
Subject / Context: General Computer Science
KESHAV GUPTA (+91) 9625122267 keshavg2539@gmail.com linkedin.com/in/keshav-gupta2539 github.com/keshavg125 EDUCATION Indian Institute of Information Technology, Kota 2022 – 2026 Bachelor of Technology in Electronics and Communication Engineering [ECE] WORK EXPERIENCE AI ML Intern – Edunet Foundation (Microsoft-AICTE Program) Apr 2025 – May 2025 •Engineered an end-to-end NLP application by designing a data pipeline for text extraction, preprocessing, and performing sentiment analysis using Hugging Face transformer models. •Conducted statistical analysis on chat logs, performing data modeling to identify key engagement drivers and visualize communication patterns for stakeholder review via a Streamlit dashboard. PROJECTS Whisper-Small Fine-Tuning for Hindi ASR (Deep Learning) •Improved ASR accuracy by 50.1% (reducing WER to 42.01%) by designing a complete ETL pipeline and fine-tuning the ‘openai/whisper-small‘ model on a custom Hindi dataset. •Accelerated model training and inference on GPU hardware using Hugging Face ‘transformers‘ and mixed-precision (FP16), preparing the model for production-level deployment. Customer Churn Prediction (Predictive Modeling) •Developed a predictive modeling framework that achieved 79% accuracy and 64% recall , providing a reliable tool for identifying at-risk customers from a large-scale Telco dataset. •Executed comprehensive feature engineering and selection, then applied SMOTE to rectify significant class imbalance, boosting model performance for business intelligence applications. •Optimized machine learning models (XGBoost, LightGBM) using hyperparameter tuning (GridSearchCV) and validated model performance using a suite of metrics including ROC/AUC curves.

for cultural events with over 500 attendees. Social Media Lead Event Manager, Incognito, Kernel, Fit India Clubs •Managed promotions and digital strategies across three clubs, boosting student engagement by 25%.

imbalance, boosting model performance for business intelligence applications. •Optimized machine learning models (XGBoost, LightGBM) using hyperparameter tuning (GridSearchCV) and validated model performance using a suite of metrics including ROC/AUC curves. Twitter Sentiment Analysis (Natural Language Processing) •Made a Transformer-based deep learning model for large-scale text classification, achieving 81.37% test accuracy on a 1.6M tweet dataset. •Implemented regularization techniques including early stopping and learning rate scheduling to mitigate overfitting and improve model generalization on unseen data. •Performed statistical analysis and model comparison between RNN (LSTM) and Transformer architectures to inform model selection for large-scale NLP tasks. TECHNICAL SKILLS Languages & Databases: Python, C++, C, SQL, JavaScript, HTML/CSS ML Libraries Frameworks: Scikit-learn, TensorFlow, PyTorch, Pandas, NumPy, Matplotlib, Seaborn, OpenCV, Stream- lit, LightGBM, XGBoost, Hugging Face Transformers Tools, Platforms & Cloud: Git, GitHub, Docker, CI/CD, Azure, AWS (S3, EC2), Google Colab, Jupyter Notebook, REST APIs ML Concepts: Data Science, Data Analysis, Data Visualization, ETL Pipelines, Predictive Modeling, NLP, ASR, Com- puter Vision, Generative AI, Supervised Unsupervised Learning, Classification, Regression, Statistical Analysis, Feature Engineering, Hyperparameter Tuning, Model Evaluation Validation CERTIFICATIONS •Machine Learning Specialization by Andrew Ng - Coursera •Generative AI Prompt Engineering (24+ hours) - Udemy LEADERSHIP EXTRACURRICULAR Logistics Secretary, CACS Creative Arts and Cultural Society, IIIT Kota •Led a 30-member team to manage logistics and operations for cultural events with over 500 attendees. Social Media Lead Event Manager, Incognito, Kernel, Fit India Clubs •Managed promotions and digital strategies across three clubs, boosting student engagement by 25%.

contains t he same type of functions such as the main function can be included in one segment and the library functions can be included in the other segment. 9. .Advantages : a. No internal fragmentation. b. One segment has a contiguous allocation , hence efficient working within segment. c. The size o f segment table is gen erally less than the size of page table. d. It results in a more efficient system because the compiler keeps the same type of functions in one segment. 11. Disadvantages: a. External fragmentation. b. The d ifferent size of segment is not goo d that the time of swapping. 12. Modern System architecture provides both segmentation and paging implemented in some hybrid approach. CodeHelp

advantages of First Fit. d. Best Fit i.Allocate sm allest hole that is big enough. ii.Lesser internal fragmentation. iii. May create many small holes and cause major external fragmentation. iv. Slow, as required to iterate whole free holes list. e. Worst Fit i.Allocate the largest hole that is big enough. ii.Slow, as required to iterate whole free holes list. iii. Leaves larger holes that may accommodate other processes. CodeHelp

a singl e computer. -Increases reliability, 1 CPU fails, othercan work -Better throughput. -Lesser process starvation, (if 1 CPU isworking on some process, other can beexecuted on other CPU. CodeHelp Distri bute d OS, RTOS -OS manages many b unches of resources, >=1 CPUs, >=1 memory, >=1 GPUs, etc -Loosely connected autonomous, inter connected computer node s. -collection of independent, networked, communicating, and physically separate computational nodes. -Real time error free, c omputations within tight-time boundaries. -Air Traffic control system, ROBOTS etc. CodeHelp

Complex Preemption No No Yes No Yes Yes Yes Yes Convoy effect Yes Yes No Yes Yes No Yes Yes Overhead No No Yes No Yes Yes Yes Yes CodeHelpµ⑧ LEC- 15: Introduction to Co ncurrency 1. Concurrency is the execution of the multiple instruction sequences at the same time. It happens in the operating system when there are several process threads running in parallel. 2. Thread: • Single sequence stream within a process. • An independent path of execution in a process. • Light-weight process. • Used to achieve parallelism by dividing a process’s tasks which are independent path of execution. • E.g., Multiple tabs in a browser, text editor (When you are typing in an editor, spellchecking, formatting of text and saving the text are done concurrently by multiple threads.) 3. Thread Scheduling: Threads are scheduled for execution based on their priority. Even though threads are executing within the runtime, all threads are assigned processor time slices by the operating system. 4. Threads context switching • OS saves current state of thread & switches to another thread of same process. • Doesn’t includes switching of memory address space. (But Program counter, registers & stack are included.) • Fast switching as compared to process switching • CPU’s cache state is preserved. 5. How each thread get access to the CPU? • Each thread has its own program counter. • Depending upon the thread scheduling algorithm, OS schedule these threads. • OS will fetch instructions corresponding to PC of that thread and execute instruction. 6.

1. In the case of LRU and optimal page replacement algorithms, it is seen that the number of page faults will be reduced if we increase the number of frames. Ho wever, Balady found that, In FIFO page replacement algorithm, the number of page faults will get increased with the increment in number offrames. 2. This is the strange behavior shown by FIFO algorithm in some of the cases. b. Optimal page replacement i.Find if a page that is never referenced in future. If such a page exists, replace this page with new page.If no such page exists, find a page that is referenced farthest in future . Replace this page with new page. ii.Lowest page fault rate among any algorithm. iii. Difficult to implement as OS requires future knowledge of reference string which is kind of impossible. (Similar to SJF scheduling) c. Least-r ecently used (LRU) i.We can use recent past as an approximation of the near future then we can replace the page that has not been used fo r the longest period. ii.Can be implemented by two ways 1. Counters a. Associate time fi eld with each page table entry. b. Replace the page with smallest time value. 2. Stack a. Keep a stack of page number. b. Whenever page is referenced, it i s removed from the stack & put on the top. c. By this, most recently used is always on the top, & least recently used is always o n the bottom. d. As entri es mi ght be removed from the middle of the stack, so Doubly linked list can be used. d.

Generate the study guide JSON.
IMPORTANT: Only use the CONTEXT if it strictly belongs to the SUBJECT (None). If the context is about a different subject (e.g., Operating Systems), IGNORE the context entirely and use your general knowledge.

2026-06-23 19:46:49,262 - INFO - -------------------------------------------------------
2026-06-23 19:46:49,313 - INFO - [PracticeEngine] Returning cached topics hierarchy for student 3
2026-06-23 19:46:53,595 - INFO - [PracticeEngine] Returning cached topics hierarchy for student 3
2026-06-23 19:46:53,951 - INFO - --- LLM PROMPT (Subject: roadmap-week-1, Topic: Day 1: Advanced Data Structures for Interviews) ---
2026-06-23 19:46:53,951 - INFO - SYSTEM PROMPT:
You are teaching a first-year B.Tech CSE student.
Given the topic and context, generate a concise and high-yield technical study guide using ONLY valid JSON. Keep it punchy and fast to read.

Your output must follow this strict JSON format:
{
    "notes": [
        {"type": "heading", "text": "Advanced Concept / Deep Dive"},
        {"type": "paragraph", "text": "In-depth technical explanation, covering edge cases, under-the-hood workings, and performance implications..."},
        {"type": "highlight", "variant": "constructive", "title": "Interview Pro-Tip", "text": "Crucial detail often asked in interviews..."},
        {"type": "code_block", "language": "python", "title": "Complex Implementation", "code": "def complex_algo(): pass"},
        {"type": "note", "text": "Advanced side note or historical context"}
    ],
    "revision": {
        "title": "Interview Cheat Sheet",
        "points": [
            {"id": 1, "text": "Advanced point 1"},
            {"id": 2, "text": "Advanced point 2"}
        ]
    }
}

RULES:
- `notes` array must use types: 'heading', 'paragraph', 'highlight' (variant: 'constructive' or 'destructive'), 'code_block' (include 'language', 'title', 'code'), or 'note'.
- The content MUST be technically deep but CONCISE. Limit the entire `notes` array to EXACTLY 4 highly-impactful sections. Do NOT generate long walls of text.
- NEVER generate basic, high-level, or "kidish" overviews. Assume the reader is preparing for a Senior or top-tier placement.
- Generate content ONLY within the context of the provided subject.
- `revision` should have exactly 3 hard-hitting, concise bullet points.
- Do not use markdown fencing (e.g. ```json). Just return the raw JSON object.

2026-06-23 19:46:53,951 - INFO - USER PROMPT:
SUBJECT:
roadmap-week-1

TOPIC:
Day 1: Advanced Data Structures for Interviews

CONTEXT:
Subject / Context: roadmap-week-1
KESHAV GUPTA (+91) 9625122267 keshavg2539@gmail.com linkedin.com/in/keshav-gupta2539 github.com/keshavg125 EDUCATION Indian Institute of Information Technology, Kota 2022 – 2026 Bachelor of Technology in Electronics and Communication Engineering [ECE] WORK EXPERIENCE AI ML Intern – Edunet Foundation (Microsoft-AICTE Program) Apr 2025 – May 2025 •Engineered an end-to-end NLP application by designing a data pipeline for text extraction, preprocessing, and performing sentiment analysis using Hugging Face transformer models. •Conducted statistical analysis on chat logs, performing data modeling to identify key engagement drivers and visualize communication patterns for stakeholder review via a Streamlit dashboard. PROJECTS Whisper-Small Fine-Tuning for Hindi ASR (Deep Learning) •Improved ASR accuracy by 50.1% (reducing WER to 42.01%) by designing a complete ETL pipeline and fine-tuning the ‘openai/whisper-small‘ model on a custom Hindi dataset. •Accelerated model training and inference on GPU hardware using Hugging Face ‘transformers‘ and mixed-precision (FP16), preparing the model for production-level deployment. Customer Churn Prediction (Predictive Modeling) •Developed a predictive modeling framework that achieved 79% accuracy and 64% recall , providing a reliable tool for identifying at-risk customers from a large-scale Telco dataset. •Executed comprehensive feature engineering and selection, then applied SMOTE to rectify significant class imbalance, boosting model performance for business intelligence applications. •Optimized machine learning models (XGBoost, LightGBM) using hyperparameter tuning (GridSearchCV) and validated model performance using a suite of metrics including ROC/AUC curves.

imbalance, boosting model performance for business intelligence applications. •Optimized machine learning models (XGBoost, LightGBM) using hyperparameter tuning (GridSearchCV) and validated model performance using a suite of metrics including ROC/AUC curves. Twitter Sentiment Analysis (Natural Language Processing) •Made a Transformer-based deep learning model for large-scale text classification, achieving 81.37% test accuracy on a 1.6M tweet dataset. •Implemented regularization techniques including early stopping and learning rate scheduling to mitigate overfitting and improve model generalization on unseen data. •Performed statistical analysis and model comparison between RNN (LSTM) and Transformer architectures to inform model selection for large-scale NLP tasks. TECHNICAL SKILLS Languages & Databases: Python, C++, C, SQL, JavaScript, HTML/CSS ML Libraries Frameworks: Scikit-learn, TensorFlow, PyTorch, Pandas, NumPy, Matplotlib, Seaborn, OpenCV, Stream- lit, LightGBM, XGBoost, Hugging Face Transformers Tools, Platforms & Cloud: Git, GitHub, Docker, CI/CD, Azure, AWS (S3, EC2), Google Colab, Jupyter Notebook, REST APIs ML Concepts: Data Science, Data Analysis, Data Visualization, ETL Pipelines, Predictive Modeling, NLP, ASR, Com- puter Vision, Generative AI, Supervised Unsupervised Learning, Classification, Regression, Statistical Analysis, Feature Engineering, Hyperparameter Tuning, Model Evaluation Validation CERTIFICATIONS •Machine Learning Specialization by Andrew Ng - Coursera •Generative AI Prompt Engineering (24+ hours) - Udemy LEADERSHIP EXTRACURRICULAR Logistics Secretary, CACS Creative Arts and Cultural Society, IIIT Kota •Led a 30-member team to manage logistics and operations for cultural events with over 500 attendees. Social Media Lead Event Manager, Incognito, Kernel, Fit India Clubs •Managed promotions and digital strategies across three clubs, boosting student engagement by 25%.

for cultural events with over 500 attendees. Social Media Lead Event Manager, Incognito, Kernel, Fit India Clubs •Managed promotions and digital strategies across three clubs, boosting student engagement by 25%.

Complex Preemption No No Yes No Yes Yes Yes Yes Convoy effect Yes Yes No Yes Yes No Yes Yes Overhead No No Yes No Yes Yes Yes Yes CodeHelpµ⑧ LEC- 15: Introduction to Co ncurrency 1. Concurrency is the execution of the multiple instruction sequences at the same time. It happens in the operating system when there are several process threads running in parallel. 2. Thread: • Single sequence stream within a process. • An independent path of execution in a process. • Light-weight process. • Used to achieve parallelism by dividing a process’s tasks which are independent path of execution. • E.g., Multiple tabs in a browser, text editor (When you are typing in an editor, spellchecking, formatting of text and saving the text are done concurrently by multiple threads.) 3. Thread Scheduling: Threads are scheduled for execution based on their priority. Even though threads are executing within the runtime, all threads are assigned processor time slices by the operating system. 4. Threads context switching • OS saves current state of thread & switches to another thread of same process. • Doesn’t includes switching of memory address space. (But Program counter, registers & stack are included.) • Fast switching as compared to process switching • CPU’s cache state is preserved. 5. How each thread get access to the CPU? • Each thread has its own program counter. • Depending upon the thread scheduling algorithm, OS schedule these threads. • OS will fetch instructions corresponding to PC of that thread and execute instruction. 6.

advantages of First Fit. d. Best Fit i.Allocate sm allest hole that is big enough. ii.Lesser internal fragmentation. iii. May create many small holes and cause major external fragmentation. iv. Slow, as required to iterate whole free holes list. e. Worst Fit i.Allocate the largest hole that is big enough. ii.Slow, as required to iterate whole free holes list. iii. Leaves larger holes that may accommodate other processes. CodeHelp

a singl e computer. -Increases reliability, 1 CPU fails, othercan work -Better throughput. -Lesser process starvation, (if 1 CPU isworking on some process, other can beexecuted on other CPU. CodeHelp Distri bute d OS, RTOS -OS manages many b unches of resources, >=1 CPUs, >=1 memory, >=1 GPUs, etc -Loosely connected autonomous, inter connected computer node s. -collection of independent, networked, communicating, and physically separate computational nodes. -Real time error free, c omputations within tight-time boundaries. -Air Traffic control system, ROBOTS etc. CodeHelp

moved to a higher priority queue. This form of ageing prevents starvation. c.Less starvation then MLQ.d.It is flexible.e.Can be configured to match a specific system design requirement.Sample MLFQ design: CodeHelp 3.Comparison:FCFS SJF PSJF Priority P-Priority RR MLQ MLFQ Design Simple Complex Complex Complex Complex Simple Complex Complex Preemption No No Yes No Yes Yes Yes Yes Convoy effect Yes Yes No Yes Yes No Yes Yes Overhead No No Yes No Yes Yes Yes Yes CodeHelpµ⑧

contains t he same type of functions such as the main function can be included in one segment and the library functions can be included in the other segment. 9. .Advantages : a. No internal fragmentation. b. One segment has a contiguous allocation , hence efficient working within segment. c. The size o f segment table is gen erally less than the size of page table. d. It results in a more efficient system because the compiler keeps the same type of functions in one segment. 11. Disadvantages: a. External fragmentation. b. The d ifferent size of segment is not goo d that the time of swapping. 12. Modern System architecture provides both segmentation and paging implemented in some hybrid approach. CodeHelp

Generate the study guide JSON.
IMPORTANT: Only use the CONTEXT if it strictly belongs to the SUBJECT (roadmap-week-1). If the context is about a different subject (e.g., Operating Systems), IGNORE the context entirely and use your general knowledge.

2026-06-23 19:46:53,951 - INFO - -------------------------------------------------------
2026-06-23 19:47:09,518 - INFO - --- LLM PROMPT (Subject: None, Topic: Day 1: Advanced Data Structures for Interviews) ---
2026-06-23 19:47:09,518 - INFO - SYSTEM PROMPT:
You are teaching a first-year B.Tech CSE student.
Given the topic and context, generate a concise and high-yield technical study guide using ONLY valid JSON. Keep it punchy and fast to read.

Your output must follow this strict JSON format:
{
    "notes": [
        {"type": "heading", "text": "Advanced Concept / Deep Dive"},
        {"type": "paragraph", "text": "In-depth technical explanation, covering edge cases, under-the-hood workings, and performance implications..."},
        {"type": "highlight", "variant": "constructive", "title": "Interview Pro-Tip", "text": "Crucial detail often asked in interviews..."},
        {"type": "code_block", "language": "python", "title": "Complex Implementation", "code": "def complex_algo(): pass"},
        {"type": "note", "text": "Advanced side note or historical context"}
    ],
    "revision": {
        "title": "Interview Cheat Sheet",
        "points": [
            {"id": 1, "text": "Advanced point 1"},
            {"id": 2, "text": "Advanced point 2"}
        ]
    }
}

RULES:
- `notes` array must use types: 'heading', 'paragraph', 'highlight' (variant: 'constructive' or 'destructive'), 'code_block' (include 'language', 'title', 'code'), or 'note'.
- The content MUST be technically deep but CONCISE. Limit the entire `notes` array to EXACTLY 4 highly-impactful sections. Do NOT generate long walls of text.
- NEVER generate basic, high-level, or "kidish" overviews. Assume the reader is preparing for a Senior or top-tier placement.
- Generate content ONLY within the context of the provided subject.
- `revision` should have exactly 3 hard-hitting, concise bullet points.
- Do not use markdown fencing (e.g. ```json). Just return the raw JSON object.

2026-06-23 19:47:09,518 - INFO - USER PROMPT:
SUBJECT:
None

TOPIC:
Day 1: Advanced Data Structures for Interviews

CONTEXT:
Subject / Context: General Computer Science
KESHAV GUPTA (+91) 9625122267 keshavg2539@gmail.com linkedin.com/in/keshav-gupta2539 github.com/keshavg125 EDUCATION Indian Institute of Information Technology, Kota 2022 – 2026 Bachelor of Technology in Electronics and Communication Engineering [ECE] WORK EXPERIENCE AI ML Intern – Edunet Foundation (Microsoft-AICTE Program) Apr 2025 – May 2025 •Engineered an end-to-end NLP application by designing a data pipeline for text extraction, preprocessing, and performing sentiment analysis using Hugging Face transformer models. •Conducted statistical analysis on chat logs, performing data modeling to identify key engagement drivers and visualize communication patterns for stakeholder review via a Streamlit dashboard. PROJECTS Whisper-Small Fine-Tuning for Hindi ASR (Deep Learning) •Improved ASR accuracy by 50.1% (reducing WER to 42.01%) by designing a complete ETL pipeline and fine-tuning the ‘openai/whisper-small‘ model on a custom Hindi dataset. •Accelerated model training and inference on GPU hardware using Hugging Face ‘transformers‘ and mixed-precision (FP16), preparing the model for production-level deployment. Customer Churn Prediction (Predictive Modeling) •Developed a predictive modeling framework that achieved 79% accuracy and 64% recall , providing a reliable tool for identifying at-risk customers from a large-scale Telco dataset. •Executed comprehensive feature engineering and selection, then applied SMOTE to rectify significant class imbalance, boosting model performance for business intelligence applications. •Optimized machine learning models (XGBoost, LightGBM) using hyperparameter tuning (GridSearchCV) and validated model performance using a suite of metrics including ROC/AUC curves.

for cultural events with over 500 attendees. Social Media Lead Event Manager, Incognito, Kernel, Fit India Clubs •Managed promotions and digital strategies across three clubs, boosting student engagement by 25%.

imbalance, boosting model performance for business intelligence applications. •Optimized machine learning models (XGBoost, LightGBM) using hyperparameter tuning (GridSearchCV) and validated model performance using a suite of metrics including ROC/AUC curves. Twitter Sentiment Analysis (Natural Language Processing) •Made a Transformer-based deep learning model for large-scale text classification, achieving 81.37% test accuracy on a 1.6M tweet dataset. •Implemented regularization techniques including early stopping and learning rate scheduling to mitigate overfitting and improve model generalization on unseen data. •Performed statistical analysis and model comparison between RNN (LSTM) and Transformer architectures to inform model selection for large-scale NLP tasks. TECHNICAL SKILLS Languages & Databases: Python, C++, C, SQL, JavaScript, HTML/CSS ML Libraries Frameworks: Scikit-learn, TensorFlow, PyTorch, Pandas, NumPy, Matplotlib, Seaborn, OpenCV, Stream- lit, LightGBM, XGBoost, Hugging Face Transformers Tools, Platforms & Cloud: Git, GitHub, Docker, CI/CD, Azure, AWS (S3, EC2), Google Colab, Jupyter Notebook, REST APIs ML Concepts: Data Science, Data Analysis, Data Visualization, ETL Pipelines, Predictive Modeling, NLP, ASR, Com- puter Vision, Generative AI, Supervised Unsupervised Learning, Classification, Regression, Statistical Analysis, Feature Engineering, Hyperparameter Tuning, Model Evaluation Validation CERTIFICATIONS •Machine Learning Specialization by Andrew Ng - Coursera •Generative AI Prompt Engineering (24+ hours) - Udemy LEADERSHIP EXTRACURRICULAR Logistics Secretary, CACS Creative Arts and Cultural Society, IIIT Kota •Led a 30-member team to manage logistics and operations for cultural events with over 500 attendees. Social Media Lead Event Manager, Incognito, Kernel, Fit India Clubs •Managed promotions and digital strategies across three clubs, boosting student engagement by 25%.

contains t he same type of functions such as the main function can be included in one segment and the library functions can be included in the other segment. 9. .Advantages : a. No internal fragmentation. b. One segment has a contiguous allocation , hence efficient working within segment. c. The size o f segment table is gen erally less than the size of page table. d. It results in a more efficient system because the compiler keeps the same type of functions in one segment. 11. Disadvantages: a. External fragmentation. b. The d ifferent size of segment is not goo d that the time of swapping. 12. Modern System architecture provides both segmentation and paging implemented in some hybrid approach. CodeHelp

advantages of First Fit. d. Best Fit i.Allocate sm allest hole that is big enough. ii.Lesser internal fragmentation. iii. May create many small holes and cause major external fragmentation. iv. Slow, as required to iterate whole free holes list. e. Worst Fit i.Allocate the largest hole that is big enough. ii.Slow, as required to iterate whole free holes list. iii. Leaves larger holes that may accommodate other processes. CodeHelp

a singl e computer. -Increases reliability, 1 CPU fails, othercan work -Better throughput. -Lesser process starvation, (if 1 CPU isworking on some process, other can beexecuted on other CPU. CodeHelp Distri bute d OS, RTOS -OS manages many b unches of resources, >=1 CPUs, >=1 memory, >=1 GPUs, etc -Loosely connected autonomous, inter connected computer node s. -collection of independent, networked, communicating, and physically separate computational nodes. -Real time error free, c omputations within tight-time boundaries. -Air Traffic control system, ROBOTS etc. CodeHelp

Complex Preemption No No Yes No Yes Yes Yes Yes Convoy effect Yes Yes No Yes Yes No Yes Yes Overhead No No Yes No Yes Yes Yes Yes CodeHelpµ⑧ LEC- 15: Introduction to Co ncurrency 1. Concurrency is the execution of the multiple instruction sequences at the same time. It happens in the operating system when there are several process threads running in parallel. 2. Thread: • Single sequence stream within a process. • An independent path of execution in a process. • Light-weight process. • Used to achieve parallelism by dividing a process’s tasks which are independent path of execution. • E.g., Multiple tabs in a browser, text editor (When you are typing in an editor, spellchecking, formatting of text and saving the text are done concurrently by multiple threads.) 3. Thread Scheduling: Threads are scheduled for execution based on their priority. Even though threads are executing within the runtime, all threads are assigned processor time slices by the operating system. 4. Threads context switching • OS saves current state of thread & switches to another thread of same process. • Doesn’t includes switching of memory address space. (But Program counter, registers & stack are included.) • Fast switching as compared to process switching • CPU’s cache state is preserved. 5. How each thread get access to the CPU? • Each thread has its own program counter. • Depending upon the thread scheduling algorithm, OS schedule these threads. • OS will fetch instructions corresponding to PC of that thread and execute instruction. 6.

1. In the case of LRU and optimal page replacement algorithms, it is seen that the number of page faults will be reduced if we increase the number of frames. Ho wever, Balady found that, In FIFO page replacement algorithm, the number of page faults will get increased with the increment in number offrames. 2. This is the strange behavior shown by FIFO algorithm in some of the cases. b. Optimal page replacement i.Find if a page that is never referenced in future. If such a page exists, replace this page with new page.If no such page exists, find a page that is referenced farthest in future . Replace this page with new page. ii.Lowest page fault rate among any algorithm. iii. Difficult to implement as OS requires future knowledge of reference string which is kind of impossible. (Similar to SJF scheduling) c. Least-r ecently used (LRU) i.We can use recent past as an approximation of the near future then we can replace the page that has not been used fo r the longest period. ii.Can be implemented by two ways 1. Counters a. Associate time fi eld with each page table entry. b. Replace the page with smallest time value. 2. Stack a. Keep a stack of page number. b. Whenever page is referenced, it i s removed from the stack & put on the top. c. By this, most recently used is always on the top, & least recently used is always o n the bottom. d. As entri es mi ght be removed from the middle of the stack, so Doubly linked list can be used. d.

Generate the study guide JSON.
IMPORTANT: Only use the CONTEXT if it strictly belongs to the SUBJECT (None). If the context is about a different subject (e.g., Operating Systems), IGNORE the context entirely and use your general knowledge.

2026-06-23 19:47:09,518 - INFO - -------------------------------------------------------
2026-06-23 19:47:24,329 - INFO - CACHE MISS: topic='Day 1: Advanced Data Structures for Interviews', subject='None'
2026-06-23 19:47:33,841 - INFO - CACHE MISS: topic='Day 1: Advanced Data Structures for Interviews', subject='roadmap-week-1'
2026-06-23 19:47:39,953 - ERROR - [PracticeEngine] Failed to parse learning content for topic 'Day 1: Advanced Data Structures for Interviews': Expecting ',' delimiter: line 7 column 5 (char 1614)
2026-06-23 19:47:39,954 - ERROR - [PracticeEngine] Raw response: {
    "notes": [
        {"type": "heading", "text": "Treap & Implicit Segment Tree Fusion"},
        {"type": "paragraph", "text": "Treap combines BST order with heap priority (random or deterministic). When augmented with implicit indexing, it becomes an O(log n) sequence container supporting split/merge, range reverse, and lazy propagation. Crucial for interview problems requiring both order-statistics and interval updates without extra memory overhead."},
        {"type": "highlight", "varia
2026-06-23 19:47:39,954 - INFO - CACHE MISS: topic='Day 1: Advanced Data Structures for Interviews', subject='None'
2026-06-23 19:47:46,163 - INFO - [PracticeEngine] Returning cached topics hierarchy for student 3
2026-06-23 19:47:46,211 - INFO - [PracticeEngine] Returning cached topics hierarchy for student 3
2026-06-23 19:47:46,576 - INFO - --- LLM PROMPT (Subject: roadmap-week-1, Topic: Segment Tree with Lazy Propagation) ---
2026-06-23 19:47:46,576 - INFO - SYSTEM PROMPT:
You are teaching a first-year B.Tech CSE student.
Given the topic and context, generate a concise and high-yield technical study guide using ONLY valid JSON. Keep it punchy and fast to read.

Your output must follow this strict JSON format:
{
    "notes": [
        {"type": "heading", "text": "Advanced Concept / Deep Dive"},
        {"type": "paragraph", "text": "In-depth technical explanation, covering edge cases, under-the-hood workings, and performance implications..."},
        {"type": "highlight", "variant": "constructive", "title": "Interview Pro-Tip", "text": "Crucial detail often asked in interviews..."},
        {"type": "code_block", "language": "python", "title": "Complex Implementation", "code": "def complex_algo(): pass"},
        {"type": "note", "text": "Advanced side note or historical context"}
    ],
    "revision": {
        "title": "Interview Cheat Sheet",
        "points": [
            {"id": 1, "text": "Advanced point 1"},
            {"id": 2, "text": "Advanced point 2"}
        ]
    }
}

RULES:
- `notes` array must use types: 'heading', 'paragraph', 'highlight' (variant: 'constructive' or 'destructive'), 'code_block' (include 'language', 'title', 'code'), or 'note'.
- The content MUST be technically deep but CONCISE. Limit the entire `notes` array to EXACTLY 4 highly-impactful sections. Do NOT generate long walls of text.
- NEVER generate basic, high-level, or "kidish" overviews. Assume the reader is preparing for a Senior or top-tier placement.
- Generate content ONLY within the context of the provided subject.
- `revision` should have exactly 3 hard-hitting, concise bullet points.
- Do not use markdown fencing (e.g. ```json). Just return the raw JSON object.

2026-06-23 19:47:46,576 - INFO - USER PROMPT:
SUBJECT:
roadmap-week-1

TOPIC:
Segment Tree with Lazy Propagation

CONTEXT:
Subject / Context: roadmap-week-1
contains t he same type of functions such as the main function can be included in one segment and the library functions can be included in the other segment. 9. .Advantages : a. No internal fragmentation. b. One segment has a contiguous allocation , hence efficient working within segment. c. The size o f segment table is gen erally less than the size of page table. d. It results in a more efficient system because the compiler keeps the same type of functions in one segment. 11. Disadvantages: a. External fragmentation. b. The d ifferent size of segment is not goo d that the time of swapping. 12. Modern System architecture provides both segmentation and paging implemented in some hybrid approach. CodeHelp

e. Worst Fit i.Allocate the largest hole that is big enough. ii.Slow, as required to iterate whole free holes list. iii. Leaves larger holes that may accommodate other processes. CodeHelp LEC-26: Paging | Non-Contiguous Memory Allocation 1. The main disadvantage of Dynamic partitioning is External Fragmentation. a. Can be removed by C ompaction, but with overhead . b. We need more dynamic/flexible /optimal mechanism, to load processes in the partitions. 2. Idea behind Paging a. If we have only two small non-contig uous free holes in the memory, say 1K B each. b. If OS wants to allocate RAM t o a process of 2KB, in contiguous allocation , it is not possible, as w e must have contiguous memo ry space available of 2K B. (External Fragmentation) c. What if we di vide the process into 1KB -1KB blocks? 3. Paging a. Paging is a memory -management scheme that permits the physical address space of a process to be non- contiguous. b. It avoids external fragmentation and the ne ed of compaction. c. Idea i s to divide the physical memory into fixed- sized blocks called Frames , along with d ivide logical memory into blocks of same size called Pages . (# Page size = Frame size) d. Page size is usually determined by the processor architecture. Traditionally, pages in a system had uniform size, such as 4,096 bytes. However, processor designs often allow two or more, sometimes simultaneous, page sizes due to its benefits. e. Page Table i.A Data structure sto res which page is mapped to which frame . ii.The page table contains the base address of each page in the physical memory. f.

1. In the case of LRU and optimal page replacement algorithms, it is seen that the number of page faults will be reduced if we increase the number of frames. Ho wever, Balady found that, In FIFO page replacement algorithm, the number of page faults will get increased with the increment in number offrames. 2. This is the strange behavior shown by FIFO algorithm in some of the cases. b. Optimal page replacement i.Find if a page that is never referenced in future. If such a page exists, replace this page with new page.If no such page exists, find a page that is referenced farthest in future . Replace this page with new page. ii.Lowest page fault rate among any algorithm. iii. Difficult to implement as OS requires future knowledge of reference string which is kind of impossible. (Similar to SJF scheduling) c. Least-r ecently used (LRU) i.We can use recent past as an approximation of the near future then we can replace the page that has not been used fo r the longest period. ii.Can be implemented by two ways 1. Counters a. Associate time fi eld with each page table entry. b. Replace the page with smallest time value. 2. Stack a. Keep a stack of page number. b. Whenever page is referenced, it i s removed from the stack & put on the top. c. By this, most recently used is always on the top, & least recently used is always o n the bottom. d. As entri es mi ght be removed from the middle of the stack, so Doubly linked list can be used. d.

for both preemptive and non -preemptive version) i.Solution: Ageing is the solution. ii.Gradually increase priority of process that wait so long. E.g., increase priority by 1 every 15 minutes. 5. Round r obin scheduling (RR) a. Most popular b. Like FCFS but preemptive. c. Designed for time sharing systems. d. Criteria: AT + time quantum (TQ ), Doesn’t depend on BT. e. No process is going to wait forever, hence very low starvation. [No convoy effect] f. Easy to implement. g. If TQ is small, more will be the context switch (more overhead). CodeHelp

e ASID for the current ly executing process matches the ASID associated with virtual page. I f it doesn’ t match , the attempt is treated as TLB miss. CodeHelp LEC-27: Segmentation | Non-Contiguous Memory Allocation 1. An impo rtant aspect of memory management that become unavoidable with paging is separat ion of user’ s view of me mo ry from the actual physical memory. 2. Segmentation i s memory managemen t technique that supports the user view of memory. 3. A logical address space is a collection of segments , these segments are based on user view of logica l memory. 4. Each segment has segment number and offset, defining a segment. <segment -number, o ffset> {s, d} 5. Process is divided into variable segments base d on user view. 6. Paging is closer to the Operating system rather than the User. It divides all the processes into the form o f pages al though a process can have some relative parts of functions which need to be loaded in the same page. 7. Op erating system doesn't care abo ut the User's view of the process. It may divide the same function int o different page s and those pages may or may not be loaded at the same time into the memory. It decreases the efficiency of the system. 8. It is b etter to have segmentation which divides the process into the segments. Each segment contains t he same type of functions such as the main function can be included in one segment and the library functions can be included in the other segment. 9.

advantages of First Fit. d. Best Fit i.Allocate sm allest hole that is big enough. ii.Lesser internal fragmentation. iii. May create many small holes and cause major external fragmentation. iv. Slow, as required to iterate whole free holes list. e. Worst Fit i.Allocate the largest hole that is big enough. ii.Slow, as required to iterate whole free holes list. iii. Leaves larger holes that may accommodate other processes. CodeHelp

is going to wait forever, hence very low starvation. [No convoy effect] f. Easy to implement. g. If TQ is small, more will be the context switch (more overhead). CodeHelp LEC-14: MLQ | MLFQ 1.Multi-level queue scheduling (MLQ)a.Ready queue is divided into multiple queues depending upon priority.b.A process is permanently assigned to one of the queues (inflexible) based on some property ofprocess, memory, size, process priority or process type.c.Each queue has its own scheduling algorithm. E.g., SP -> RR, IP -> RR & BP -> FCFS. d.System process: Created by OS (Highest priority)Interactive process (Foreground process): Needs user input (I/O).Batch process (Background process): Runs silently, no user input required.e.Scheduling among different sub-queues is implemented as fixed priority preemptivescheduling. E.g., foreground queue has absolute priority over background queue.f.If an interactive process comes & batch process is currently executing. Then, batch process willbe preempted.g.Problem: Only after completion of all the processes from the top-level ready queue, thefurther level ready queues will be scheduled.This came starvation for lower priority process.h.Convoy effect is present.2.Multi-level feedback queue scheduling (MLFQ)a.Multiple sub-queues are present.b.Allows the process to move between queues. The idea is to separate processes according tothe characteristics of their BT. If a process uses too much CPU time, it will be moved to lowerpriority queue. This scheme leaves I/O bound and interactive processes in the higher-priorityqueue.In addition, a process that waits too much in a lower-priority queue may be moved to a higher priority queue. This form of ageing prevents starvation. c.Less starvation then MLQ.d.It is flexible.e.Can be configured to match a specific system design requirement.Sample MLFQ design: CodeHelp

ii. iii. Advantages over fixed partitioning 1. No internal fragmentation 2. No limit o n size of process 3. Better degree of multi- programming iv. Limitation 1. External fragmentation CodeHelp LEC-25: Free Space Management 1. Defragmentation/Compaction a. Dynamic partitioning suffers from external fragmentation. b. Compaction to minimize the probability of external fragmentation . c. All the free partitions are made contiguous, and all the loaded partitions are brought together. d. By applying this technique, we can store the bigger processes in the memory. The free partitions are merged which can now be allocated according to the needs of new processes. This technique i s also called def ragmentation . e. The efficiency of the system is decreased in the case of compaction since all the free spaces will be transferred from several places to a single place. 2. How free space is stored/represented in OS? a. Free holes in the memory are represente d by a free list (Linked -List data structure). 3. How to satisfy a request of a of n size from a list of free holes? a. Various algorithms which are implemented by the Operating System in order to find out the holes in the linked list and allocate them to the pr ocesses. b. First Fit i.Allocate the first hole that is big enough. ii.Simple and easy to implement. iii. Fast/Less time complexity c. Next Fit i.Enhancement on First fit but starts search always from last allocated hole. ii.Same advantages of First Fit. d. Best Fit i.Allocate sm allest hole that is big enough. ii.Lesser internal fragmentation. iii. May create many small holes and cause major external fragmentation. iv.

Generate the study guide JSON.
IMPORTANT: Only use the CONTEXT if it strictly belongs to the SUBJECT (roadmap-week-1). If the context is about a different subject (e.g., Operating Systems), IGNORE the context entirely and use your general knowledge.

2026-06-23 19:47:46,576 - INFO - -------------------------------------------------------
2026-06-23 19:47:48,055 - INFO - [PracticeEngine] Returning cached topics hierarchy for student 3
2026-06-23 19:47:48,057 - INFO - CACHE HIT (Fast Return): topic='Day 1: Advanced Data Structures for Interviews', subject='None'
2026-06-23 19:47:48,112 - INFO - [PracticeEngine] Returning cached topics hierarchy for student 3
2026-06-23 19:47:48,114 - INFO - CACHE HIT (Fast Return): topic='Day 1: Advanced Data Structures for Interviews', subject='roadmap-week-1'
2026-06-23 19:47:48,197 - INFO - CACHE HIT: topic='Day 1: Advanced Data Structures for Interviews', subject='roadmap-week-1'
2026-06-23 19:48:27,120 - INFO - CACHE MISS: topic='Segment Tree with Lazy Propagation', subject='roadmap-week-1'
2026-06-23 19:49:58,314 - INFO - [PracticeEngine] Returning cached topics hierarchy for student 3
2026-06-23 19:49:58,316 - INFO - CACHE HIT (Fast Return): topic='Day 1: Advanced Data Structures for Interviews', subject='None'
2026-06-23 19:49:58,409 - INFO - CACHE HIT: topic='Day 1: Advanced Data Structures for Interviews', subject='None'
2026-06-23 19:49:58,416 - INFO - [PracticeEngine] Returning cached topics hierarchy for student 3
2026-06-23 19:49:58,418 - INFO - CACHE HIT (Fast Return): topic='Day 1: Advanced Data Structures for Interviews', subject='None'
2026-06-23 19:49:58,464 - INFO - [PracticeEngine] Returning cached topics hierarchy for student 3
2026-06-23 19:49:58,466 - INFO - CACHE HIT (Fast Return): topic='Day 1: Advanced Data Structures for Interviews', subject='None'
2026-06-23 19:49:58,596 - INFO - CACHE HIT: topic='Day 1: Advanced Data Structures for Interviews', subject='None'
2026-06-23 19:49:58,648 - INFO - [PracticeEngine] Returning cached topics hierarchy for student 3
2026-06-23 19:49:58,650 - INFO - CACHE HIT (Fast Return): topic='Day 1: Advanced Data Structures for Interviews', subject='None'
2026-06-23 19:50:04,420 - INFO - [PracticeEngine] Returning cached topics hierarchy for student 3
2026-06-23 19:50:04,422 - INFO - CACHE HIT (Fast Return): topic='Day 1: Advanced Data Structures for Interviews', subject='roadmap-week-1'
2026-06-23 19:50:04,507 - INFO - CACHE HIT: topic='Day 1: Advanced Data Structures for Interviews', subject='roadmap-week-1'
2026-06-23 19:50:05,609 - INFO - [PracticeEngine] Returning cached topics hierarchy for student 3
2026-06-23 19:50:05,688 - INFO - [PracticeEngine] Returning cached topics hierarchy for student 3
2026-06-23 19:50:05,690 - INFO - CACHE HIT (Fast Return): topic='Segment Tree with Lazy Propagation', subject='roadmap-week-1'
2026-06-23 19:50:05,776 - INFO - CACHE HIT: topic='Segment Tree with Lazy Propagation', subject='roadmap-week-1'
2026-06-23 19:50:10,764 - INFO - [PracticeEngine] Returning cached topics hierarchy for student 3
2026-06-23 19:50:10,764 - INFO - [PracticeEngine] Returning cached topics hierarchy for student 3
2026-06-23 19:50:11,151 - INFO - --- LLM PROMPT (Subject: roadmap-week-1, Topic: Binary Indexed Tree (Fenwick)) ---
2026-06-23 19:50:11,152 - INFO - SYSTEM PROMPT:
You are teaching a first-year B.Tech CSE student.
Given the topic and context, generate a concise and high-yield technical study guide using ONLY valid JSON. Keep it punchy and fast to read.

Your output must follow this strict JSON format:
{
    "notes": [
        {"type": "heading", "text": "Advanced Concept / Deep Dive"},
        {"type": "paragraph", "text": "In-depth technical explanation, covering edge cases, under-the-hood workings, and performance implications..."},
        {"type": "highlight", "variant": "constructive", "title": "Interview Pro-Tip", "text": "Crucial detail often asked in interviews..."},
        {"type": "code_block", "language": "python", "title": "Complex Implementation", "code": "def complex_algo(): pass"},
        {"type": "note", "text": "Advanced side note or historical context"}
    ],
    "revision": {
        "title": "Interview Cheat Sheet",
        "points": [
            {"id": 1, "text": "Advanced point 1"},
            {"id": 2, "text": "Advanced point 2"}
        ]
    }
}

RULES:
- `notes` array must use types: 'heading', 'paragraph', 'highlight' (variant: 'constructive' or 'destructive'), 'code_block' (include 'language', 'title', 'code'), or 'note'.
- The content MUST be technically deep but CONCISE. Limit the entire `notes` array to EXACTLY 4 highly-impactful sections. Do NOT generate long walls of text.
- NEVER generate basic, high-level, or "kidish" overviews. Assume the reader is preparing for a Senior or top-tier placement.
- Generate content ONLY within the context of the provided subject.
- `revision` should have exactly 3 hard-hitting, concise bullet points.
- Do not use markdown fencing (e.g. ```json). Just return the raw JSON object.

2026-06-23 19:50:11,152 - INFO - USER PROMPT:
SUBJECT:
roadmap-week-1

TOPIC:
Binary Indexed Tree (Fenwick)

CONTEXT:
Subject / Context: roadmap-week-1
contains t he same type of functions such as the main function can be included in one segment and the library functions can be included in the other segment. 9. .Advantages : a. No internal fragmentation. b. One segment has a contiguous allocation , hence efficient working within segment. c. The size o f segment table is gen erally less than the size of page table. d. It results in a more efficient system because the compiler keeps the same type of functions in one segment. 11. Disadvantages: a. External fragmentation. b. The d ifferent size of segment is not goo d that the time of swapping. 12. Modern System architecture provides both segmentation and paging implemented in some hybrid approach. CodeHelp

ii. iii. Advantages over fixed partitioning 1. No internal fragmentation 2. No limit o n size of process 3. Better degree of multi- programming iv. Limitation 1. External fragmentation CodeHelp LEC-25: Free Space Management 1. Defragmentation/Compaction a. Dynamic partitioning suffers from external fragmentation. b. Compaction to minimize the probability of external fragmentation . c. All the free partitions are made contiguous, and all the loaded partitions are brought together. d. By applying this technique, we can store the bigger processes in the memory. The free partitions are merged which can now be allocated according to the needs of new processes. This technique i s also called def ragmentation . e. The efficiency of the system is decreased in the case of compaction since all the free spaces will be transferred from several places to a single place. 2. How free space is stored/represented in OS? a. Free holes in the memory are represente d by a free list (Linked -List data structure). 3. How to satisfy a request of a of n size from a list of free holes? a. Various algorithms which are implemented by the Operating System in order to find out the holes in the linked list and allocate them to the pr ocesses. b. First Fit i.Allocate the first hole that is big enough. ii.Simple and easy to implement. iii. Fast/Less time complexity c. Next Fit i.Enhancement on First fit but starts search always from last allocated hole. ii.Same advantages of First Fit. d. Best Fit i.Allocate sm allest hole that is big enough. ii.Lesser internal fragmentation. iii. May create many small holes and cause major external fragmentation. iv.

1. In the case of LRU and optimal page replacement algorithms, it is seen that the number of page faults will be reduced if we increase the number of frames. Ho wever, Balady found that, In FIFO page replacement algorithm, the number of page faults will get increased with the increment in number offrames. 2. This is the strange behavior shown by FIFO algorithm in some of the cases. b. Optimal page replacement i.Find if a page that is never referenced in future. If such a page exists, replace this page with new page.If no such page exists, find a page that is referenced farthest in future . Replace this page with new page. ii.Lowest page fault rate among any algorithm. iii. Difficult to implement as OS requires future knowledge of reference string which is kind of impossible. (Similar to SJF scheduling) c. Least-r ecently used (LRU) i.We can use recent past as an approximation of the near future then we can replace the page that has not been used fo r the longest period. ii.Can be implemented by two ways 1. Counters a. Associate time fi eld with each page table entry. b. Replace the page with smallest time value. 2. Stack a. Keep a stack of page number. b. Whenever page is referenced, it i s removed from the stack & put on the top. c. By this, most recently used is always on the top, & least recently used is always o n the bottom. d. As entri es mi ght be removed from the middle of the stack, so Doubly linked list can be used. d.

for both preemptive and non -preemptive version) i.Solution: Ageing is the solution. ii.Gradually increase priority of process that wait so long. E.g., increase priority by 1 every 15 minutes. 5. Round r obin scheduling (RR) a. Most popular b. Like FCFS but preemptive. c. Designed for time sharing systems. d. Criteria: AT + time quantum (TQ ), Doesn’t depend on BT. e. No process is going to wait forever, hence very low starvation. [No convoy effect] f. Easy to implement. g. If TQ is small, more will be the context switch (more overhead). CodeHelp

e. Worst Fit i.Allocate the largest hole that is big enough. ii.Slow, as required to iterate whole free holes list. iii. Leaves larger holes that may accommodate other processes. CodeHelp LEC-26: Paging | Non-Contiguous Memory Allocation 1. The main disadvantage of Dynamic partitioning is External Fragmentation. a. Can be removed by C ompaction, but with overhead . b. We need more dynamic/flexible /optimal mechanism, to load processes in the partitions. 2. Idea behind Paging a. If we have only two small non-contig uous free holes in the memory, say 1K B each. b. If OS wants to allocate RAM t o a process of 2KB, in contiguous allocation , it is not possible, as w e must have contiguous memo ry space available of 2K B. (External Fragmentation) c. What if we di vide the process into 1KB -1KB blocks? 3. Paging a. Paging is a memory -management scheme that permits the physical address space of a process to be non- contiguous. b. It avoids external fragmentation and the ne ed of compaction. c. Idea i s to divide the physical memory into fixed- sized blocks called Frames , along with d ivide logical memory into blocks of same size called Pages . (# Page size = Frame size) d. Page size is usually determined by the processor architecture. Traditionally, pages in a system had uniform size, such as 4,096 bytes. However, processor designs often allow two or more, sometimes simultaneous, page sizes due to its benefits. e. Page Table i.A Data structure sto res which page is mapped to which frame . ii.The page table contains the base address of each page in the physical memory. f.

is going to wait forever, hence very low starvation. [No convoy effect] f. Easy to implement. g. If TQ is small, more will be the context switch (more overhead). CodeHelp LEC-14: MLQ | MLFQ 1.Multi-level queue scheduling (MLQ)a.Ready queue is divided into multiple queues depending upon priority.b.A process is permanently assigned to one of the queues (inflexible) based on some property ofprocess, memory, size, process priority or process type.c.Each queue has its own scheduling algorithm. E.g., SP -> RR, IP -> RR & BP -> FCFS. d.System process: Created by OS (Highest priority)Interactive process (Foreground process): Needs user input (I/O).Batch process (Background process): Runs silently, no user input required.e.Scheduling among different sub-queues is implemented as fixed priority preemptivescheduling. E.g., foreground queue has absolute priority over background queue.f.If an interactive process comes & batch process is currently executing. Then, batch process willbe preempted.g.Problem: Only after completion of all the processes from the top-level ready queue, thefurther level ready queues will be scheduled.This came starvation for lower priority process.h.Convoy effect is present.2.Multi-level feedback queue scheduling (MLFQ)a.Multiple sub-queues are present.b.Allows the process to move between queues. The idea is to separate processes according tothe characteristics of their BT. If a process uses too much CPU time, it will be moved to lowerpriority queue. This scheme leaves I/O bound and interactive processes in the higher-priorityqueue.In addition, a process that waits too much in a lower-priority queue may be moved to a higher priority queue. This form of ageing prevents starvation. c.Less starvation then MLQ.d.It is flexible.e.Can be configured to match a specific system design requirement.Sample MLFQ design: CodeHelp

a singl e computer. -Increases reliability, 1 CPU fails, othercan work -Better throughput. -Lesser process starvation, (if 1 CPU isworking on some process, other can beexecuted on other CPU. CodeHelp Distri bute d OS, RTOS -OS manages many b unches of resources, >=1 CPUs, >=1 memory, >=1 GPUs, etc -Loosely connected autonomous, inter connected computer node s. -collection of independent, networked, communicating, and physically separate computational nodes. -Real time error free, c omputations within tight-time boundaries. -Air Traffic control system, ROBOTS etc. CodeHelp

moved to a higher priority queue. This form of ageing prevents starvation. c.Less starvation then MLQ.d.It is flexible.e.Can be configured to match a specific system design requirement.Sample MLFQ design: CodeHelp 3.Comparison:FCFS SJF PSJF Priority P-Priority RR MLQ MLFQ Design Simple Complex Complex Complex Complex Simple Complex Complex Preemption No No Yes No Yes Yes Yes Yes Convoy effect Yes Yes No Yes Yes No Yes Yes Overhead No No Yes No Yes Yes Yes Yes CodeHelpµ⑧

Generate the study guide JSON.
IMPORTANT: Only use the CONTEXT if it strictly belongs to the SUBJECT (roadmap-week-1). If the context is about a different subject (e.g., Operating Systems), IGNORE the context entirely and use your general knowledge.

2026-06-23 19:50:11,152 - INFO - -------------------------------------------------------
2026-06-23 19:50:33,007 - INFO - CACHE MISS: topic='Binary Indexed Tree (Fenwick)', subject='roadmap-week-1'
2026-06-23 19:51:14,246 - INFO - [PracticeEngine] Returning cached topics hierarchy for student 3
2026-06-23 19:51:14,295 - INFO - [PracticeEngine] Returning cached topics hierarchy for student 3
2026-06-23 19:51:14,636 - INFO - --- LLM PROMPT (Subject: roadmap-week-1, Topic: Treap (Cartesian Tree)) ---
2026-06-23 19:51:14,636 - INFO - SYSTEM PROMPT:
You are teaching a first-year B.Tech CSE student.
Given the topic and context, generate a concise and high-yield technical study guide using ONLY valid JSON. Keep it punchy and fast to read.

Your output must follow this strict JSON format:
{
    "notes": [
        {"type": "heading", "text": "Advanced Concept / Deep Dive"},
        {"type": "paragraph", "text": "In-depth technical explanation, covering edge cases, under-the-hood workings, and performance implications..."},
        {"type": "highlight", "variant": "constructive", "title": "Interview Pro-Tip", "text": "Crucial detail often asked in interviews..."},
        {"type": "code_block", "language": "python", "title": "Complex Implementation", "code": "def complex_algo(): pass"},
        {"type": "note", "text": "Advanced side note or historical context"}
    ],
    "revision": {
        "title": "Interview Cheat Sheet",
        "points": [
            {"id": 1, "text": "Advanced point 1"},
            {"id": 2, "text": "Advanced point 2"}
        ]
    }
}

RULES:
- `notes` array must use types: 'heading', 'paragraph', 'highlight' (variant: 'constructive' or 'destructive'), 'code_block' (include 'language', 'title', 'code'), or 'note'.
- The content MUST be technically deep but CONCISE. Limit the entire `notes` array to EXACTLY 4 highly-impactful sections. Do NOT generate long walls of text.
- NEVER generate basic, high-level, or "kidish" overviews. Assume the reader is preparing for a Senior or top-tier placement.
- Generate content ONLY within the context of the provided subject.
- `revision` should have exactly 3 hard-hitting, concise bullet points.
- Do not use markdown fencing (e.g. ```json). Just return the raw JSON object.

2026-06-23 19:51:14,636 - INFO - USER PROMPT:
SUBJECT:
roadmap-week-1

TOPIC:
Treap (Cartesian Tree)

CONTEXT:
Subject / Context: roadmap-week-1
contains t he same type of functions such as the main function can be included in one segment and the library functions can be included in the other segment. 9. .Advantages : a. No internal fragmentation. b. One segment has a contiguous allocation , hence efficient working within segment. c. The size o f segment table is gen erally less than the size of page table. d. It results in a more efficient system because the compiler keeps the same type of functions in one segment. 11. Disadvantages: a. External fragmentation. b. The d ifferent size of segment is not goo d that the time of swapping. 12. Modern System architecture provides both segmentation and paging implemented in some hybrid approach. CodeHelp

a singl e computer. -Increases reliability, 1 CPU fails, othercan work -Better throughput. -Lesser process starvation, (if 1 CPU isworking on some process, other can beexecuted on other CPU. CodeHelp Distri bute d OS, RTOS -OS manages many b unches of resources, >=1 CPUs, >=1 memory, >=1 GPUs, etc -Loosely connected autonomous, inter connected computer node s. -collection of independent, networked, communicating, and physically separate computational nodes. -Real time error free, c omputations within tight-time boundaries. -Air Traffic control system, ROBOTS etc. CodeHelp

for cultural events with over 500 attendees. Social Media Lead Event Manager, Incognito, Kernel, Fit India Clubs •Managed promotions and digital strategies across three clubs, boosting student engagement by 25%.

recently used is always o n the bottom. d. As entri es mi ght be removed from the middle of the stack, so Doubly linked list can be used. d. Counting-b ased page replacement – Keep a counter of the number o f references that have been made to each page. (Reference counting) CodeHelp i.Least frequently used ( LFU) 1. Actively used pages should have a large reference count. 2. Replace page with the smallest count. ii.Most frequently used (MFU ) 1. Bas ed on the argument that the page with the smallest count was probably just brought in and has yet to be used. iii. Neither MFU nor LFU replacement is common. CodeHelp

imbalance, boosting model performance for business intelligence applications. •Optimized machine learning models (XGBoost, LightGBM) using hyperparameter tuning (GridSearchCV) and validated model performance using a suite of metrics including ROC/AUC curves. Twitter Sentiment Analysis (Natural Language Processing) •Made a Transformer-based deep learning model for large-scale text classification, achieving 81.37% test accuracy on a 1.6M tweet dataset. •Implemented regularization techniques including early stopping and learning rate scheduling to mitigate overfitting and improve model generalization on unseen data. •Performed statistical analysis and model comparison between RNN (LSTM) and Transformer architectures to inform model selection for large-scale NLP tasks. TECHNICAL SKILLS Languages & Databases: Python, C++, C, SQL, JavaScript, HTML/CSS ML Libraries Frameworks: Scikit-learn, TensorFlow, PyTorch, Pandas, NumPy, Matplotlib, Seaborn, OpenCV, Stream- lit, LightGBM, XGBoost, Hugging Face Transformers Tools, Platforms & Cloud: Git, GitHub, Docker, CI/CD, Azure, AWS (S3, EC2), Google Colab, Jupyter Notebook, REST APIs ML Concepts: Data Science, Data Analysis, Data Visualization, ETL Pipelines, Predictive Modeling, NLP, ASR, Com- puter Vision, Generative AI, Supervised Unsupervised Learning, Classification, Regression, Statistical Analysis, Feature Engineering, Hyperparameter Tuning, Model Evaluation Validation CERTIFICATIONS •Machine Learning Specialization by Andrew Ng - Coursera •Generative AI Prompt Engineering (24+ hours) - Udemy LEADERSHIP EXTRACURRICULAR Logistics Secretary, CACS Creative Arts and Cultural Society, IIIT Kota •Led a 30-member team to manage logistics and operations for cultural events with over 500 attendees. Social Media Lead Event Manager, Incognito, Kernel, Fit India Clubs •Managed promotions and digital strategies across three clubs, boosting student engagement by 25%.

() operation. The process isrestarted by a wakeup () operation, which changes the process from thewaiting state to the ready state. The process is then placed in the readyqueue. CodeHelp Lec- 20: The Dining Philosophers problem 1. We have 5 philosophers. 2. They spend their life just being in two states: a. Thinking b. Eating 3. They sit on a circular table surrounded by 5 chairs (1 each), in the center of table is a bowl of noodles, and the table is laid with 5 single forks. 4.Thinking state: When a ph. Thinks, he doesn’t interact with others. 5.Eating state: When a ph. Gets hungry, he tries to pick up the 2 forks adjacent to him (Left and Right). He can pick one fork at a time. 6. One can’t pick up a fork if it is already taken. 7. When ph. Has both forks at the same time, he eats without releasing forks. 8. Solution can be given using semaphores. a. Each fork is a binary semaphore. b. A ph. Calls wait() operation to acquire a fork. c.Release fork by calling signal(). d.Semaphore fork[5]{1}; 9. Although the semaphore solution makes sure that no two neighbors are eating simultaneously but it could still create Deadlock . 10. Suppose that all 5 ph. Become hungry at the same time and each picks up their left fork, then All fork semaphores would be 0. 11. When each ph. Tries to grab his right fork, he will be waiting for ever (Deadlock) 12. We must use some methods to avoid Deadlock and make the solution work a. Allow at most 4 ph. To be sitting simultaneously. b. Allow a ph. To pick up his fork only if both forks are available and to do this, he must pick them up in a critical section (atomically). CodeHelp

b. Allow a ph. To pick up his fork only if both forks are available and to do this, he must pick them up in a critical section (atomically). CodeHelp c. Odd-even rule. an odd ph. Picks up first his left fork and then his right fork, whereas an even ph. Picks up his right fork then his left fork. 13. Hence, only semaphores are not enough to solve this problem. We must add some enhancement rules to make deadlock free solution. CodeHelp

1. In the case of LRU and optimal page replacement algorithms, it is seen that the number of page faults will be reduced if we increase the number of frames. Ho wever, Balady found that, In FIFO page replacement algorithm, the number of page faults will get increased with the increment in number offrames. 2. This is the strange behavior shown by FIFO algorithm in some of the cases. b. Optimal page replacement i.Find if a page that is never referenced in future. If such a page exists, replace this page with new page.If no such page exists, find a page that is referenced farthest in future . Replace this page with new page. ii.Lowest page fault rate among any algorithm. iii. Difficult to implement as OS requires future knowledge of reference string which is kind of impossible. (Similar to SJF scheduling) c. Least-r ecently used (LRU) i.We can use recent past as an approximation of the near future then we can replace the page that has not been used fo r the longest period. ii.Can be implemented by two ways 1. Counters a. Associate time fi eld with each page table entry. b. Replace the page with smallest time value. 2. Stack a. Keep a stack of page number. b. Whenever page is referenced, it i s removed from the stack & put on the top. c. By this, most recently used is always on the top, & least recently used is always o n the bottom. d. As entri es mi ght be removed from the middle of the stack, so Doubly linked list can be used. d.

Generate the study guide JSON.
IMPORTANT: Only use the CONTEXT if it strictly belongs to the SUBJECT (roadmap-week-1). If the context is about a different subject (e.g., Operating Systems), IGNORE the context entirely and use your general knowledge.

2026-06-23 19:51:14,637 - INFO - -------------------------------------------------------
2026-06-23 19:51:39,689 - INFO - CACHE MISS: topic='Treap (Cartesian Tree)', subject='roadmap-week-1'
2026-06-23 19:51:47,129 - INFO - [PracticeEngine] Returning cached topics hierarchy for student 3
2026-06-23 19:51:47,186 - INFO - [PracticeEngine] Returning cached topics hierarchy for student 3
2026-06-23 19:51:47,188 - INFO - CACHE HIT (Fast Return): topic='Segment Tree with Lazy Propagation', subject='roadmap-week-1'
2026-06-23 19:51:47,256 - INFO - CACHE HIT: topic='Segment Tree with Lazy Propagation', subject='roadmap-week-1'
2026-06-23 19:52:46,526 - ERROR - [PracticeEngine] Failed to save topics cache to disk: [Errno 13] Permission denied: '/home/galaxy/Desktop/Student_System/Backend/services/topics_cache.json'
2026-06-23 19:52:46,531 - INFO - CACHE HIT (Fast Return): topic='Segment Tree with Lazy Propagation', subject='roadmap-week-1'
2026-06-23 19:52:46,615 - INFO - [PracticeEngine] Returning cached topics hierarchy for student 3
2026-06-23 19:52:46,617 - INFO - CACHE HIT (Fast Return): topic='Segment Tree with Lazy Propagation', subject='roadmap-week-1'
2026-06-23 19:52:46,674 - INFO - [PracticeEngine] Returning cached topics hierarchy for student 3
2026-06-23 19:52:46,689 - INFO - CACHE HIT: topic='Segment Tree with Lazy Propagation', subject='roadmap-week-1'
2026-06-23 19:52:46,822 - INFO - [PracticeEngine] Returning cached topics hierarchy for student 3
2026-06-23 19:52:46,877 - INFO - CACHE HIT: topic='Segment Tree with Lazy Propagation', subject='roadmap-week-1'
2026-06-23 19:52:58,891 - INFO - [PracticeEngine] Returning cached topics hierarchy for student 3
2026-06-23 19:52:58,893 - INFO - CACHE HIT (Fast Return): topic='Day 1: Advanced Data Structures for Interviews', subject='None'
2026-06-23 19:52:58,948 - INFO - [PracticeEngine] Returning cached topics hierarchy for student 3
2026-06-23 19:52:58,950 - INFO - CACHE HIT (Fast Return): topic='Day 1: Advanced Data Structures for Interviews', subject='roadmap-week-1'
2026-06-23 19:52:59,021 - INFO - CACHE HIT: topic='Day 1: Advanced Data Structures for Interviews', subject='roadmap-week-1'
2026-06-23 19:53:34,438 - INFO - [PracticeEngine] Returning cached topics hierarchy for student 3
2026-06-23 19:53:34,440 - INFO - CACHE HIT (Fast Return): topic='Day 1: Advanced Data Structures for Interviews', subject='None'
2026-06-23 19:53:34,513 - INFO - [PracticeEngine] Returning cached topics hierarchy for student 3
2026-06-23 19:53:34,515 - INFO - CACHE HIT (Fast Return): topic='Day 1: Advanced Data Structures for Interviews', subject='None'
2026-06-23 19:53:34,518 - INFO - CACHE HIT: topic='Day 1: Advanced Data Structures for Interviews', subject='None'
2026-06-23 19:53:34,588 - INFO - [PracticeEngine] Returning cached topics hierarchy for student 3
2026-06-23 19:53:34,590 - INFO - CACHE HIT (Fast Return): topic='Day 1: Advanced Data Structures for Interviews', subject='None'
2026-06-23 19:53:34,713 - INFO - CACHE HIT: topic='Day 1: Advanced Data Structures for Interviews', subject='None'
2026-06-23 19:53:34,772 - INFO - [PracticeEngine] Returning cached topics hierarchy for student 3
2026-06-23 19:53:34,774 - INFO - CACHE HIT (Fast Return): topic='Day 1: Advanced Data Structures for Interviews', subject='None'
2026-06-23 19:53:53,646 - INFO - [PracticeEngine] Returning cached topics hierarchy for student 3
2026-06-23 19:53:53,648 - INFO - CACHE HIT (Fast Return): topic='Day 1: Advanced Data Structures for Interviews', subject='roadmap-week-1'
2026-06-23 19:53:53,737 - INFO - CACHE HIT: topic='Day 1: Advanced Data Structures for Interviews', subject='roadmap-week-1'
2026-06-23 19:53:54,679 - INFO - [PracticeEngine] Returning cached topics hierarchy for student 3
2026-06-23 19:53:54,743 - INFO - [PracticeEngine] Returning cached topics hierarchy for student 3
2026-06-23 19:53:54,745 - INFO - CACHE HIT (Fast Return): topic='Segment Tree with Lazy Propagation', subject='roadmap-week-1'
2026-06-23 19:53:54,821 - INFO - CACHE HIT: topic='Segment Tree with Lazy Propagation', subject='roadmap-week-1'
2026-06-23 19:54:00,295 - INFO - [PracticeEngine] Returning cached topics hierarchy for student 3
2026-06-23 19:54:00,383 - INFO - [PracticeEngine] Returning cached topics hierarchy for student 3
2026-06-23 19:54:00,385 - INFO - CACHE HIT (Fast Return): topic='Treap (Cartesian Tree)', subject='roadmap-week-1'
2026-06-23 19:54:00,473 - INFO - CACHE HIT: topic='Treap (Cartesian Tree)', subject='roadmap-week-1'
2026-06-23 19:54:40,742 - INFO - [PracticeEngine] Returning cached topics hierarchy for student 3
2026-06-23 19:54:40,744 - INFO - CACHE HIT (Fast Return): topic='Database System Concepts', subject='None'
2026-06-23 19:54:40,827 - INFO - [PracticeEngine] Returning cached topics hierarchy for student 3
2026-06-23 19:54:40,830 - INFO - CACHE HIT (Fast Return): topic='Database System Concepts', subject='None'
2026-06-23 19:54:40,876 - INFO - CACHE HIT: topic='Database System Concepts', subject='None'
2026-06-23 19:54:41,014 - INFO - [PracticeEngine] Returning cached topics hierarchy for student 3
2026-06-23 19:54:41,016 - INFO - CACHE HIT: topic='Database System Concepts', subject='None'
2026-06-23 19:54:41,018 - INFO - CACHE HIT (Fast Return): topic='Database System Concepts', subject='None'
2026-06-23 19:54:41,085 - INFO - [PracticeEngine] Returning cached topics hierarchy for student 3
2026-06-23 19:54:41,087 - INFO - CACHE HIT (Fast Return): topic='Database System Concepts', subject='None'
2026-06-23 19:55:42,933 - INFO - [PracticeEngine] Returning cached topics hierarchy for student 3
2026-06-23 19:55:42,936 - INFO - CACHE HIT (Fast Return): topic='Database System Concepts', subject='Database Management Systems'
2026-06-23 19:55:43,007 - INFO - [PracticeEngine] Returning cached topics hierarchy for student 3
2026-06-23 19:55:43,009 - INFO - CACHE HIT (Fast Return): topic='Database System Concepts', subject='Database Management Systems'
2026-06-23 19:55:43,012 - INFO - CACHE HIT: topic='Database System Concepts', subject='Database Management Systems'
2026-06-23 19:55:43,056 - INFO - [PracticeEngine] Returning cached topics hierarchy for student 3
2026-06-23 19:55:43,058 - INFO - CACHE HIT (Fast Return): topic='Database System Concepts', subject='None'
2026-06-23 19:55:43,184 - INFO - CACHE HIT: topic='Database System Concepts', subject='Database Management Systems'
2026-06-23 19:55:43,260 - INFO - [PracticeEngine] Returning cached topics hierarchy for student 3
2026-06-23 19:55:43,263 - INFO - CACHE HIT (Fast Return): topic='Database System Concepts', subject='None'
2026-06-23 19:59:03,499 - INFO - [PracticeEngine] Returning cached topics hierarchy for student 3
2026-06-23 19:59:03,502 - INFO - CACHE HIT (Fast Return): topic='Day 1: Advanced Data Structures for Interviews', subject='None'
2026-06-23 19:59:03,599 - INFO - [PracticeEngine] Returning cached topics hierarchy for student 3
2026-06-23 19:59:03,601 - INFO - CACHE HIT (Fast Return): topic='Day 1: Advanced Data Structures for Interviews', subject='None'
2026-06-23 19:59:03,606 - INFO - CACHE HIT: topic='Day 1: Advanced Data Structures for Interviews', subject='None'
2026-06-23 19:59:03,767 - INFO - [PracticeEngine] Returning cached topics hierarchy for student 3
2026-06-23 19:59:03,769 - INFO - CACHE HIT (Fast Return): topic='Day 1: Advanced Data Structures for Interviews', subject='None'
2026-06-23 19:59:03,772 - INFO - CACHE HIT: topic='Day 1: Advanced Data Structures for Interviews', subject='None'
2026-06-23 19:59:03,840 - INFO - [PracticeEngine] Returning cached topics hierarchy for student 3
2026-06-23 19:59:03,844 - INFO - CACHE HIT (Fast Return): topic='Day 1: Advanced Data Structures for Interviews', subject='None'
2026-06-23 19:59:08,801 - INFO - [PracticeEngine] Returning cached topics hierarchy for student 3
2026-06-23 19:59:08,802 - INFO - [PracticeEngine] Returning cached topics hierarchy for student 3
2026-06-23 19:59:09,202 - INFO - --- LLM PROMPT (Subject: roadmap-week-1, Topic: Day 3: Complexity‑Driven Coding Practice) ---
2026-06-23 19:59:09,202 - INFO - SYSTEM PROMPT:
You are teaching a first-year B.Tech CSE student.
Given the topic and context, generate a concise and high-yield technical study guide using ONLY valid JSON. Keep it punchy and fast to read.

Your output must follow this strict JSON format:
{
    "notes": [
        {"type": "heading", "text": "Advanced Concept / Deep Dive"},
        {"type": "paragraph", "text": "In-depth technical explanation, covering edge cases, under-the-hood workings, and performance implications..."},
        {"type": "highlight", "variant": "constructive", "title": "Interview Pro-Tip", "text": "Crucial detail often asked in interviews..."},
        {"type": "code_block", "language": "python", "title": "Complex Implementation", "code": "def complex_algo(): pass"},
        {"type": "note", "text": "Advanced side note or historical context"}
    ],
    "revision": {
        "title": "Interview Cheat Sheet",
        "points": [
            {"id": 1, "text": "Advanced point 1"},
            {"id": 2, "text": "Advanced point 2"}
        ]
    }
}

RULES:
- `notes` array must use types: 'heading', 'paragraph', 'highlight' (variant: 'constructive' or 'destructive'), 'code_block' (include 'language', 'title', 'code'), or 'note'.
- The content MUST be technically deep but CONCISE. Limit the entire `notes` array to EXACTLY 4 highly-impactful sections. Do NOT generate long walls of text.
- NEVER generate basic, high-level, or "kidish" overviews. Assume the reader is preparing for a Senior or top-tier placement.
- Generate content ONLY within the context of the provided subject.
- `revision` should have exactly 3 hard-hitting, concise bullet points.
- Do not use markdown fencing (e.g. ```json). Just return the raw JSON object.

2026-06-23 19:59:09,202 - INFO - USER PROMPT:
SUBJECT:
roadmap-week-1

TOPIC:
Day 3: Complexity‑Driven Coding Practice

CONTEXT:
Subject / Context: roadmap-week-1
a singl e computer. -Increases reliability, 1 CPU fails, othercan work -Better throughput. -Lesser process starvation, (if 1 CPU isworking on some process, other can beexecuted on other CPU. CodeHelp Distri bute d OS, RTOS -OS manages many b unches of resources, >=1 CPUs, >=1 memory, >=1 GPUs, etc -Loosely connected autonomous, inter connected computer node s. -collection of independent, networked, communicating, and physically separate computational nodes. -Real time error free, c omputations within tight-time boundaries. -Air Traffic control system, ROBOTS etc. CodeHelp

cycle is eliminated. b. Resource preemption i. To eliminate DL, we successively preempt some resources from processes and give these resources to other processes until DL cycle is broken. CodeHelp

connected computer node s. -collection of independent, networked, communicating, and physically separate computational nodes. -Real time error free, c omputations within tight-time boundaries. -Air Traffic control system, ROBOTS etc. CodeHelp LEC-3: Multi-Tasking vs Multi-Threading Program : A Program is an executable file which contains a certain set of instructions written to complete the specific job or operation on your computer. •It’s a compiled code. Ready to be executed. •Stored in Disk Process : Program under execution. R esides in Computer’s primary memory (RAM). Thread: •Single sequence stream within a pr ocess. •An independent path of execution in a process. •Light-weight process. •Used to achieve parallelism by dividing a process’s tasks which are independent path of execution. •E.g., Multiple tabs in a browser, text editor (When you are typing in an editor, spell-checking, formatting of text and saving the text are done concurrently by multiplethreads.) Multi-Tasking Multi-Threading The execution of more than one task simultaneously is called as multitasking. A process is divided into several different sub-tasks called as threads, which has its own path of execution. This concept is called as multithreading. Concept of more than 1 processes being context switched. Concept of more than 1 thread. Threads are context switched. No. of CPU 1. No. of CP U >= 1. (Better to have more than 1) Isolation and memory protection exists. OS must allocate separate memory and resources to each program that CPU is executing. No isolation and memory prote ction , resources are shared among threads of that process. OS allocates memory to a process; multiple threads of that process share the same memory and resources allocated to the process.

2. External Fragmentation: The total unused space of various partitions cannot be used to load the processes even though there is space available but not in the contiguous form. 3. Limitation on process size: If the process size is larger than the size of maximum sized partition then that process cannot be loaded into the memory. Therefore, a limitation can be imposed on the process size that is it cannot be larger than the size of the largest partition. CodeHelp 4. Low degree of multi- programming: In fixed partitioning, the degree of multiprogramming is fixed and very less because the size of the partition cannot be varied according to the size of processes. c. Dynamic Partitioning i. In this technique, the partition size is not declared initially. It is declared at the time of process loading. ii. iii. Advantages over fixed partitioning 1. No internal fragmentation 2. No limit o n size of process 3. Better degree of multi- programming iv. Limitation 1. External fragmentation CodeHelp

R1 and R1, locking on these resources should be like, both try to lock R1 then R2. By this way which ever process first locks R1 will get R2. CodeHelp LEC-22: Deadlock Part-2 1. Deadlock Avoidance: Idea is, the kernel be given in advance info concerning which resources will use in its lifetime. By this, system can decide for each request whether the process should wait.To decide whether the current request can be satisfied or delayed, the system must consider the resources currently available, resources currently allocated to each process in the system and the future requests and releases of each process. a. Schedule process and its resources allocation in such a way that the DL never occur.b. Safe state: A state is safe if the system can allocate resources to each process (up to its max.) in some order and still avoid DL. A system is in safe state only if there exists a safe sequence. c. In an Unsafe state, the operating system cannot prevent processes from requesting resources in such a way that any deadlock occurs. It is not necessary that all unsafe states are deadlocks; an unsafe state may lead to a deadlock. d. The main key of the deadlock avoidance method is whenever the request is made for resources then the request must only be approved only in the case if the resulting state is asafe state. e. In a case, if the system is unable to fulfill the request of all processes, then the state of the system is called unsafe. f. Scheduling algorithm using which DL can be avoided by finding safe state. (Banker Algorithm) 2. Banker Algorithm a.

SetConsoleMode () ReadConsole() WriteConsole() ioctI () read() write( ) Information Management GetCurrentProcessID() SetTimer() Sleep() getpid () alarm () sleep () Communicatio n CreatePipe() CreateFileMapping() MapViewOfFile() pipe () shmget () mmap()

Complex Preemption No No Yes No Yes Yes Yes Yes Convoy effect Yes Yes No Yes Yes No Yes Yes Overhead No No Yes No Yes Yes Yes Yes CodeHelpµ⑧ LEC- 15: Introduction to Co ncurrency 1. Concurrency is the execution of the multiple instruction sequences at the same time. It happens in the operating system when there are several process threads running in parallel. 2. Thread: • Single sequence stream within a process. • An independent path of execution in a process. • Light-weight process. • Used to achieve parallelism by dividing a process’s tasks which are independent path of execution. • E.g., Multiple tabs in a browser, text editor (When you are typing in an editor, spellchecking, formatting of text and saving the text are done concurrently by multiple threads.) 3. Thread Scheduling: Threads are scheduled for execution based on their priority. Even though threads are executing within the runtime, all threads are assigned processor time slices by the operating system. 4. Threads context switching • OS saves current state of thread & switches to another thread of same process. • Doesn’t includes switching of memory address space. (But Program counter, registers & stack are included.) • Fast switching as compared to process switching • CPU’s cache state is preserved. 5. How each thread get access to the CPU? • Each thread has its own program counter. • Depending upon the thread scheduling algorithm, OS schedule these threads. • OS will fetch instructions corresponding to PC of that thread and execute instruction. 6.

many processes, who need to use a resource for a short time, are blocked by one process holding that resource for a long time. i.This cause poor resource management. CodeHelp

Generate the study guide JSON.
IMPORTANT: Only use the CONTEXT if it strictly belongs to the SUBJECT (roadmap-week-1). If the context is about a different subject (e.g., Operating Systems), IGNORE the context entirely and use your general knowledge.

2026-06-23 19:59:09,202 - INFO - -------------------------------------------------------
2026-06-23 19:59:24,467 - INFO - [PracticeEngine] Returning cached topics hierarchy for student 3
2026-06-23 19:59:24,550 - INFO - [PracticeEngine] Returning cached topics hierarchy for student 3
2026-06-23 19:59:24,577 - INFO - [PracticeEngine] Returning cached topics hierarchy for student 3
2026-06-23 19:59:24,579 - INFO - CACHE HIT (Fast Return): topic='Day 1: Advanced Data Structures for Interviews', subject='roadmap-week-1'
2026-06-23 19:59:24,664 - INFO - [PracticeEngine] Returning cached topics hierarchy for student 3
2026-06-23 19:59:24,666 - INFO - CACHE HIT (Fast Return): topic='Day 1: Advanced Data Structures for Interviews', subject='None'
2026-06-23 19:59:24,802 - INFO - CACHE HIT: topic='Day 1: Advanced Data Structures for Interviews', subject='roadmap-week-1'
2026-06-23 19:59:24,868 - INFO - [PracticeEngine] Returning cached topics hierarchy for student 3
2026-06-23 19:59:24,870 - INFO - CACHE HIT (Fast Return): topic='Day 1: Advanced Data Structures for Interviews', subject='None'
2026-06-23 19:59:25,476 - INFO - CACHE MISS: topic='Day 3: Complexity‑Driven Coding Practice', subject='roadmap-week-1'
2026-06-23 19:59:25,552 - INFO - CACHE HIT: topic='Day 3: Complexity‑Driven Coding Practice', subject='roadmap-week-1'
2026-06-23 19:59:25,631 - INFO - CACHE HIT: topic='Day 3: Complexity‑Driven Coding Practice', subject='roadmap-week-1'
2026-06-23 19:59:28,080 - INFO - [PracticeEngine] Returning cached topics hierarchy for student 3
2026-06-23 19:59:28,083 - INFO - [PracticeEngine] Returning cached topics hierarchy for student 3
2026-06-23 19:59:28,086 - INFO - CACHE HIT (Fast Return): topic='Segment Tree with Lazy Propagation', subject='roadmap-week-1'
2026-06-23 19:59:28,170 - INFO - CACHE HIT: topic='Segment Tree with Lazy Propagation', subject='roadmap-week-1'
2026-06-23 19:59:32,261 - INFO - [PracticeEngine] Returning cached topics hierarchy for student 3
2026-06-23 19:59:32,262 - INFO - [PracticeEngine] Returning cached topics hierarchy for student 3
2026-06-23 19:59:32,583 - INFO - --- LLM PROMPT (Subject: roadmap-week-1, Topic: Day 2: Graph Algorithms & Patterns) ---
2026-06-23 19:59:32,583 - INFO - SYSTEM PROMPT:
You are teaching a first-year B.Tech CSE student.
Given the topic and context, generate a concise and high-yield technical study guide using ONLY valid JSON. Keep it punchy and fast to read.

Your output must follow this strict JSON format:
{
    "notes": [
        {"type": "heading", "text": "Advanced Concept / Deep Dive"},
        {"type": "paragraph", "text": "In-depth technical explanation, covering edge cases, under-the-hood workings, and performance implications..."},
        {"type": "highlight", "variant": "constructive", "title": "Interview Pro-Tip", "text": "Crucial detail often asked in interviews..."},
        {"type": "code_block", "language": "python", "title": "Complex Implementation", "code": "def complex_algo(): pass"},
        {"type": "note", "text": "Advanced side note or historical context"}
    ],
    "revision": {
        "title": "Interview Cheat Sheet",
        "points": [
            {"id": 1, "text": "Advanced point 1"},
            {"id": 2, "text": "Advanced point 2"}
        ]
    }
}

RULES:
- `notes` array must use types: 'heading', 'paragraph', 'highlight' (variant: 'constructive' or 'destructive'), 'code_block' (include 'language', 'title', 'code'), or 'note'.
- The content MUST be technically deep but CONCISE. Limit the entire `notes` array to EXACTLY 4 highly-impactful sections. Do NOT generate long walls of text.
- NEVER generate basic, high-level, or "kidish" overviews. Assume the reader is preparing for a Senior or top-tier placement.
- Generate content ONLY within the context of the provided subject.
- `revision` should have exactly 3 hard-hitting, concise bullet points.
- Do not use markdown fencing (e.g. ```json). Just return the raw JSON object.

2026-06-23 19:59:32,584 - INFO - USER PROMPT:
SUBJECT:
roadmap-week-1

TOPIC:
Day 2: Graph Algorithms & Patterns

CONTEXT:
Subject / Context: roadmap-week-1
all processes, then the state of the system is called unsafe. f. Scheduling algorithm using which DL can be avoided by finding safe state. (Banker Algorithm) 2. Banker Algorithm a. When a process requests a set of resources, the system must determine whether allocating these resources will leave the system in a safe state. If yes, then the resources may beallocated to the process. If not, then the process must wait till other processes release enough resources. 3. Deadlock Detection: Systems haven’t implemented deadlock-prevention or a deadlock avoidance technique, then they may employ DL detection then, recovery technique. a. Single Instance of Each resource type (wait-for graph method) i. A deadlock exists in the system if and only if there is a cycle in the wait-for graph. In order to detect the deadlock, the system needs to maintain the wait-for graph and periodically system invokes an algorithm that searches for the cycle in the wait-for graph. b. Multiple instances for each resource type i. Banker Algorithm 4. Recovery from Deadlock a. Process termination i. Abort all DL processes ii. Abort one process at a time until DL cycle is eliminated. b. Resource preemption i. To eliminate DL, we successively preempt some resources from processes and give these resources to other processes until DL cycle is broken. CodeHelp

is going to wait forever, hence very low starvation. [No convoy effect] f. Easy to implement. g. If TQ is small, more will be the context switch (more overhead). CodeHelp LEC-14: MLQ | MLFQ 1.Multi-level queue scheduling (MLQ)a.Ready queue is divided into multiple queues depending upon priority.b.A process is permanently assigned to one of the queues (inflexible) based on some property ofprocess, memory, size, process priority or process type.c.Each queue has its own scheduling algorithm. E.g., SP -> RR, IP -> RR & BP -> FCFS. d.System process: Created by OS (Highest priority)Interactive process (Foreground process): Needs user input (I/O).Batch process (Background process): Runs silently, no user input required.e.Scheduling among different sub-queues is implemented as fixed priority preemptivescheduling. E.g., foreground queue has absolute priority over background queue.f.If an interactive process comes & batch process is currently executing. Then, batch process willbe preempted.g.Problem: Only after completion of all the processes from the top-level ready queue, thefurther level ready queues will be scheduled.This came starvation for lower priority process.h.Convoy effect is present.2.Multi-level feedback queue scheduling (MLFQ)a.Multiple sub-queues are present.b.Allows the process to move between queues. The idea is to separate processes according tothe characteristics of their BT. If a process uses too much CPU time, it will be moved to lowerpriority queue. This scheme leaves I/O bound and interactive processes in the higher-priorityqueue.In addition, a process that waits too much in a lower-priority queue may be moved to a higher priority queue. This form of ageing prevents starvation. c.Less starvation then MLQ.d.It is flexible.e.Can be configured to match a specific system design requirement.Sample MLFQ design: CodeHelp

contains t he same type of functions such as the main function can be included in one segment and the library functions can be included in the other segment. 9. .Advantages : a. No internal fragmentation. b. One segment has a contiguous allocation , hence efficient working within segment. c. The size o f segment table is gen erally less than the size of page table. d. It results in a more efficient system because the compiler keeps the same type of functions in one segment. 11. Disadvantages: a. External fragmentation. b. The d ifferent size of segment is not goo d that the time of swapping. 12. Modern System architecture provides both segmentation and paging implemented in some hybrid approach. CodeHelp

a singl e computer. -Increases reliability, 1 CPU fails, othercan work -Better throughput. -Lesser process starvation, (if 1 CPU isworking on some process, other can beexecuted on other CPU. CodeHelp Distri bute d OS, RTOS -OS manages many b unches of resources, >=1 CPUs, >=1 memory, >=1 GPUs, etc -Loosely connected autonomous, inter connected computer node s. -collection of independent, networked, communicating, and physically separate computational nodes. -Real time error free, c omputations within tight-time boundaries. -Air Traffic control system, ROBOTS etc. CodeHelp

1. In the case of LRU and optimal page replacement algorithms, it is seen that the number of page faults will be reduced if we increase the number of frames. Ho wever, Balady found that, In FIFO page replacement algorithm, the number of page faults will get increased with the increment in number offrames. 2. This is the strange behavior shown by FIFO algorithm in some of the cases. b. Optimal page replacement i.Find if a page that is never referenced in future. If such a page exists, replace this page with new page.If no such page exists, find a page that is referenced farthest in future . Replace this page with new page. ii.Lowest page fault rate among any algorithm. iii. Difficult to implement as OS requires future knowledge of reference string which is kind of impossible. (Similar to SJF scheduling) c. Least-r ecently used (LRU) i.We can use recent past as an approximation of the near future then we can replace the page that has not been used fo r the longest period. ii.Can be implemented by two ways 1. Counters a. Associate time fi eld with each page table entry. b. Replace the page with smallest time value. 2. Stack a. Keep a stack of page number. b. Whenever page is referenced, it i s removed from the stack & put on the top. c. By this, most recently used is always on the top, & least recently used is always o n the bottom. d. As entri es mi ght be removed from the middle of the stack, so Doubly linked list can be used. d.

for both preemptive and non -preemptive version) i.Solution: Ageing is the solution. ii.Gradually increase priority of process that wait so long. E.g., increase priority by 1 every 15 minutes. 5. Round r obin scheduling (RR) a. Most popular b. Like FCFS but preemptive. c. Designed for time sharing systems. d. Criteria: AT + time quantum (TQ ), Doesn’t depend on BT. e. No process is going to wait forever, hence very low starvation. [No convoy effect] f. Easy to implement. g. If TQ is small, more will be the context switch (more overhead). CodeHelp

for cultural events with over 500 attendees. Social Media Lead Event Manager, Incognito, Kernel, Fit India Clubs •Managed promotions and digital strategies across three clubs, boosting student engagement by 25%.

moved to a higher priority queue. This form of ageing prevents starvation. c.Less starvation then MLQ.d.It is flexible.e.Can be configured to match a specific system design requirement.Sample MLFQ design: CodeHelp 3.Comparison:FCFS SJF PSJF Priority P-Priority RR MLQ MLFQ Design Simple Complex Complex Complex Complex Simple Complex Complex Preemption No No Yes No Yes Yes Yes Yes Convoy effect Yes Yes No Yes Yes No Yes Yes Overhead No No Yes No Yes Yes Yes Yes CodeHelpµ⑧

Generate the study guide JSON.
IMPORTANT: Only use the CONTEXT if it strictly belongs to the SUBJECT (roadmap-week-1). If the context is about a different subject (e.g., Operating Systems), IGNORE the context entirely and use your general knowledge.

2026-06-23 19:59:32,584 - INFO - -------------------------------------------------------
2026-06-23 19:59:33,553 - INFO - [PracticeEngine] Returning cached topics hierarchy for student 3
2026-06-23 19:59:33,614 - INFO - [PracticeEngine] Returning cached topics hierarchy for student 3
2026-06-23 19:59:33,975 - INFO - --- LLM PROMPT (Subject: roadmap-week-1, Topic: Kahn’s Topological Sort) ---
2026-06-23 19:59:33,975 - INFO - SYSTEM PROMPT:
You are teaching a first-year B.Tech CSE student.
Given the topic and context, generate a concise and high-yield technical study guide using ONLY valid JSON. Keep it punchy and fast to read.

Your output must follow this strict JSON format:
{
    "notes": [
        {"type": "heading", "text": "Advanced Concept / Deep Dive"},
        {"type": "paragraph", "text": "In-depth technical explanation, covering edge cases, under-the-hood workings, and performance implications..."},
        {"type": "highlight", "variant": "constructive", "title": "Interview Pro-Tip", "text": "Crucial detail often asked in interviews..."},
        {"type": "code_block", "language": "python", "title": "Complex Implementation", "code": "def complex_algo(): pass"},
        {"type": "note", "text": "Advanced side note or historical context"}
    ],
    "revision": {
        "title": "Interview Cheat Sheet",
        "points": [
            {"id": 1, "text": "Advanced point 1"},
            {"id": 2, "text": "Advanced point 2"}
        ]
    }
}

RULES:
- `notes` array must use types: 'heading', 'paragraph', 'highlight' (variant: 'constructive' or 'destructive'), 'code_block' (include 'language', 'title', 'code'), or 'note'.
- The content MUST be technically deep but CONCISE. Limit the entire `notes` array to EXACTLY 4 highly-impactful sections. Do NOT generate long walls of text.
- NEVER generate basic, high-level, or "kidish" overviews. Assume the reader is preparing for a Senior or top-tier placement.
- Generate content ONLY within the context of the provided subject.
- `revision` should have exactly 3 hard-hitting, concise bullet points.
- Do not use markdown fencing (e.g. ```json). Just return the raw JSON object.

2026-06-23 19:59:33,975 - INFO - USER PROMPT:
SUBJECT:
roadmap-week-1

TOPIC:
Kahn’s Topological Sort

CONTEXT:
Subject / Context: roadmap-week-1
() operation. The process isrestarted by a wakeup () operation, which changes the process from thewaiting state to the ready state. The process is then placed in the readyqueue. CodeHelp Lec- 20: The Dining Philosophers problem 1. We have 5 philosophers. 2. They spend their life just being in two states: a. Thinking b. Eating 3. They sit on a circular table surrounded by 5 chairs (1 each), in the center of table is a bowl of noodles, and the table is laid with 5 single forks. 4.Thinking state: When a ph. Thinks, he doesn’t interact with others. 5.Eating state: When a ph. Gets hungry, he tries to pick up the 2 forks adjacent to him (Left and Right). He can pick one fork at a time. 6. One can’t pick up a fork if it is already taken. 7. When ph. Has both forks at the same time, he eats without releasing forks. 8. Solution can be given using semaphores. a. Each fork is a binary semaphore. b. A ph. Calls wait() operation to acquire a fork. c.Release fork by calling signal(). d.Semaphore fork[5]{1}; 9. Although the semaphore solution makes sure that no two neighbors are eating simultaneously but it could still create Deadlock . 10. Suppose that all 5 ph. Become hungry at the same time and each picks up their left fork, then All fork semaphores would be 0. 11. When each ph. Tries to grab his right fork, he will be waiting for ever (Deadlock) 12. We must use some methods to avoid Deadlock and make the solution work a. Allow at most 4 ph. To be sitting simultaneously. b. Allow a ph. To pick up his fork only if both forks are available and to do this, he must pick them up in a critical section (atomically). CodeHelp

e. Worst Fit i.Allocate the largest hole that is big enough. ii.Slow, as required to iterate whole free holes list. iii. Leaves larger holes that may accommodate other processes. CodeHelp LEC-26: Paging | Non-Contiguous Memory Allocation 1. The main disadvantage of Dynamic partitioning is External Fragmentation. a. Can be removed by C ompaction, but with overhead . b. We need more dynamic/flexible /optimal mechanism, to load processes in the partitions. 2. Idea behind Paging a. If we have only two small non-contig uous free holes in the memory, say 1K B each. b. If OS wants to allocate RAM t o a process of 2KB, in contiguous allocation , it is not possible, as w e must have contiguous memo ry space available of 2K B. (External Fragmentation) c. What if we di vide the process into 1KB -1KB blocks? 3. Paging a. Paging is a memory -management scheme that permits the physical address space of a process to be non- contiguous. b. It avoids external fragmentation and the ne ed of compaction. c. Idea i s to divide the physical memory into fixed- sized blocks called Frames , along with d ivide logical memory into blocks of same size called Pages . (# Page size = Frame size) d. Page size is usually determined by the processor architecture. Traditionally, pages in a system had uniform size, such as 4,096 bytes. However, processor designs often allow two or more, sometimes simultaneous, page sizes due to its benefits. e. Page Table i.A Data structure sto res which page is mapped to which frame . ii.The page table contains the base address of each page in the physical memory. f.

advantages of First Fit. d. Best Fit i.Allocate sm allest hole that is big enough. ii.Lesser internal fragmentation. iii. May create many small holes and cause major external fragmentation. iv. Slow, as required to iterate whole free holes list. e. Worst Fit i.Allocate the largest hole that is big enough. ii.Slow, as required to iterate whole free holes list. iii. Leaves larger holes that may accommodate other processes. CodeHelp

ii. iii. Advantages over fixed partitioning 1. No internal fragmentation 2. No limit o n size of process 3. Better degree of multi- programming iv. Limitation 1. External fragmentation CodeHelp LEC-25: Free Space Management 1. Defragmentation/Compaction a. Dynamic partitioning suffers from external fragmentation. b. Compaction to minimize the probability of external fragmentation . c. All the free partitions are made contiguous, and all the loaded partitions are brought together. d. By applying this technique, we can store the bigger processes in the memory. The free partitions are merged which can now be allocated according to the needs of new processes. This technique i s also called def ragmentation . e. The efficiency of the system is decreased in the case of compaction since all the free spaces will be transferred from several places to a single place. 2. How free space is stored/represented in OS? a. Free holes in the memory are represente d by a free list (Linked -List data structure). 3. How to satisfy a request of a of n size from a list of free holes? a. Various algorithms which are implemented by the Operating System in order to find out the holes in the linked list and allocate them to the pr ocesses. b. First Fit i.Allocate the first hole that is big enough. ii.Simple and easy to implement. iii. Fast/Less time complexity c. Next Fit i.Enhancement on First fit but starts search always from last allocated hole. ii.Same advantages of First Fit. d. Best Fit i.Allocate sm allest hole that is big enough. ii.Lesser internal fragmentation. iii. May create many small holes and cause major external fragmentation. iv.

for both preemptive and non -preemptive version) i.Solution: Ageing is the solution. ii.Gradually increase priority of process that wait so long. E.g., increase priority by 1 every 15 minutes. 5. Round r obin scheduling (RR) a. Most popular b. Like FCFS but preemptive. c. Designed for time sharing systems. d. Criteria: AT + time quantum (TQ ), Doesn’t depend on BT. e. No process is going to wait forever, hence very low starvation. [No convoy effect] f. Easy to implement. g. If TQ is small, more will be the context switch (more overhead). CodeHelp

contains t he same type of functions such as the main function can be included in one segment and the library functions can be included in the other segment. 9. .Advantages : a. No internal fragmentation. b. One segment has a contiguous allocation , hence efficient working within segment. c. The size o f segment table is gen erally less than the size of page table. d. It results in a more efficient system because the compiler keeps the same type of functions in one segment. 11. Disadvantages: a. External fragmentation. b. The d ifferent size of segment is not goo d that the time of swapping. 12. Modern System architecture provides both segmentation and paging implemented in some hybrid approach. CodeHelp

b. Allow a ph. To pick up his fork only if both forks are available and to do this, he must pick them up in a critical section (atomically). CodeHelp c. Odd-even rule. an odd ph. Picks up first his left fork and then his right fork, whereas an even ph. Picks up his right fork then his left fork. 13. Hence, only semaphores are not enough to solve this problem. We must add some enhancement rules to make deadlock free solution. CodeHelp

1. In the case of LRU and optimal page replacement algorithms, it is seen that the number of page faults will be reduced if we increase the number of frames. Ho wever, Balady found that, In FIFO page replacement algorithm, the number of page faults will get increased with the increment in number offrames. 2. This is the strange behavior shown by FIFO algorithm in some of the cases. b. Optimal page replacement i.Find if a page that is never referenced in future. If such a page exists, replace this page with new page.If no such page exists, find a page that is referenced farthest in future . Replace this page with new page. ii.Lowest page fault rate among any algorithm. iii. Difficult to implement as OS requires future knowledge of reference string which is kind of impossible. (Similar to SJF scheduling) c. Least-r ecently used (LRU) i.We can use recent past as an approximation of the near future then we can replace the page that has not been used fo r the longest period. ii.Can be implemented by two ways 1. Counters a. Associate time fi eld with each page table entry. b. Replace the page with smallest time value. 2. Stack a. Keep a stack of page number. b. Whenever page is referenced, it i s removed from the stack & put on the top. c. By this, most recently used is always on the top, & least recently used is always o n the bottom. d. As entri es mi ght be removed from the middle of the stack, so Doubly linked list can be used. d.

Generate the study guide JSON.
IMPORTANT: Only use the CONTEXT if it strictly belongs to the SUBJECT (roadmap-week-1). If the context is about a different subject (e.g., Operating Systems), IGNORE the context entirely and use your general knowledge.

2026-06-23 19:59:33,975 - INFO - -------------------------------------------------------
2026-06-23 19:59:34,834 - INFO - [PracticeEngine] Returning cached topics hierarchy for student 3
2026-06-23 19:59:34,894 - INFO - [PracticeEngine] Returning cached topics hierarchy for student 3
2026-06-23 19:59:51,501 - INFO - CACHE MISS: topic='Kahn’s Topological Sort', subject='roadmap-week-1'
2026-06-23 19:59:53,121 - INFO - CACHE MISS: topic='Day 2: Graph Algorithms & Patterns', subject='roadmap-week-1'
2026-06-23 19:59:53,203 - INFO - CACHE HIT: topic='Day 2: Graph Algorithms & Patterns', subject='roadmap-week-1'
2026-06-23 19:59:58,293 - INFO - [PracticeEngine] Returning cached topics hierarchy for student 3
2026-06-23 19:59:58,295 - INFO - CACHE HIT (Fast Return): topic='Day 2: Graph Algorithms & Patterns', subject='roadmap-week-1'
2026-06-23 19:59:58,376 - INFO - [PracticeEngine] Returning cached topics hierarchy for student 3
2026-06-23 19:59:58,377 - INFO - CACHE HIT: topic='Day 2: Graph Algorithms & Patterns', subject='roadmap-week-1'
2026-06-23 19:59:58,379 - INFO - CACHE HIT (Fast Return): topic='Day 2: Graph Algorithms & Patterns', subject='roadmap-week-1'
2026-06-23 19:59:58,433 - INFO - [PracticeEngine] Returning cached topics hierarchy for student 3
2026-06-23 19:59:58,561 - INFO - CACHE HIT: topic='Day 2: Graph Algorithms & Patterns', subject='roadmap-week-1'
2026-06-23 19:59:58,638 - INFO - [PracticeEngine] Returning cached topics hierarchy for student 3
2026-06-23 20:00:02,925 - INFO - [PracticeEngine] Returning cached topics hierarchy for student 3
2026-06-23 20:00:02,925 - INFO - [PracticeEngine] Returning cached topics hierarchy for student 3
2026-06-23 20:00:02,928 - INFO - CACHE HIT (Fast Return): topic='Day 1: Advanced Data Structures for Interviews', subject='None'
2026-06-23 20:00:02,928 - INFO - CACHE HIT (Fast Return): topic='Day 1: Advanced Data Structures for Interviews', subject='roadmap-week-1'
2026-06-23 20:00:03,032 - INFO - CACHE HIT: topic='Day 1: Advanced Data Structures for Interviews', subject='roadmap-week-1'
2026-06-23 20:00:09,527 - INFO - [PracticeEngine] Returning cached topics hierarchy for student 3
2026-06-23 20:00:09,529 - INFO - [PracticeEngine] Returning cached topics hierarchy for student 3
2026-06-23 20:02:10,854 - INFO - [PracticeEngine] Returning cached topics hierarchy for student 3
2026-06-23 20:05:52,109 - INFO - CACHE HIT (Fast Return): topic='Day 1: Advanced Data Structures for Interviews', subject='None'
2026-06-23 20:05:52,421 - INFO - CACHE HIT: topic='Day 1: Advanced Data Structures for Interviews', subject='None'
2026-06-23 20:05:52,705 - INFO - CACHE HIT (Fast Return): topic='Day 1: Advanced Data Structures for Interviews', subject='None'
2026-06-23 20:05:53,137 - INFO - CACHE HIT: topic='Day 1: Advanced Data Structures for Interviews', subject='None'
2026-06-23 20:05:53,325 - INFO - CACHE HIT (Fast Return): topic='Day 1: Advanced Data Structures for Interviews', subject='None'
2026-06-23 20:05:53,661 - INFO - CACHE HIT (Fast Return): topic='Day 1: Advanced Data Structures for Interviews', subject='None'
2026-06-23 20:05:55,815 - INFO - CACHE HIT (Fast Return): topic='Day 1: Advanced Data Structures for Interviews', subject='roadmap-week-1'
2026-06-23 20:05:56,018 - INFO - CACHE HIT: topic='Day 1: Advanced Data Structures for Interviews', subject='roadmap-week-1'
2026-06-23 20:05:57,655 - INFO - CACHE HIT (Fast Return): topic='Segment Tree with Lazy Propagation', subject='roadmap-week-1'
2026-06-23 20:05:57,987 - INFO - CACHE HIT: topic='Segment Tree with Lazy Propagation', subject='roadmap-week-1'
